COORDENADA_X;COORDENADA_Y;T0;T1;T2;T3;T4;T5;T6;T7;T8;T9;T10;T11;T12;T13;T14;T15;T16;T17;T18;T19;T20;T21;T22;T23;T24;T25;T26;T27;T28;T29;T30;T31;T32;T33;T34;T35;T36;T37;T38;T39;T40;T41;T42;T43;T44;T45;T46;T47;T48;T49;T50;T51;T52;T53;T54;T55;T56;T57;T58;T59;T60;T61;T62;T63;T64;T65;T66
93.0;73.0;0.0;31.98858732;33.22721477999999;20.39201448;32.912031719999995;23.47980036;22.18634784;19.70803506;32.379534;23.95046736;37.40674812;26.63249214;27.6499095;13.746817199999999;37.31285274;24.757858560000003;25.48600254;30.5912523;30.154338239999998;28.83976614;22.21783146;24.46006896;21.606095879999998;25.44226074;32.26385868;25.824949380000003;25.334141459999998;11.809432919999999;35.03523617999999;19.64526132;31.257595860000002;20.11896156;23.719731780000007;17.16499908;27.0420132;16.888154399999998;15.3224916;29.25312666;18.85394118;25.38823572;23.007281579999997;33.698121179999994;29.5207176;26.8410501;35.08038066;30.40317678;28.68338802;24.806556540000003;28.69392738;29.634018;32.0607069;20.6634675;20.366897400000003;24.62023032;29.67079026;17.7948741;29.62098108;26.760944400000003;34.98008226;32.58363102;56.94098789999999;44.39528213999999;31.973574659999997;83.48719188000001;38.636619780000004;30.00854976;17.82379248
44.9;48.4;31.98858732;0.0;3.27988332;18.72553482;10.330826819999999;11.158245059999999;23.70093894;18.871474740000004;13.690931939999999;8.5103595;30.67022526;20.394214379999998;11.68388652;34.913850419999996;42.78408558;18.39929172;27.623242200000004;20.12144064;13.678701900000002;12.11968446;20.53191096;31.646138699999998;15.398011799999999;35.99494325999999;23.376070559999995;18.80325372;35.79425208;30.020283299999996;29.42241198;14.421893040000004;36.7288287;11.86962576;13.6488246;19.28129124;16.678820279999997;18.619165080000002;18.31740822;16.029671100000005;19.42689858;11.0665458;23.38978002;16.38053136;27.30439656;17.717023079999997;32.13595284;26.755303559999998;17.011166039999996;17.1426009;18.583968000000002;22.537365300000005;6.628575959999999;30.21722904;22.038495480000005;18.26166348;20.73653418;20.993812440000003;32.354573220000006;22.783071600000003;3.45673602;5.392686;68.60534934;56.059643580000014;28.32570144;95.15155332;50.300981220000004;41.67291120000001;43.14690552
39.7;48.8;33.22721478000001;3.2798833200000006;0.0;19.673346540000008;7.8972126;14.1041865;21.824136300000003;18.371963880000003;11.8141293;11.456300939999998;28.63576794;23.26632012;14.629827960000002;37.235400659999996;41.79057588;15.41143212;25.704735960000004;18.08698332;16.55080764;15.065625899999999;18.655108320000004;30.652629;18.34395324;34.91600172000001;21.34161324;18.170532240000004;38.74019352;32.529417;27.38795466;17.367834480000003;35.73531900000001;14.191176;13.169841120000001;21.626510460000006;15.685310580000001;20.964384300000003;21.263349660000006;13.041811500000001;16.43903898;9.083804459999998;25.78071576;14.346074039999998;25.464069600000002;14.729163480000002;30.14264706;24.76199778;15.0745938;20.088542340000004;16.54951068;23.622424860000006;9.4452399;33.16317048;23.60364612000001;15.27380388;20.26338528;23.33903166000001;30.311242560000004;20.74861428;2.4632263199999995;2.4048264;68.57982371999998;56.034117959999996;26.33239566;95.1260277;50.27545560000001;41.64738558000001;44.86737174
51.0;78.3;20.392014480000004;18.72553482;19.673346540000008;0.0;24.74994216;19.04147184;14.02425828;3.0894733800000003;24.217444439999998;14.142732119999996;29.48156574;29.439189419999998;20.067647579999996;27.532775580000003;41.969631299999996;12.889093200000003;17.323912980000003;24.31733028;23.20468626;21.37691748;14.055741899999997;29.116847519999997;23.281238579999997;22.080801420000007;24.40357368;29.707771919999985;30.53477166;21.745944359999996;26.87314662;22.30511982;35.914374419999994;11.053584899999999;7.09314186;14.653256399999997;29.563238879999997;11.828630759999998;19.97927016;16.41892158;4.19786412;11.768815079999998;27.664060139999997;26.562954840000003;26.2670385;16.086413880000002;30.8727231;25.492073819999998;29.036920079999984;26.41578552;28.125329819999997;15.950593499999998;21.07283484;25.32024606;4.72486056;12.751464960000002;31.04742383999999;17.00835552;21.45889152;27.784863480000002;20.672050139999996;19.029762780000002;61.59776646;49.052060700000006;27.0624717;88.14397044000002;43.293398339999996;34.66532832;32.03217144
25.7;48.4;32.91203172;10.330826819999999;7.8972126;24.74994216;0.0;21.15513;14.807758439999999;22.743782400000004;6.0597426;17.612802959999996;22.928681700000002;30.08194248;21.371614620000003;40.05279282;41.1536727;16.71165096;25.920352980000008;12.379897079999997;23.36643;21.80741256;11.63873046;30.015725820000004;25.100900160000002;34.60081866000001;15.634527000000004;23.339812320000004;42.2861379;34.265961600000004;21.46862448;24.306517980000002;35.09841582;20.21383626;19.987105860000003;28.217283480000003;21.302748540000003;27.555157320000003;27.578689260000008;14.342030339999999;20.8108575;15.901069199999995;26.848101540000002;10.9598718;19.899078900000003;14.415862860000002;24.5047635;19.12411422;19.986858180000002;26.830329000000003;16.440101639999998;29.645085120000005;16.316304059999997;36.069964260000006;26.984081280000005;16.57402272;24.67946424;29.92980468;23.95724982;20.639205240000003;9.514169820000001;8.31379428;67.94292053999999;55.397214780000006;20.6945121;94.48912452000002;49.63855242000001;41.01048240000001;44.55218867999999
66.1;47.6;23.479800360000002;11.158245059999999;14.1041865;19.04147184;21.15513;0.0;29.930912280000005;21.88796682;23.570937600000008;5.92295802;38.97545556;12.657064799999999;6.2015601;29.089248180000002;34.82347212;24.900339839999997;32.94960156;29.938449360000007;9.219185520000002;7.3914167399999995;29.9623959;25.278077339999996;4.9583008799999995;33.18682518000001;33.193079280000006;22.632374460000005;25.649113859999996;20.9152209;39.2394207;3.83453904;29.0631114;8.980257780000002;19.45142658;11.937457979999998;22.63949592000001;11.27533182;9.833324880000001;24.29695326;22.99635756;18.098763299999998;15.808714559999999;26.197540080000003;31.089425040000002;25.984305239999998;36.6490881;31.97188422;23.63035596;12.43028478;27.450390300000002;24.1239792;10.6123575;20.10391536;18.713327640000003;24.762711599999996;22.85887536;12.9288423;34.749196919999996;28.32965184;14.2810392;15.481314539999998;58.50969534000001;45.96398958;33.542282099999994;85.05589932000001;40.20532722;31.5772572;34.04184311999999
16.1;75.0;22.186347840000003;23.70093894;21.824136300000003;14.024258280000002;14.807758440000002;29.930912279999994;0.0;12.01809852;14.27526072;26.03685234;19.539382019999998;26.899087979999997;31.9617678;29.327108940000002;37.57944858;11.238462960000001;15.1946691;14.375146560000001;31.49201502;31.67764008;4.11355818;26.4415017;28.05720779999999;23.875134780000003;14.461389960000002;19.765588200000003;32.32910502;23.54027772;16.9309629;26.09637324;31.524191699999996;22.94770512;15.404702939999998;21.670002120000003;19.62105516;23.3269929;21.77360352;15.94430496;10.085173620000003;15.096902279999997;23.273877419999994;16.62077112;16.324854780000003;12.385814759999999;20.93053938;15.5498901;19.094736359999995;30.84681978;18.1831461;19.342684560000002;26.842167300000003;27.114579419999995;16.2583974;11.100834720000002;21.10524012;22.768620959999996;11.210009040000001;17.84267976;22.88428194;21.23100174;63.39209982000002;50.846394060000016;17.12028798;89.93830380000001;45.0877317;36.45966168;33.8265048
49.1;79.8;19.70803506;18.871474740000004;18.371963880000003;3.0894733800000003;22.743782400000004;21.887966820000003;12.018098519999997;0.0;22.211284680000002;16.9892271;27.47540598;30.60529128;22.914142560000002;26.848796160000006;41.28565188;14.117144159999999;15.317753219999998;22.311170520000005;26.051181240000002;24.223412460000002;12.049582139999995;28.4328681;25.578895019999997;21.396822000000004;22.39741392000001;27.701612159999993;29.850792240000004;21.06196494;24.86698686;23.618060460000002;35.230395;13.900079879999998;9.38827986;17.499751380000006;27.557079120000004;14.675125739999995;19.295290740000002;17.64697254;2.0139177;12.947738099999999;26.980080719999997;24.556795080000004;24.260878740000003;16.67280078;28.866563340000006;23.485914060000006;27.03076031999999;28.779355680000002;26.119170060000002;15.654301199999997;21.750001380000004;24.63626664;7.395243300000001;13.97951592;29.04126408;19.854850500000005;19.452731760000002;25.778703720000006;20.124831359999998;17.72838012;60.91378704000002;48.36808128000001;25.05631194;87.45999102;42.60941892000001;33.98134890000001;31.348192020000006
24.9;41.3;32.379534;13.690931939999999;11.8141293;24.217444439999998;6.0597426;23.5709376;14.27526072;22.211284680000002;0.0;21.8293611;18.8516232;24.74980218;20.332405200000004;39.3408399;35.43016278;21.43164912;25.387855260000006;8.7334209;20.45860302;20.09813364;11.106232740000001;24.2922159;24.95124912;34.06832094;11.5574685;17.6163024;36.56262798000001;33.55400868000001;16.24324758;26.834585580000002;29.3749059;24.4303944;20.5394421;31.86318828;17.471769359999996;29.353456020000003;30.14056512;19.85845674;20.27835978;20.117627340000002;21.124591619999997;8.642080799999999;14.175568980000001;19.932289260000008;18.781253579999998;13.4006043;16.669264019999996;24.621782460000006;12.936054839999999;29.535870720000002;14.19637926;30.34645434;26.451583559999996;21.294020879999998;18.95595432;32.961807119999996;23.424752100000003;15.69339396;11.16071226;12.53035242;62.21941062;49.67370486;14.97100218;88.76561460000002;43.91504250000001;35.28697248000001;44.01969096
59.0;50.7;23.950467360000008;8.5103595;11.456300939999998;14.142732119999996;17.61280296;5.92295802;26.036852340000003;16.9892271;21.8293611;0.0;38.84664287999998;16.386967979999998;7.015426140000001;27.12574272;39.92328474;20.00160012;28.050861840000003;28.29785826;9.66433998;7.836571199999999;26.06833596;29.473359420000005;9.61883334;31.41249048;31.552488179999997;21.40192902;28.91879874;22.169746799999995;37.59882959999999;9.186605999999998;34.16292402;4.08151806;14.552686859999998;11.278981139999999;21.40905048;10.616854980000001;10.2088647;19.39821354;18.097617839999998;13.200023579999998;19.51158618;24.284446980000002;31.759205159999993;21.08556552;37.318868220000006;32.64166434;22.399910520000002;12.875439239999999;26.219944860000002;19.225239480000003;9.22725126;23.70427314;15.746557919999999;19.863971879999998;21.61900152;12.991502339999998;29.8504572;28.999431960000003;11.63315364;10.94655894;61.95427835999999;49.40857259999999;34.21206222000001;88.50048233999999;43.64991023999998;35.02184022;35.29636902
3.4;26.7;37.40674812;30.670225260000002;28.63576794;29.481565740000004;22.928681700000002;38.97545556;19.539382019999998;27.475405980000005;18.851623200000002;38.84664288;0.0;28.42515822;36.86646378000001;43.016195939999996;39.10551882000001;26.695770420000002;30.65197656;14.80159344;33.32174460000001;34.92620646000001;16.37035404;27.967571939999996;34.473281279999995;39.33244224000001;12.738268140000002;21.291658440000003;40.23798402;37.22936472000001;23.793641219999998;35.140916520000005;33.05026194;38.405012580000005;30.8620104;37.12730958000001;21.1471254;38.78430036;33.81592116;31.40161242;25.542481079999998;30.554209740000005;24.799947659999997;17.135697300000004;17.236492860000002;27.51914466;21.842177460000002;16.46152818;20.6208066;32.37289002;19.709216340000005;34.799992020000005;30.941159040000002;34.02181038;31.715704860000002;26.55814218;22.63131036;38.22592842;28.688873400000006;19.368750000000002;27.905492040000002;29.82109908;65.89476665999999;53.349060900000005;18.03192606;92.44097064;47.59039854000001;38.96232852000001;49.046905080000016
64.8;25.4;26.63249214;20.394214379999998;23.26632012;29.439189419999998;30.08194248;12.657064799999999;26.899087979999997;30.60529128;24.74980218;16.386967979999998;28.42515822;0.0;9.890148839999998;32.24193996;25.87973478;34.05547638;36.383258760000004;21.609662399999998;9.92824272;10.276439579999998;23.730059999999998;15.40345032;14.278736519999995;36.33951696000001;23.282268779999995;16.366522319999994;29.46372804;26.455108740000004;29.080914599999996;15.55509114;20.43114654;19.37797536;29.849144159999994;23.1619383;18.0604233;21.931984019999998;19.983162959999998;34.69467084000001;29.751197399999995;28.49648088;4.60049304;24.71653128;20.539127699999998;34.209172980000005;26.098790759999996;21.421586879999996;19.70179812;9.126155579999999;19.71233748;34.521696780000006;16.621333500000002;23.2475544;28.72483404;33.917848140000004;19.944820319999998;23.078680379999994;36.04857936;17.7793545;21.93600738;25.139975879999998;54.97001202;42.42430626;22.991984759999998;81.51621600000001;36.6656439;28.03757388;38.27264910000001
61.4;41.5;27.64990950000001;11.68388652;14.62982796;20.067647580000003;21.371614620000003;6.201560099999999;31.9617678;22.914142560000002;20.332405200000004;7.015426140000001;36.86646378000001;9.890148839999998;0.0;33.05065818;33.4264656;25.92651558;33.9757773;26.45817312;6.389732459999999;4.56196368;30.480174720000004;23.7847272;7.49533146;37.33740594000001;30.14031420000001;17.908091460000005;29.648402400000002;25.77147798;35.831029320000006;9.46520808;27.666104880000002;10.00643352;20.477602320000003;15.997413000000002;17.79274728;15.33528684;13.893279899999998;25.323129;24.0225333;19.12493904;13.041798599999998;23.164635060000002;28.98043326;27.01048098;34.54009632;29.86289244;19.166549160000002;7.3378158;22.986583500000002;25.15015494;7.911005639999999;20.51083908;21.671473380000002;25.78888734;18.623538;16.988797320000003;35.775372659999995;26.220660060000004;14.80668066;16.429648020000002;58.604262899999995;46.05855713999999;31.43329032;85.15046688;40.29989478;31.67182476;38.8981002
103.8;69.9;13.746817199999999;34.91385041999999;37.23540065999999;27.532775580000006;40.05279282;29.089248180000002;29.327108940000002;26.848796160000006;39.3408399;27.12574272;43.016195939999996;32.24193996000001;33.05065818;0.0;42.92230055999999;31.898619660000005;32.62676364;36.20070011999999;35.76378606;34.359928079999996;29.35859256;30.069516780000004;27.2155437;32.58302184000001;37.8733065;31.434397200000006;18.29299104;10.4418576;42.17599727999998;25.254709140000003;36.86704367999999;23.044224660000005;30.860492880000006;24.426798960000003;32.65146102;26.756085240000004;20.931939420000003;36.39388776;25.994702280000002;32.528996819999996;28.616729400000004;39.307569;35.13016542;33.9818112;40.68982848;36.012624599999995;34.29283584;30.416004360000002;34.3033752;36.774779099999996;35.48141675999999;16.439388960000002;27.507658500000005;31.760991420000003;35.280238080000004;25.25675706;36.76174217999999;32.37039222;38.036644559999985;36.59181689999999;62.55043571999999;50.00472995999999;37.583022480000004;89.0966397;44.246067599999996;35.61799758;17.13002598
72.3;-14.9;37.31285274;42.78408558;41.79057588;41.969631299999996;41.153672699999994;34.82347211999999;37.57944857999998;41.28565188;35.43016277999999;39.92328474;39.10551881999999;25.87973478;33.4264656;42.92230055999999;0.0;44.73583697999999;47.063619360000004;32.290023;33.464559480000005;33.101971860000006;34.41042059999999;17.113256819999997;33.01835064;47.019877560000005;33.962629379999996;27.523720080000004;40.14408864;37.13546933999999;39.76127519999999;35.04702114;9.043221599999999;38.51849573999999;45.29734860000001;38.86365467999999;28.7407839;41.19294096;33.72202578;49.10355438;40.43155799999999;46.96585254;22.254524219999997;35.39689187999999;31.2194883;45.4597914;36.77915135999999;32.10194748;30.38215872;28.6196463;30.39269808;51.21163481999998;38.62073039999999;33.92791499999999;41.94451422;44.59820873999999;31.369560959999998;38.409144420000004;46.72893996;28.4597151;41.8044969;43.90337856000001;65.80087128;53.25516551999999;33.67234536;92.34707526;47.49650316;38.86843313999999;48.953009699999996
31.5;71.8;24.757858560000003;18.39929172;15.41143212;12.889093199999998;16.71165096;24.900339839999997;11.238462960000001;14.117144159999999;21.43164912;20.00160012;26.695770420000002;34.055476379999995;25.92651558;31.89861966;44.735836980000016;0.0;17.76617982;21.53153496;27.5429847;26.33917134;11.269946580000001;33.482691599999995;29.140106579999998;26.446645500000002;21.61777836;26.92197659999999;34.90061574;26.111788439999998;24.0873513;28.16398782;38.680580099999986;16.9124529;6.38558778;20.63859216;26.777443560000002;17.81396652;24.345114239999997;6.082719600000001;12.18421926;8.888518979999999;30.43026581999999;23.77715952;23.481243180000003;4.804814820000001;28.086927779999996;22.706278500000003;26.25112475999999;31.378039379999997;25.3395345;19.707344040000002;20.43741696;29.686090139999997;16.73986878;1.23924936;28.26162852;22.99369128;16.27668804;24.99906816;17.582634719999998;14.767848359999999;65.96361054000002;53.417904780000015;24.276676379999998;92.50981452000002;47.65924242;39.0311724;36.39801552
29.1;99.5;25.486002540000012;27.623242200000004;25.704735960000004;17.323912980000003;25.920352980000004;32.94960156;15.1946691;15.317753219999998;25.387855260000006;28.05086184;30.65197656;36.383258760000004;33.9757773;32.62676364000001;47.063619360000004;17.76617982;0.0;25.4877411;36.65103726000001;35.2850472;15.22615272;34.210835579999994;31.356862499999995;25.287816060000004;25.5739845;30.878182740000003;35.62875972;26.839932420000004;28.043557440000004;29.396027940000003;41.00836247999999;24.961714620000002;18.10800516;24.969656820000008;30.733649700000004;26.626647600000005;25.073258220000007;21.66509544;13.38482832;17.800204500000003;32.7580482;27.733365660000008;27.437449320000006;19.35103626;32.04313392;26.662484640000006;30.2073309;34.55732316;29.295740640000005;11.830238099999999;29.54546952;30.414234120000003;19.558052100000005;17.62855158;32.21783466;26.068275660000005;22.629302340000006;28.955274300000006;27.87593856;25.061152200000002;66.69175452000002;54.14604876000001;28.23288252;93.23795850000003;48.387386400000004;39.75931638000001;37.1261595
22.3;27.5;30.591252300000008;20.12144064;18.086983320000005;24.31733028;12.379897079999997;29.93844936;14.375146559999996;22.311170520000005;8.733420899999999;28.297858259999998;14.80159344;21.609662399999998;26.45817312;36.20070011999999;32.290023000000005;21.53153496;25.4877411;0.0;22.672818;24.277279860000007;11.206118579999998;21.152076119999997;27.65778546;34.168206780000006;7.04991246;14.476162619999995;33.42248820000001;30.413868900000004;16.556973179999996;28.325420700000002;26.23476612;31.172356439999998;25.69777494;31.963074119999998;14.33162958;33.620064899999996;27.00042534;25.899252360000002;20.37824562;25.38997428;17.98445184;6.02020446;8.670280680000001;22.255489379999997;13.474064579999999;10.26046452;11.927346660000001;25.557394199999997;8.4918546;29.63575656;20.39237442;27.20631456;26.551469400000002;21.393906719999997;15.815814539999995;31.687543980000004;23.524637940000005;12.41466258;17.35670742;19.27231446;59.07927084000001;46.533565079999995;11.830862400000001;85.62547482000001;40.77490272000001;32.146832700000004;42.23140926000001
59.6;34.6;30.154338239999998;13.678701900000002;16.550807640000002;23.20468626;23.36643;9.219185520000002;31.492015020000004;26.051181240000002;20.45860302;9.66433998;33.32174460000001;9.92824272;6.389732459999999;35.76378606;33.464559480000005;27.5429847;36.65103726;22.672818;0.0;2.57448546;28.32298704;23.82282108;10.198390560000004;39.861363060000016;27.901408379999996;14.122736340000005;31.5897519;28.429116719999996;33.67384164;12.4828335;27.70419876;13.143472200000005;23.614641;18.810264840000002;14.007392160000002;18.14813868;16.910905319999994;28.460167679999998;26.92264422;22.26197772;13.079892480000002;19.379279940000004;26.651664240000002;27.4936605;32.2113273;27.53412342;15.38119404;7.375909680000001;19.20122838;28.287193620000004;9.905821020000001;23.795605740000003;24.80851206;27.405356459999997;15.866514180000005;20.00642274;38.912411340000006;23.315967720000003;15.220494900000006;18.424463399999997;58.64235677999999;46.09665101999999;29.1045213;85.18856075999999;40.33798866000001;31.709918639999998;41.555738940000005
59.8;39.9;28.839766140000005;12.11968446;15.065625899999997;21.37691748;21.80741256;7.39141674;31.67764008;24.223412460000002;20.098133639999997;7.836571200000001;34.92620646000001;10.276439579999998;4.56196368;34.359928079999996;33.101971860000006;26.339171340000004;35.2850472;24.27727986;2.57448546;0.0;28.508612099999997;23.182137959999995;8.37062178;38.54679096;28.16875158;15.987674400000001;29.76198312;26.961334620000002;33.8594667;10.655064719999999;27.39325242;11.315703420000002;21.786872219999996;16.98249606;15.994795860000004;16.3203699;15.083136539999996;26.6323989;25.331803199999996;20.43420894;13.42808934;20.9837418;28.520607000000002;26.28984714;34.080270060000004;29.40306618;16.985655899999998;5.785584720000001;20.80569024;26.45942484;8.34680358;21.967836960000003;22.980743280000002;26.201543100000006;16.4235111;18.178653960000002;37.084642560000006;24.92042958;14.016681539999999;16.865445959999995;58.00167365999999;45.45596789999998;30.973464059999998;84.54787764;39.697305539999995;31.069235519999996;40.087956840000004
15.6;62.0;22.21783146;20.53191096;18.655108320000004;14.055741899999997;11.63873046;29.9623959;4.11355818;12.049582139999998;11.10623274;26.06833596;16.370354040000002;23.730059999999998;30.48017472;29.358592559999995;34.41042060000001;11.269946580000001;15.22615272;11.206118579999998;28.32298704;28.508612099999997;0.0;23.27247372;28.08869141999999;23.906618400000003;11.29236198;16.59656022;32.36058863999999;23.571761339999995;13.76193492;26.12785686;28.35516372;22.97918874;15.436186559999998;21.70148574;16.452027179999998;23.35847652;21.805087139999998;15.975788579999996;10.11665724;15.1283859;20.10484944;13.45174314;13.1558268;12.09332082;17.761511400000003;12.38086212;15.925708379999996;27.6777918;15.014118119999997;19.37416818;24.773017319999997;27.14606304;16.28988102;11.13231834;17.936212140000002;22.800104580000003;13.263049559999999;14.67365178;19.71525396;18.06197376;61.19966844000001;48.653962680000014;13.95126;87.74587242;42.89530032000002;34.26723030000001;33.85798842
78.0;8.7;24.46006896;31.646138700000005;30.652629000000005;29.116847519999997;30.01572582;25.278077339999996;26.4415017;28.4328681;24.2922159;29.473359419999998;27.967571939999996;15.40345032;23.7847272;30.06951678;17.113256819999997;33.4826916;34.21083558;21.152076119999997;23.822821079999997;23.182137959999995;23.27247372;0.0;21.056600879999998;34.16709378000001;22.824682499999998;16.385773200000003;27.291304859999997;24.28268556;28.62332832;22.19423736;15.975812820000007;25.66571196;32.444564820000004;26.010870899999997;17.60283702;28.34015718;20.869242;37.9656075;27.578774219999996;34.11306876;11.77823976;24.258945;20.08154142;34.32184452;25.64120448;20.9640006;19.24421184;18.47503938;19.254751199999998;38.35885104;27.48278352;21.075131219999996;29.09173044;33.345063360000005;20.231614079999996;25.556360639999998;35.59099308;17.321768219999996;30.666550020000003;32.765431680000006;52.9480875;40.40238174;22.534398479999997;79.49429148000002;34.64371938;26.015649359999998;36.10022592
70.6;44.1;21.60609588;15.398011799999999;18.34395324;23.28123858;25.100900160000002;4.9583008799999995;28.0572078;25.57889502;24.951249119999993;9.61883334;34.47328128;14.278736519999999;7.49533146;27.2155437;33.01835064;29.140106579999998;31.356862500000002;27.65778546;10.198390560000002;8.37062178;28.088691420000004;21.056600879999998;0.0;31.3131207;29.330391839999997;22.891482540000002;22.51852092;20.063770139999995;35.129037659999995;4.28091198;28.00416288;13.220024520000004;23.691193319999996;14.862904379999998;23.61870096;14.53333572;8.7089838;28.53672;24.72480114;22.338530040000002;17.430386279999997;27.406335000000002;26.58725076;30.224071979999998;32.14691382;27.469709939999998;24.609561;13.40948982;25.76046054;28.363745940000005;11.64029118;17.255829059999996;22.817286900000003;29.002478339999996;23.8380804;11.804501220000002;35.49184103999999;23.82747756;18.520805939999995;19.72108128;55.394966339999996;42.84926058;29.04010782;81.94117032;37.09059822;28.462528199999998;33.19039236
63.3;97.9;25.44226074;35.99494326;34.916001720000004;22.08080142;34.60081866000001;33.18682518;23.87513478;21.396822000000004;34.06832094;31.412490479999995;39.332442240000006;36.33951696000001;37.337405940000004;32.58302184000001;47.019877560000005;26.4466455;25.287816060000004;34.168206780000006;39.86136306000001;38.54679096;23.9066184;34.16709378;31.3131207;0.0;34.25445017999999;35.53197420000001;35.585017920000006;26.796190619999997;36.72402312;29.35228614;40.964620679999996;28.32334326;25.40851872;24.92591502;36.74903802000001;25.31153958;25.02951642;30.941913599999996;20.54272812;27.07702266;32.7143064;36.413831339999994;36.117915;28.52983704;40.7235996;35.34295032;38.39041284000001;34.51358136;37.97620632;15.160354080000001;38.29403922;30.370492319999997;20.472848940000002;26.309017259999997;39.377815080000005;24.81667182;31.309768020000003;36.46796922000001;36.6688692;34.272417960000006;66.64801272;54.102306960000014;36.91334820000001;93.19421670000001;48.343644600000005;39.71557458000001;37.0824177
17.8;26.7;32.263858680000006;23.376070560000002;21.341613240000004;24.40357368;15.634527;33.19307928;14.461389960000002;22.39741392000001;11.5574685;31.552488179999997;12.738268139999999;23.28226878;30.1403142;37.8733065;33.96262938;21.617778360000003;25.573984500000005;7.04991246;27.901408379999996;28.16875158;11.29236198;22.8246825;29.33039184;34.25445018;0.0;16.148768999999998;35.09509458;32.08647528000001;16.643216579999997;29.998027080000004;27.907372499999997;33.32702051999999;25.78401834;32.04931752;16.00423596;33.70630829999999;28.67303172;25.985495759999996;20.464489020000006;25.476217679999998;19.657058219999996;12.1272771;12.70803558;22.34173278;17.313720179999997;11.9330709;15.477917159999997;27.23000058;14.566326899999998;29.721999959999998;23.64700434;28.87892094;26.6377128;21.48015012;17.488420919999996;33.14793636;23.610881340000002;14.225860560000001;20.611337340000002;22.52694438;60.751877220000004;48.20617145999999;13.50346878;87.29808120000001;42.44750910000001;33.81943908000001;43.90401564000001
46.1;20.1;25.824949380000003;18.80325372;18.170532240000004;29.707771920000003;23.33981232;22.63237446;19.765588200000003;27.701612160000003;17.616302400000002;21.40192902;21.291658440000003;16.36652232;17.90809146;31.434397200000006;27.52372008;26.9219766;30.878182740000007;14.47616262;14.122736340000001;15.9876744;16.59656022;16.385773200000003;22.891482540000002;35.53197420000001;16.148768999999998;0.0;28.656185280000003;25.647565980000003;21.947414820000002;23.55911778;21.468463200000002;24.611869860000002;25.539499980000002;27.375751320000003;5.6518035;29.705037600000004;22.234122420000002;30.920320020000002;25.76868726;25.428066360000003;12.74131176;16.65386322;13.40562792;27.645931020000003;18.965290980000002;14.2880871;8.90183268;18.28591578;9.55987164;34.175947619999995;12.976465560000001;22.44001164;30.456610860000005;26.78434836;4.8152776799999994;26.92124106;28.915079580000004;10.645854719999999;16.8402195;20.28333492;54.31296791999999;41.767262159999994;15.858484979999998;80.85917189999999;36.0085998;27.38052978;37.465106340000006
108.2;40.8;25.334141459999998;35.79425208;38.74019352;30.53477166;42.2861379;25.649113859999996;32.32910502;29.850792240000004;36.56262798;28.91879874;40.237984020000006;29.46372804;29.648402400000002;18.29299104;40.14408864000001;34.90061574;35.62875972;33.422488200000004;31.5897519;29.76198312;32.36058864;27.291304859999997;22.51852092;35.585017920000006;35.09509458;28.656185280000003;0.0;18.073969800000004;40.8937404;21.81457482;34.08883176;26.8078125;33.86248896;27.42879504;29.873249100000002;29.758081320000002;22.28716614;39.39588384;28.996698359999996;35.530992899999994;25.83851748;36.529357080000004;32.3519535;36.98380727999999;37.91161656;33.23441268;31.514623920000002;27.637792440000002;31.52516328;39.776775179999994;33.824870219999994;12.28673988;30.50965458;34.7629875;32.50202616;26.974284779999998;39.76373826;29.592180300000003;38.917046219999996;39.622379280000004;57.24602688;44.700321120000005;34.80481056000001;83.79223086;38.941658759999996;30.31358874;31.772013300000005
94.5;61.8;11.809432919999999;30.020283299999996;32.529417;21.745944360000006;34.265961600000004;20.9152209;23.540277720000006;21.061964940000006;33.55400868;22.169746799999995;37.22936472000001;26.455108740000007;25.77147798;10.4418576;37.13546934000001;26.111788440000005;26.839932420000007;30.4138689;28.42911672;26.96133462;23.57176134000001;24.28268556;20.063770139999995;26.796190620000004;32.08647528;25.647565980000007;18.073969800000004;0.0;36.38916606;17.080681859999995;31.08021246;18.338241;25.073661660000006;18.63996774;26.864629800000007;20.969254020000005;13.54177104;30.60705654;20.207871059999995;26.742165600000003;22.82989818;33.520737780000005;29.3433342;28.194979980000006;34.90299726000001;30.225793380000002;28.506004620000002;24.629173140000006;28.51654398;30.98794788;30.182275379999997;14.383659000000002;21.72082728000001;25.974160200000004;29.493406860000004;18.228889679999998;30.97491096;26.583561000000003;33.14307744;31.885833239999997;56.763604500000014;44.21789874;31.796191260000004;83.30980848000002;38.45923638;29.831166360000005;21.44492802
-1.2;37.4;35.035236180000005;29.42241198;27.387954660000005;26.87314662;21.46862448;39.2394207;16.9309629;24.86698686;16.24324758;37.598829599999995;23.793641219999998;29.080914599999996;35.831029320000006;42.17599728;39.7612752;24.0873513;28.043557440000004;16.55697318;33.67384164;33.8594667;13.761934920000002;28.62332832;35.12903766;36.72402312;16.64321658;21.947414820000002;40.893740400000006;36.389166059999994;0.0;35.796672900000004;33.70601832;35.79659345999999;28.25359128;34.518890459999994;21.802881779999996;36.17588123999999;34.47167754;28.455068699999998;22.93406196;27.94579062;25.45570404;19.107339600000003;18.5066814;24.81130572;23.112366;17.73171672;21.27656298;33.0286464;20.36497272;32.1915729;29.69334576;34.67756676;29.107285740000002;23.94972306;23.28706674;35.617509299999995;26.08045428;20.02450638;26.65767876;28.51747824;66.55052304000002;54.00481728000001;19.3021146;93.09672702000002;48.246154920000016;39.61808490000001;46.675393140000004
73.0;48.0;19.645261320000003;14.42189304;17.36783448;22.30511982;24.306517980000002;3.83453904;26.09637324;23.618060460000002;26.834585580000006;9.186605999999998;35.140916520000005;15.555091139999995;9.46520808;25.254709140000003;35.04702114;28.16398782;29.396027940000003;28.3254207;12.4828335;10.655064719999999;26.12785686;22.19423736;4.28091198;29.352286140000004;29.998027079999996;23.55911778;21.81457482;17.08068186;35.796672900000004;0.0;28.99176426;12.24390576;22.715074559999998;12.6532755;24.7761816;13.241270579999998;6.49935492;27.56060124;22.763966579999998;21.362411280000003;18.7067409;29.46118806;27.254886000000003;29.24795322;32.81454906;28.13734518;26.41755642;15.693932759999996;26.42809578;27.387627180000003;13.876005479999996;16.587747479999997;21.556193760000003;28.026359579999998;26.12252334;9.59487234;33.531006479999995;24.4951128;17.544687179999997;18.744962519999998;54.6751563;42.12945054000001;29.70774306;81.22136028000001;36.37078818;27.74271816;30.20730408
61.9;-6.0;31.257595860000002;36.7288287;35.735319000000004;35.91437442;35.09841582;29.0631114;31.524191699999992;35.230395;29.37490589999999;34.16292402;33.05026194;20.43114654;27.666104880000002;36.867043679999995;9.043221599999999;38.6805801;41.00836248;26.23476612;27.70419876;27.39325242;28.35516372;15.975812820000002;28.00416288;40.96462068000001;27.907372499999997;21.468463200000002;34.08883176;31.08021246;33.70601832;28.99176426;0.0;32.46323886;39.242091720000005;32.8083978;22.685527020000002;35.13768408;27.6667689;43.048297500000004;34.376301119999994;40.91059566;16.80593598;29.341635;25.16423142;39.40453452;30.723894479999995;26.0466906;24.32690184;24.2308197;24.3374412;45.156377939999985;32.56547352;27.87265812;35.88925734;38.542951859999995;25.31430408;32.353887539999995;40.67368308;22.404458220000002;35.749240019999995;37.848121680000006;59.7456144;47.19990863999999;27.61708848;86.29181838;41.44124628;32.81317626;42.897752819999994
58.0;57.0;20.11896156;11.86962576;14.191176;11.053584899999999;20.21383626;8.98025778;22.94770512;13.900079879999998;24.4303944;4.08151806;38.405012580000005;19.37797536;10.00643352;23.044224660000005;38.51849574;16.912452899999998;24.961714620000002;31.172356439999998;13.1434722;11.315703419999998;22.97918874;25.665711960000003;13.220024519999999;28.32334326;33.32702051999999;24.611869860000002;26.8078125;18.338241;35.796593460000004;12.24390576;32.46323886;0.0;11.46353964;8.995818059999998;24.618991320000003;8.3336919;9.74330868;16.30906632;15.00847062;10.11087636;22.52962512;26.885480280000003;30.726360600000003;17.9964183;36.286023660000005;31.608819780000005;25.60985136;16.354571460000003;29.27175906;16.13609226;12.437192099999997;21.32621328;12.6574107;16.774824659999997;25.098133739999994;10.708339259999995;26.76130998;27.966587400000005;14.992419899999996;13.547592239999995;58.146630900000005;45.60092514;33.179217660000006;84.69283487999999;39.84226278;31.214192760000007;31.464863220000012
43.3;70.8;23.719731780000007;13.6488246;13.169841120000003;7.09314186;19.98710586;19.45142658;15.40470294;9.388279859999999;20.5394421;14.552686859999998;30.8620104;29.849144159999994;20.477602320000003;30.860492880000002;45.29734860000001;6.38558778;18.10800516;25.697774940000002;23.614641;21.786872219999996;15.43618656;32.444564820000004;23.691193319999996;25.408518720000007;25.784018340000003;25.539499980000002;33.86248895999999;25.073661660000003;28.253591280000006;22.71507456;39.24209171999999;11.46353964;0.0;15.759354119999998;24.39851208;12.93472848;21.20684832;9.915416160000001;10.496670600000002;5.265309659999999;30.991777439999996;22.99452798;27.64748316;9.58290846;32.253167760000004;26.872518480000007;23.72304774;26.82574026;25.19796462;13.911392699999999;16.814207640000003;28.64796336;11.02344144;6.24795954;27.63235302;18.114453240000003;21.02575968;29.165308140000004;14.168544720000002;12.52625736;64.92548376;52.379778;28.44291636;91.47168774000004;46.62111563999999;37.99304562;35.359888739999995
68.4;64.2;17.164999080000005;19.28129124;21.62651046000001;14.653256399999997;28.217283480000003;11.937457979999998;21.670002120000003;17.499751380000006;31.86318828;11.278981139999999;37.127309579999995;23.1619383;15.997413000000002;24.426798960000003;38.86365468;20.63859216000001;24.969656820000004;31.96307411999999;18.810264840000002;16.98249606;21.70148574;26.010870900000008;14.862904379999998;24.92591502;32.049317519999995;27.375751320000006;27.428795040000004;18.639967740000003;34.518890459999994;12.653275500000001;32.8083978;8.99581806;15.75935412;0.0;28.592815140000006;3.05370792;11.081433779999998;21.86589552;18.337595460000003;14.347179119999998;24.558083520000004;34.20869867999999;31.07151954;21.5473968;36.631182599999995;31.953978720000006;30.234189960000005;22.02136410000001;30.24472932;21.91950492;19.848857580000008;22.21426944;12.528930779999998;20.500963920000007;31.221592200000007;6.388023119999999;29.104635360000003;28.311746340000006;22.404085380000005;20.982926700000007;58.49178984000001;45.946084080000006;33.524376600000004;85.03799382000001;40.187421719999996;31.559351700000008;28.891770480000012
44.7;22.7;27.04201320000001;16.67882028;15.685310580000001;29.563238880000004;21.302748540000007;22.63949592;19.62105516;27.557079120000004;17.471769360000003;21.40905048;21.1471254;18.0604233;17.79274728;32.65146101999999;28.740783900000007;26.777443560000002;30.73364970000001;14.33162958;14.007392160000002;15.994795859999998;16.45202718;17.602837020000003;23.61870096;36.74903802;16.00423596;5.6518035;29.87324910000001;26.86462980000001;21.80288178;24.776181600000008;22.685527020000006;24.618991320000003;24.39851208;28.592815140000006;0.0;30.922101420000008;23.451186240000006;28.43509836000001;25.62415422;24.287078460000004;14.435212740000004;13.397208360000002;13.26109488;27.50139798;18.820757940000004;14.14355406;3.8668519800000007;18.1705716;7.288870559999999;34.88166515999998;12.983587020000002;23.65707546000001;31.673674680000005;26.63981532;6.722187960000001;28.138304880000007;28.770546540000005;10.50132168;15.395044140000001;17.638754640000002;55.530031739999984;42.98432597999999;15.713951940000001;82.07623572;37.22566361999999;28.597593600000007;38.68217015999999
65.2;67.2;16.8881544;18.619165080000002;20.964384300000006;11.82863076;27.555157320000003;11.275331819999998;23.3269929;14.67512574;29.353456020000003;10.616854979999998;38.78430035999999;21.931984019999998;15.33528684;26.756085240000004;41.19294096;17.81396652;26.626647600000005;33.62006489999999;18.148138680000002;16.3203699;23.35847652;28.340157180000006;14.53333572;25.31153958;33.70630829999998;29.70503760000001;29.75808132000001;20.969254020000005;36.17588123999999;13.241270579999998;35.13768408;8.3336919;12.93472848;3.05370792;30.922101420000008;0.0;12.28950624;20.9128962;15.783516480000001;13.3941798;25.08363378;31.808541899999998;33.40080582;18.72277116;38.96046887999999;34.28326500000001;32.359390680000004;21.35923794;32.5740156;19.094879280000004;19.186731420000005;24.54355572;9.704305139999999;17.67633828;31.78782851999999;5.72589696;29.720097000000003;30.64103262000001;21.741959220000005;20.320800540000004;60.82107612;48.27537036;35.85366288000001;87.3672801;42.51670799999999;33.88863798000001;30.628521660000004
75.9;52.8;15.3224916;18.317408219999994;21.26334966;19.97927016;27.578689260000008;9.833324880000001;21.77360352;19.295290740000002;30.14056512;10.2088647;33.81592116;19.983162959999998;13.893279899999998;20.931939420000003;33.72202578;24.345114239999997;25.073258220000003;27.00042534;16.910905319999998;15.083136539999998;21.805087139999998;20.869242;8.7089838;25.029516420000004;28.673031719999997;22.234122420000002;22.28716614;13.54177104;34.47167754;6.49935492;27.6667689;9.74330868;21.20684832;11.081433779999998;23.451186240000002;12.28950624;0.0;26.052374999999998;18.441196859999998;19.85418504;19.41645462;30.107294220000004;25.92989064;26.42830578;31.4895537;26.812349819999998;25.09256106;20.12200458;25.10310042;25.87940094;18.304077299999996;17.07264054;19.95415308;24.207485999999996;26.0799633;8.02303062;29.208236760000002;23.170117440000002;21.440202359999997;20.912445239999993;53.35016094000001;40.80445518;28.3827477;79.89636492;35.045792819999996;26.417722799999996;26.668393260000002
37.0;63.9;29.25312666;16.029671099999998;13.041811500000001;16.41892158;14.342030339999999;24.29695326;15.94430496;17.64697254;19.85845674;19.39821354;31.40161242;34.69467084000001;25.323129;36.39388776;49.10355438;6.082719600000001;21.66509544;25.89925236;28.460167679999998;26.6323989;15.97578858;37.9656075;28.53672;30.9419136;25.985495759999996;30.920320020000002;39.39588384;30.60705654;28.455068699999998;27.56060124;43.0482975;16.30906632;9.915416160000001;21.86589552;28.43509836000001;20.9128962;26.052374999999998;0.0;15.71404764;12.111382800000001;34.79798322;23.4542064;27.84896058;6.3245301000000005;32.45464518;27.0739959;27.82438158;31.671266940000002;25.96269522;23.23717242;22.19502768;34.18135824;20.349221160000003;5.945091360000001;32.62934592000001;23.57841672;20.98253004;29.36678556;15.213014099999997;12.39822774;70.45887864000001;57.91317288000002;28.644393779999998;97.00508262000002;52.15451052000001;43.52644050000001;40.89328361999999
45.0;80.1;18.853941180000003;19.42689858;16.43903898;4.19786412;20.8108575;22.99635756;10.085173619999997;2.0139177;20.27835978;18.097617839999998;25.542481079999998;29.751197399999995;24.0225333;25.994702280000002;40.431558;12.18421926;13.38482832;20.37824562;26.92264422;25.331803199999996;10.11665724;27.578774219999996;24.72480114;20.542728120000007;20.464489020000006;25.76868725999999;28.99669836;20.207871059999995;22.93406196;22.763966579999998;34.376301119999994;15.00847062;10.496670600000002;18.337595460000006;25.624154219999998;15.783516479999996;18.441196859999998;15.714047639999997;0.0;13.287061499999995;26.12598684;22.62387018;22.32795384;14.739875880000001;26.93363844;21.55298916;25.09783541999999;27.925261799999998;24.18624516;16.76269194;19.817076479999997;23.782172759999998;8.50363404;12.046591020000001;27.108339179999994;19.436214300000007;17.51980686;23.84577882;18.19190646;15.795455219999997;60.059693160000016;47.51398740000001;23.123387039999997;86.60589714000001;41.755325039999995;33.12725502;30.494098140000002
40.6;64.4;25.388235720000008;11.0665458;9.08380446;11.768815079999998;15.901069199999995;18.0987633;15.096902279999997;12.947738099999999;20.117627340000002;13.200023579999998;30.554209740000005;28.49648088;19.124939039999997;32.52899682;46.96585254;8.88851898;17.800204500000003;25.389974280000004;22.26197772;20.43420894;15.1283859;34.11306875999999;22.338530040000002;27.07702266000001;25.47621768000001;25.428066360000003;35.530992899999994;26.742165600000003;27.94579062000001;21.362411280000003;40.910595659999984;10.11087636;5.26530966;14.347179119999998;24.287078460000004;13.3941798;19.85418504;12.111382800000001;13.2870615;0.0;31.648130639999998;22.572713220000004;27.339682500000002;9.79732362;31.945367100000002;26.56471782000001;23.611614120000002;25.473076980000002;25.086531000000004;18.58706592;16.400095559999997;30.316467300000003;15.699114660000003;8.750890740000001;27.5209194;16.05970032;22.531535520000002;28.857507480000002;11.25500706;8.4402207;66.59398770000001;54.04828194000001;28.135115700000004;93.14019168000003;48.28961958;39.66154956;37.02839267999999
65.2;20.1;23.007281579999997;23.389780019999996;25.78071576;27.66406014;26.848101540000002;15.808714559999999;23.273877419999994;26.980080720000004;21.124591619999997;19.51158618;24.799947659999997;4.60049304;13.041798599999998;28.616729400000004;22.254524219999997;30.43026582;32.758048200000005;17.98445184;13.079892480000002;13.428089340000001;20.10484944;11.77823976;17.430386279999997;32.714306400000005;19.657058219999996;12.74131176;25.83851748;22.82989818;25.45570404;18.7067409;16.80593598;22.52962512;30.991777439999996;24.55808352;14.435212740000004;25.08363378;19.41645462;34.79798322000001;26.12598684;31.64813064;0.0;21.091320720000002;16.91391714;31.154220239999997;22.473580199999997;17.796376320000004;16.07658756;12.27780534;16.08712692;36.90606366;19.616899139999997;19.62234384;27.638943060000003;30.292637579999997;16.31960976;24.103573259999997;32.423368800000006;14.15414394;24.450403019999996;27.89351844;51.495300119999996;38.949594360000006;19.366774199999995;78.04150410000001;33.190932000000004;24.562861979999997;34.64743854000001
29.6;31.0;33.69812118000001;16.38053136;14.34607404;26.562954840000007;10.9598718;26.197540080000003;16.620771119999997;24.556795080000015;8.642080799999999;24.284446980000002;17.1356973;24.71653128;23.164635060000002;39.307569;35.39689188;23.777159520000005;27.73336566000001;6.02020446;19.379279940000004;20.983741800000004;13.45174314;24.258945000000004;27.40633500000001;36.41383134;12.1272771;16.65386322;36.529357080000004;33.52073778000001;19.107339600000003;29.46118806;29.341635000000004;26.885480280000003;22.99452798;34.208698680000005;13.397208359999999;31.8085419;30.107294220000004;23.4542064;22.62387018;22.572713220000004;21.091320720000002;0.0;13.798190340000003;24.600533760000012;18.747982680000007;13.367333399999998;11.6858886;23.542459380000004;8.47572666;31.881381120000004;16.651465140000003;30.313183440000003;28.797093960000012;23.639531280000003;18.922683420000002;34.79441286000001;25.77026250000001;12.67483026;13.615798139999999;14.985438299999998;62.18613972000001;49.64043396;14.93773128;88.73234369999999;43.88177160000001;35.253701580000005;45.33827814000001
21.6;14.8;29.520717600000008;27.304396560000004;25.464069600000013;26.2670385;19.899078900000003;31.089425040000002;16.324854780000003;24.260878740000003;14.17556898;31.75920516;17.236492860000006;20.53912770000001;28.980433260000012;35.13016542;31.2194883;23.481243180000003;27.43744932000001;8.67028068;26.651664240000002;28.520607000000002;13.1558268;20.08154142;26.58725076000001;36.117915;12.70803558;13.40562792;32.3519535;29.343334200000008;18.506681400000005;27.25488600000001;25.164231420000004;30.726360600000003;27.64748316;31.07151954;13.26109488;33.40080582;25.929890640000004;27.848960580000004;22.327953840000003;27.339682500000002;16.913917140000002;13.798190339999998;0.0;24.2051976;8.15448834;6.88803852;12.73477608;24.4868595;10.416023039999999;31.58546478;25.50939816;26.13577986000001;28.501177620000004;23.343614940000002;14.74527984;30.61700928000001;25.474346160000007;11.23765698;24.733793700000003;26.387467080000004;58.00873614;45.46303038;8.458436399999998;84.55494012000001;39.704368020000004;31.076298000000005;41.16087456
32.2;65.5;26.8410501;17.717023079999997;14.729163480000002;16.08641388;14.41586286;25.984305239999998;12.38581476;16.67280078;19.93228926;21.08556552;27.51914466;34.209172980000005;27.01048098;33.98181119999999;45.4597914;4.80481482;19.35103626;22.255489379999997;27.4936605;26.28984714;12.09332082;34.32184451999999;30.224071979999998;28.52983704;22.341732779999997;27.64593102;36.98380728;28.194979979999996;24.81130572;29.24795322;39.404534519999984;17.9964183;9.58290846;21.5473968;27.501397979999997;18.72277116;26.42830578;6.324530099999999;14.739875880000001;9.79732362;31.154220239999997;24.60053376;24.2051976;0.0;28.8108822;23.430232919999998;26.97507918;31.328715180000003;26.06348892;22.904664720000003;20.38809276;31.769281679999988;20.016713460000005;4.66718658;28.98558294;23.902495919999996;18.359879579999998;25.72302258;16.900366079999994;14.085579719999998;68.04680208000002;55.501096320000016;25.000630799999996;94.59300606000004;49.74243396000001;41.11436394000001;38.48120706
9.5;12.5;35.08038066000001;32.13595284;30.14264706;30.8727231;24.504763500000003;36.6490881;20.93053938;28.866563340000006;18.781253579999998;37.318868220000006;21.842177460000002;26.09879076;34.54009632000001;40.68982848;36.77915136;28.086927780000003;32.04313392;13.474064579999999;32.2113273;34.080270060000004;17.761511400000003;25.64120448;32.14691382;40.7235996;17.31372018;18.96529098;37.911616560000006;34.90299726000001;23.112366;32.81454906;30.72389448;36.286023660000005;32.25316776;36.6311826;18.82075794;38.96046888;31.489553700000002;32.45464518;26.933638439999996;31.9453671;22.4735802;18.74798268;8.15448834;28.8108822;0.0;11.493723120000002;18.29443914;30.04652256;16.59811332;36.19114938;31.069061220000002;31.695442919999998;33.106862220000004;27.94929954;20.3049429;36.17667234000001;30.08003076;16.83696876;29.41237116;30.993151680000004;63.5683992;51.02269344;13.064120999999998;90.11460318;45.26403108000001;36.63596106000001;46.72053762000001
19.5;4.7;30.403176780000003;26.755303559999998;24.761997780000005;25.492073819999998;19.12411422;31.97188422;15.549890099999999;23.485914060000006;13.4006043;32.64166434;16.461528180000002;21.421586879999996;29.86289244;36.012624599999995;32.10194748;22.706278500000003;26.662484640000006;10.26046452;27.53412342;29.40306618;12.38086212;20.9640006;27.469709939999998;35.34295032;11.9330709;14.2880871;33.23441268000001;30.225793380000002;17.731716719999994;28.13734518;26.0466906;31.608819780000005;26.872518479999997;31.95397872;14.14355406;34.283265;26.812349819999998;27.0739959;21.55298916;26.564717820000002;17.796376320000004;13.367333399999998;6.88803852;23.430232919999998;11.49372312;0.0;13.617235260000001;25.369318680000003;12.705644999999999;30.8105001;26.391857339999998;27.01823904;27.726212940000003;22.568650260000002;15.62773902;31.49946846;24.69938148;12.36517866;24.031721879999996;25.612502400000007;58.89119532000001;46.34548956;4.59437004;85.43739930000001;40.58682720000001;31.95875718;42.04333374000001
40.2;24.2;28.68338802;17.01116604;15.0745938;29.03692008;19.986858180000002;23.63035596;19.09473636;27.030760320000002;16.66926402;22.399910520000002;20.6208066;19.70179812;19.166549160000002;34.292835839999995;30.38215872;26.25112476;30.207330900000002;11.927346660000001;15.381194039999999;16.9856559;15.925708379999996;19.24421184;24.609561;38.39041284000001;15.477917159999997;8.901832679999998;31.514623920000002;28.506004620000002;21.27656298;26.417556420000004;24.32690184;25.60985136;23.72304774;30.234189960000002;3.86685198;32.359390680000004;25.09256106;27.82438158;25.09783542;23.611614120000002;16.07658756;11.6858886;12.73477608;26.97507918;18.29443914;13.617235260000001;0.0;19.54437348;4.9405104;34.35534635999999;13.97444706;25.29845028;31.271059200000003;26.113496519999998;8.98713588;29.779679700000003;28.244227740000003;9.055249739999999;14.344317900000002;16.5880284;57.171406559999994;44.6257008;15.187633139999999;83.71761054;38.86703844;30.23896842;40.32354498
59.2;29.7;24.806556540000006;17.142600899999998;20.08854234;26.41578552;26.830329000000003;12.43028478;30.84681978;28.779355680000005;24.621782460000002;12.875439239999999;32.37289002000001;9.126155579999999;7.3378158;30.416004360000002;28.6196463;31.378039379999997;34.55732316000001;25.557394199999997;7.37590968;5.785584720000001;27.6777918;18.475039380000002;13.40948982;34.51358136000001;27.23000058;18.285915780000003;27.637792440000005;24.629173140000006;33.0286464;15.693932760000001;24.2308197;16.354571460000006;26.82574026;22.0213641;18.1705716;21.359237939999996;20.122004579999995;31.67126694;27.925261799999998;25.473076980000002;12.27780534;23.542459380000004;24.4868595;31.32871518;30.046522560000003;25.369318680000003;19.54437348;0.0;23.36440782;31.49829288;13.369720019999999;21.4216188;28.019611320000003;31.24041114;20.02969362;23.217522000000002;38.692301699999994;21.727086300000003;19.05554958;21.888362400000002;53.294575079999994;40.74886932;26.939716560000008;79.84077906;34.99020696;26.36213694;36.4467135
33.9;21.7;28.69392738;18.583968000000002;16.549510680000004;28.12532982;16.44010164;27.450390300000002;18.1831461;26.119170060000002;12.936054839999999;26.219944860000002;19.70921634;19.71233748;22.986583500000002;34.3033752;30.39269808;25.3395345;29.295740640000005;8.491854599999998;19.20122838;20.80569024;15.014118119999997;19.254751199999998;25.76046054;37.97620632;14.566326899999998;9.55987164;31.52516328;28.51654398;20.36497272;26.42809578;24.3374412;29.27175906;25.19796462;30.24472932;7.288870559999999;32.5740156;25.10310042;25.96269522;24.18624516;25.086531000000004;16.08712692;8.47572666;10.416023039999999;26.06348892;16.598113319999996;12.705644999999999;4.9405104;23.36440782;0.0;33.4437561;17.7944814;25.30898964;30.359468940000003;25.201906259999998;13.25740416;29.79021906;27.332637480000002;4.455225359999999;15.81923478;17.73484182;57.18194592000001;44.63624016000001;14.276042879999999;83.72814990000002;38.8775778;30.24950778;40.33408434000001
50.9;96.1;29.634018000000005;22.5373653;23.622424860000006;15.950593499999998;29.64508512;24.1239792;19.342684560000006;15.654301199999997;29.535870720000002;19.225239480000003;34.79999202;34.52169678;25.15015494;36.774779099999996;51.21163482;19.707344040000002;11.830238099999999;29.63575656;28.287193620000004;26.45942484;19.37416818;38.35885104;28.36374594;15.16035408;29.721999959999998;34.175947619999995;39.776775179999994;30.98794788;32.191572900000004;27.387627180000003;45.156377939999985;16.13609226;13.911392699999999;21.91950492;34.88166515999999;19.09487928;25.87940094;23.23717242;16.762691940000003;18.58706592;36.906063659999994;31.881381120000004;31.585464780000002;22.904664720000003;36.19114938;30.8105001;34.35534635999999;31.49829288;33.4437561;0.0;25.4487549;34.56224958;18.676601580000003;19.569715799999997;36.36585012;24.27460404;26.777317800000002;33.103289759999996;25.389695640000003;22.9788411;70.83976998000003;58.29406422000001;32.38089798;97.38597396000004;52.53540185999999;43.90733183999999;41.274174959999996
48.3;44.7;32.06070690000001;6.62857596;9.445239899999999;21.07283484;16.31630406;10.6123575;26.8421673;21.750001380000004;14.19637926;9.22725126;30.941159040000002;16.621333500000002;7.911005639999999;35.481416759999995;38.62073039999999;20.43741696;29.54546952;20.39237442;9.905821019999998;8.34680358;24.773017320000008;27.482783519999998;11.64029118;38.29403922000001;23.647004340000002;12.976465560000001;33.824870219999994;30.182275380000007;29.69334576;13.87600548;32.56547352;12.437192099999999;16.81420764;19.848857580000004;12.983587020000002;19.18673142;18.3040773;22.19502768;19.817076479999997;16.40009556;19.616899139999997;16.65146514;25.50939816;20.38809276;31.069061220000002;26.391857339999998;13.97444706;13.369720019999997;17.794481400000002;25.448754900000004;0.0;26.785905659999997;22.67666064;20.299788719999995;14.909746019999996;21.399594719999996;34.276800539999996;21.86310726;8.114927159999999;11.37433746;65.19393678;52.64823101999999;27.962255219999996;91.74014076;46.889568659999995;38.261498640000006;43.308897599999995
98.6;42.1;20.6634675;30.21722904;33.16317047999999;25.32024606;36.06996425999999;20.10391536;27.11457942;24.636266640000002;30.34645434;23.70427314;34.02181038;23.247554400000002;20.51083908;16.43938896;33.927915;29.686090139999997;30.414234120000003;27.20631456;23.79560574;21.96783696;27.14606304;21.075131220000003;17.25582906;30.37049232;28.878920939999997;22.440011640000005;12.28673988;14.383659000000002;34.67756675999999;16.58774748;27.87265812;21.326213280000008;28.64796336;22.214269439999995;23.65707546;24.54355572;17.07264054;34.18135824;23.782172759999998;30.316467300000003;19.62234384;30.313183440000003;26.13577986;31.76928168;31.695442920000005;27.01823904;25.298450280000008;21.4216188;25.30898964;34.56224958;26.785905659999997;0.0;25.29512898;29.548461899999996;26.28585252;21.75975918;34.54921265999999;23.376006660000005;33.20884998;34.407853679999995;49.717902179999996;37.17219642;28.588636920000003;76.26410615999998;31.413534060000003;22.785464039999997;29.918411220000003
60.0;77.5;20.366897400000003;22.03849548;23.603646120000008;4.724860560000001;26.984081280000005;18.713327640000003;16.2583974;7.395243300000001;26.451583560000003;15.746557919999999;31.715704860000002;28.72483404;21.671473380000002;27.507658499999998;41.94451422;16.739868780000005;19.558052100000005;26.551469400000002;24.80851206;22.980743280000002;16.28988102;29.09173044;22.817286900000003;20.472848940000002;26.6377128;30.456610860000005;30.509654580000003;21.720827279999998;29.107285740000002;21.556193760000003;35.88925734;12.6574107;11.02344144;12.52893078;31.673674680000005;9.704305139999999;19.95415308;20.349221160000003;8.50363404;15.699114660000001;27.63894306;28.79709396;28.501177620000004;20.016713460000002;33.10686221999999;27.726212940000003;31.271059199999986;28.019611320000003;30.359468940000003;18.676601580000003;22.67666064;25.29512898;0.0;16.602240540000004;33.281562959999995;13.93200924;23.693030640000003;30.019002600000004;24.602349720000003;22.960062360000006;61.572649380000016;49.02694362000001;29.29661082;88.11885336;43.268281259999995;34.640211240000006;32.007054360000005
31.9;71.8;24.62023032;18.26166348;15.27380388;12.75146496;16.57402272;24.762711599999996;11.100834720000002;13.97951592;21.294020879999998;19.863971879999998;26.55814218;33.91784814;25.78888734;31.76099142;44.59820874000002;1.23924936;17.62855158;21.393906719999997;27.405356459999997;26.201543099999995;11.13231834;33.34506336;29.002478339999993;26.30901726;21.480150119999998;26.78434835999999;34.7629875;25.974160199999993;23.94972306;28.026359579999998;38.54295185999999;16.77482466;6.24795954;20.500963919999997;26.63981532;17.67633828;24.207485999999996;5.945091360000001;12.046591020000001;8.75089074;30.292637579999987;23.63953128;23.343614940000002;4.667186579999999;27.949299539999995;22.568650260000002;26.113496519999988;31.24041114;25.201906259999998;19.569715799999997;20.299788719999995;29.548461899999992;16.602240539999997;0.0;28.124000279999997;22.85606304;16.139059800000002;24.86143992;17.445006479999996;14.63022012;65.82598230000002;53.28027654000002;24.139048139999996;92.37218628000002;47.52161418;38.893544160000005;36.26038728
51.2;17.2;29.670790260000004;20.73653418;20.26338528;31.04742384;24.679464239999998;22.85887536;21.10524012;29.04126408;18.95595432;21.61900152;22.63131036;19.944820319999998;18.623538;35.280238080000004;31.369560959999998;28.26162852;32.21783466000001;15.815814539999998;15.866514180000005;16.4235111;17.936212140000002;20.231614079999996;23.8380804;39.37781508000001;17.48842092;4.81527768;32.502026160000014;29.493406860000004;23.28706674;26.12252334;25.31430408;25.09813374;27.63235302;31.2215922;6.72218796;31.78782851999999;26.0799633;32.629345920000006;27.108339179999998;27.5209194;16.31960976;18.922683420000002;14.745279839999995;28.98558294;20.304942900000004;15.62773902;8.98713588;20.02969362;13.25740416;36.36585012;14.909746020000005;26.28585252;33.28156296;28.124000279999997;0.0;30.767081939999997;30.254731500000002;11.985506639999999;18.93307254;22.376187960000003;58.15880880000001;45.613103040000006;17.198136899999998;84.70501278;39.85444068000001;31.226370659999997;41.31094722000001
72.3;63.8;17.7948741;20.99381244;23.33903166;17.008355519999995;29.92980468;12.9288423;22.768620959999996;19.8548505;32.96180712;12.991502339999997;38.22592842;23.078680379999987;16.98879732;25.25675706;38.409144420000004;22.99369128;26.068275660000005;31.68754398;20.006422739999998;18.17865396;22.800104580000003;25.55636064;11.804501220000002;24.81667182;33.14793636;26.92124106000001;26.974284779999998;18.228889679999998;35.6175093;9.594872340000002;32.35388754;10.70833926;18.114453239999996;6.388023119999999;28.138304880000003;5.725896959999999;8.02303062;23.57841672;19.436214300000007;16.05970032;24.103573259999997;34.79441286000001;30.61700928;23.902495919999996;36.17667234000001;31.49946846;29.779679700000003;23.217522;29.79021906;24.27460404;21.399594719999996;21.75975918;13.93200924;22.85606304;30.767081939999997;0.0;30.2032542;27.85723608;24.11660658;22.695447899999998;58.03727958000001;45.49157382;33.069866340000004;84.58348355999999;39.732911460000004;31.104841440000005;29.721728580000008
21.8;91.0;29.62098108;32.35457322;30.311242560000004;21.45889152;23.95724982;34.74919691999999;11.210009040000001;19.452731760000002;23.424752100000003;29.8504572;28.688873400000006;36.04857935999999;35.77537265999999;36.76174217999999;46.728939960000005;16.27668804;22.629302340000006;23.524637940000005;38.912411340000006;37.08464256;13.263049559999999;35.59099307999999;35.49184103999998;31.309768020000003;23.610881340000002;28.915079580000004;39.76373826;30.97491096;26.080454280000005;33.531006479999995;40.673683079999996;26.76130998;21.02575968;29.104635360000003;28.770546540000005;29.720097000000003;29.208236760000002;20.98253004;17.51980686;22.531535520000002;32.4233688;25.77026250000001;25.474346160000007;18.35987958;30.080030760000003;24.69938148;28.244227740000003;38.692301699999994;27.332637480000002;26.777317800000002;34.276800539999996;34.54921265999999;23.693030640000003;16.139059800000002;30.25473150000001;30.2032542;0.0;26.992171140000004;32.03377332000001;29.667658800000005;70.82673306000002;58.281027300000005;26.26977936;97.37293704000002;52.522364939999996;43.89429491999999;41.26113803999999
33.9;14.9;26.760944400000003;22.783071600000003;20.748614280000012;27.784863480000002;20.639205240000006;28.32965184;17.84267976;25.778703720000006;15.693393959999996;28.999431960000003;19.368750000000002;17.7793545;26.220660060000004;32.37039222;28.4597151;24.99906816;28.955274300000006;12.41466258;23.315967720000003;24.920429580000004;14.67365178;17.321768219999996;23.827477560000002;36.467969220000015;14.225860560000001;10.645854719999999;29.592180300000003;26.583561000000003;20.02450638;24.4951128;22.404458220000002;27.966587400000005;29.16530814;28.311746340000003;10.50132168;30.64103262000001;23.170117440000002;29.36678556;23.84577882;28.857507480000002;14.15414394;12.67483026;11.23765698;25.723022580000002;16.83696876;12.36517866;9.055249739999999;21.727086300000003;4.455225359999999;33.103289759999996;21.86310726;23.37600666;30.019002600000004;24.86143992;11.985506639999999;27.85723608;26.992171140000004;0.0;20.01833838;21.933945420000004;55.24896294;42.703257179999994;13.935576540000001;81.79516692;36.944594820000006;28.3165248;38.401101360000006
40.7;46.8;34.98008226000001;3.45673602;2.46322632;20.672050139999996;9.51416982;14.2810392;22.88428194;20.124831359999998;11.16071226;11.63315364;27.905492039999995;21.93600738;14.80668066;38.03664456;41.8044969;17.582634719999994;27.87593856;17.356707419999996;15.2204949;14.016681540000004;19.71525396;30.66655002;18.520805939999995;36.66886920000001;20.61133734;16.8402195;38.917046219999996;33.143077440000006;26.65767876;17.54468718;35.74924002;14.992419900000002;14.168544720000002;22.40408538;15.395044140000001;21.741959220000002;21.44020236;15.2130141;18.19190646;11.25500706;24.450403019999996;13.615798139999999;24.7337937;16.900366079999998;29.41237116;24.031721879999996;14.344317900000002;19.05554958;15.81923478;25.389695640000003;8.11492716;33.208849980000004;24.602349720000007;17.445006479999993;18.933072539999998;24.116606580000003;32.03377332000001;20.01833838;0.0;4.21860612;68.59374473999999;56.04803897999999;25.602119759999997;95.13994871999999;50.28937662;41.661306599999996;46.26969965999999
39.2;51.1;32.58363102000001;5.392686;2.4048264;19.029762780000002;8.31379428;15.481314540000003;21.23100174;17.72838012;12.530352419999994;10.94655894;29.82109908;25.139975879999998;16.42964802;36.5918169;43.90337856000001;14.767848359999999;25.061152200000002;19.27231446;18.424463399999993;16.86544596;18.06197376;32.765431680000006;19.72108128;34.27241796000001;22.52694438;20.28333492;39.622379280000004;31.885833239999997;28.51747824;18.744962519999998;37.84812168000001;13.547592239999998;12.526257359999999;20.982926700000004;17.63875464;20.32080054;20.912445239999997;12.39822774;15.795455219999997;8.440220699999998;27.893518439999998;14.985438299999998;26.38746708;14.08557972;30.99315168;25.612502400000007;16.588028399999995;21.888362400000002;17.73484182;22.9788411;11.37433746;34.40785368;22.96006236000001;14.63022012;22.37618796;22.69544790000001;29.6676588;21.93394542;4.2186061200000005;0.0;70.69262639999997;58.14692064;27.18290028;97.23883037999998;52.38825828000001;43.760188260000014;44.22378798
142.0;-9.9;56.940987899999996;68.60534934;68.57982372000001;61.59776646;67.94292053999999;58.50969533999999;63.39209982;60.91378704;62.219410620000005;61.95427835999999;65.89476666;54.97001202;58.60426290000001;62.550435719999996;65.80087128;65.96361054;66.69175451999999;59.07927083999999;58.64235678;58.00167366000001;61.19966843999998;52.948087499999986;55.394966339999996;66.64801272;60.75187721999998;54.31296791999999;57.24602688;56.7636045;66.55052303999999;54.67515629999998;59.745614399999994;58.14663089999999;64.92548376;58.491789839999996;55.530031739999984;60.82107611999999;53.350160939999995;70.45887864;60.05969316000001;66.5939877;51.495300119999996;62.186139720000014;58.008736139999996;68.04680208;63.5683992;58.891195319999994;57.171406559999994;53.29457508;57.181945920000004;70.83976998000001;65.19393678;49.717902179999996;61.57264938;65.8259823;58.15880879999999;58.03727958;70.82673306000001;55.24896294;68.59374474000002;70.6926264;0.0;16.608018959999995;60.461593199999996;48.71962769999999;39.8282916;32.87408046;68.58114486000001
124.8;-1.4;44.39528214;56.05964358;56.03411796000001;49.0520607;55.397214780000006;45.96398957999999;50.84639406;48.36808128;49.67370486;49.40857259999999;53.349060900000005;42.42430626;46.058557140000005;50.00472995999999;53.25516551999999;53.41790478000001;54.14604876;46.533565079999995;46.096651019999996;45.4559679;48.65396267999999;40.40238173999999;42.84926058;54.102306960000014;48.206171459999986;41.767262159999994;44.70032112;44.21789874;54.00481728;42.129450539999986;47.19990863999999;45.60092514;52.379778;45.946084080000006;42.984325979999994;48.27537036;40.80445518;57.913172880000005;47.513987400000005;54.04828194;38.94959436;49.64043396;45.46303038;55.501096319999995;51.02269344;46.34548955999999;44.6257008;40.748869320000004;44.63624016000001;58.29406422;52.64823102;37.17219642;49.026943620000004;53.28027654000001;45.613103040000006;45.49157382;58.2810273;42.703257179999994;56.04803898000001;58.14692064;16.60801896;0.0;47.91588744;42.61723734;27.282585840000003;20.328374699999998;56.035439100000005
16.9;-11.1;31.973574659999997;28.32570144;26.332395660000003;27.0624717;20.6945121;33.5422821;17.120287979999997;25.056311940000004;14.97100218;34.21206222;18.03192606;22.991984759999998;31.43329032;37.583022480000004;33.67234536;24.276676379999998;28.23288252;11.830862400000001;29.1045213;30.973464059999998;13.951259999999998;22.534398479999997;29.04010782;36.91334820000001;13.503468779999999;15.858484979999997;34.804810560000014;31.796191260000004;19.3021146;29.70774306;27.61708848;33.179217660000006;28.442916359999998;33.524376600000004;15.713951940000001;35.85366288000001;28.3827477;28.644393779999998;23.12338704;28.1351157;19.3667742;14.937731279999998;8.4584364;25.000630799999996;13.064121;4.59437004;15.187633139999999;26.939716559999997;14.276042879999999;32.38089798;27.962255219999996;28.58863692;29.29661082;24.139048139999996;17.198136899999998;33.06986634;26.26977936;13.93557654;25.60211976;27.182900280000002;60.4615932;47.91588744;0.0;87.00779718;42.15722508000002;33.52915506;43.61373162000002
103.5;-84.1;83.48719188;95.15155332;95.12602770000002;88.14397044;94.48912452;85.05589932;89.9383038;87.45999102;88.7656146;88.50048233999999;92.44097064000002;81.516216;85.15046688;89.0966397;92.34707526;92.50981452000002;93.2379585;85.62547482000001;85.18856076;84.54787764;87.74587242;79.49429148;81.94117032;93.19421670000001;87.2980812;80.85917189999999;83.79223086;83.30980848;93.09672702;81.22136027999998;86.29181837999998;84.69283487999999;91.47168774000001;85.03799382;82.07623572;87.3672801;79.89636492;97.00508262;86.60589714000001;93.14019168000002;78.0415041;88.73234370000002;84.55494012;94.59300606000002;90.11460318;85.4373993;83.71761054;79.84077906;83.72814989999999;97.38597396000002;91.74014076;76.26410616;88.11885336;92.37218628000002;84.70501278;84.58348355999999;97.37293704000001;81.79516692;95.13994872000002;97.23883038000001;48.7196277;42.617237339999996;87.00779718000001;0.0;66.37449558;59.42028444;95.12734884000001
135.1;39.1;38.636619780000004;50.30098121999999;50.2754556;43.29339833999999;49.63855241999999;40.20532722;45.0877317;42.60941892;43.91504249999999;43.64991023999998;47.59039854;36.665643900000006;40.29989478;44.246067599999996;47.49650315999999;47.65924242;48.387386400000004;40.77490271999999;40.33798866;39.697305539999995;42.89530031999999;34.64371937999999;37.090598220000004;48.343644600000005;42.4475091;36.0085998;38.941658759999996;38.45923638;48.24615492;36.37078818;41.44124627999999;39.84226278;46.62111564;40.18742172;37.22566362;42.51670799999999;35.045792819999996;52.154510519999995;41.755325039999995;48.28961958;33.19093200000001;43.88177159999999;39.70436801999999;49.74243396;45.264031079999995;40.5868272;38.86703844;34.990206959999995;38.8775778;52.53540185999999;46.88956865999999;31.41353406;43.268281259999995;47.52161418;39.85444068;39.732911460000004;52.52236493999999;36.94459482;50.28937662;52.388258279999995;39.8282916;27.282585840000003;42.15722508;66.37449558;0.0;13.93854642;50.276776739999995
121.0;33.7;30.00854976;41.6729112;41.64738558000001;34.66532832;41.01048240000001;31.5772572;36.45966168;33.98134890000001;35.28697248;35.02184022;38.96232852000001;28.03757388;31.67182476;35.61799758;38.86843314;39.0311724;39.75931638000001;32.146832700000004;31.70991864;31.069235519999996;34.267230299999994;26.01564936;28.462528200000005;39.71557458000001;33.81943908;27.38052978000001;30.31358874;29.831166360000005;39.61808490000001;27.74271816;32.81317626;31.21419276;37.993045620000004;31.5593517;28.597593600000007;33.88863798;26.417722799999996;43.52644050000001;33.12725502;39.66154956;24.56286198;35.253701580000005;31.076298;41.114363940000004;36.63596106;31.958757180000003;30.238968420000003;26.362136940000006;30.24950778000001;43.90733184;38.261498640000006;22.785464039999997;34.64021124;38.893544160000005;31.226370660000008;31.104841439999998;43.89429491999999;28.3165248;41.661306599999996;43.76018826000001;32.87408046;20.328374699999998;33.52915506;59.42028444;13.93854642;0.0;41.64870672000001
107.3;93.1;17.82379248;43.146905520000004;44.86737174;32.03217144;44.55218867999999;34.041843119999996;33.8265048;31.348192020000006;44.01969096;35.29636902;49.04690508000001;38.2726491;38.8981002;17.13002598;48.9530097;36.39801552;37.1261595;42.23140926000001;41.555738940000005;40.087956840000004;33.85798842;36.10022592;33.19039235999999;37.0824177;43.90401564;37.46510634;31.772013300000005;21.44492802;46.675393140000004;30.20730408;42.897752819999994;31.46486322;35.35988874;28.89177048;38.68217015999999;30.628521660000004;26.668393260000002;40.893283620000005;30.49409814000001;37.028392679999996;34.64743854;45.33827814000001;41.160874559999996;38.481207059999996;46.72053762000001;42.043333739999994;40.32354498;36.4467135;40.334084340000004;41.274174959999996;43.308897599999995;29.918411220000003;32.007054360000005;36.26038728;41.31094722;29.72172858;41.26113803999999;38.40110136;46.26969965999999;44.22378798;68.58114486000001;56.03543910000001;43.61373162;95.12734884;50.27677674000001;41.64870672000001;0.0
