ID_NODO;Cantidad;Cantidad/Total
0;8;0.00022375744692753057
3;10;0.0002796968086594132
5;9;0.00025172712779347186
6;8;0.00022375744692753057
16;11;0.0003076664895253545
18;5;0.0001398484043297066
19;17;0.00047548457472100243
20;14;0.0003915755321231785
21;10;0.0002796968086594132
22;7;0.00019578776606158925
34;6;0.00016781808519564793
38;6;0.00016781808519564793
41;7;0.00019578776606158925
46;24;0.0006712723407825917
48;7;0.00019578776606158925
58;14;0.0003915755321231785
63;7;0.00019578776606158925
65;8;0.00022375744692753057
68;8;0.00022375744692753057
85;9;0.00025172712779347186
90;6;0.00016781808519564793
96;6;0.00016781808519564793
98;12;0.00033563617039129585
107;10;0.0002796968086594132
109;7;0.00019578776606158925
110;5;0.0001398484043297066
116;18;0.0005034542555869437
118;13;0.00036360585125723714
119;9;0.00025172712779347186
120;15;0.0004195452129891198
122;8;0.00022375744692753057
125;8;0.00022375744692753057
130;6;0.00016781808519564793
134;8;0.00022375744692753057
138;13;0.00036360585125723714
139;13;0.00036360585125723714
143;8;0.00022375744692753057
144;17;0.00047548457472100243
146;19;0.0005314239364528851
147;7;0.00019578776606158925
150;22;0.000615332979050709
156;14;0.0003915755321231785
159;16;0.00044751489385506113
160;5;0.0001398484043297066
161;5;0.0001398484043297066
162;6;0.00016781808519564793
165;17;0.00047548457472100243
176;13;0.00036360585125723714
179;9;0.00025172712779347186
180;6;0.00016781808519564793
181;11;0.0003076664895253545
184;12;0.00033563617039129585
191;6;0.00016781808519564793
192;7;0.00019578776606158925
196;23;0.0006433026599166503
197;13;0.00036360585125723714
199;7;0.00019578776606158925
202;11;0.0003076664895253545
204;9;0.00025172712779347186
207;8;0.00022375744692753057
208;14;0.0003915755321231785
209;16;0.00044751489385506113
210;6;0.00016781808519564793
212;7;0.00019578776606158925
213;8;0.00022375744692753057
216;12;0.00033563617039129585
217;12;0.00033563617039129585
218;19;0.0005314239364528851
222;9;0.00025172712779347186
223;10;0.0002796968086594132
229;9;0.00025172712779347186
230;10;0.0002796968086594132
234;10;0.0002796968086594132
235;21;0.0005873632981847677
238;8;0.00022375744692753057
240;7;0.00019578776606158925
241;13;0.00036360585125723714
242;8;0.00022375744692753057
247;19;0.0005314239364528851
249;8;0.00022375744692753057
250;9;0.00025172712779347186
253;11;0.0003076664895253545
255;7;0.00019578776606158925
257;16;0.00044751489385506113
258;7;0.00019578776606158925
264;13;0.00036360585125723714
267;10;0.0002796968086594132
268;12;0.00033563617039129585
269;17;0.00047548457472100243
270;10;0.0002796968086594132
271;7;0.00019578776606158925
275;9;0.00025172712779347186
276;18;0.0005034542555869437
288;20;0.0005593936173188264
294;9;0.00025172712779347186
297;22;0.000615332979050709
300;5;0.0001398484043297066
303;5;0.0001398484043297066
305;8;0.00022375744692753057
306;11;0.0003076664895253545
314;15;0.0004195452129891198
324;9;0.00025172712779347186
325;13;0.00036360585125723714
329;16;0.00044751489385506113
331;7;0.00019578776606158925
332;12;0.00033563617039129585
337;7;0.00019578776606158925
340;12;0.00033563617039129585
343;7;0.00019578776606158925
349;13;0.00036360585125723714
353;9;0.00025172712779347186
354;16;0.00044751489385506113
355;5;0.0001398484043297066
356;5;0.0001398484043297066
357;9;0.00025172712779347186
360;8;0.00022375744692753057
362;11;0.0003076664895253545
369;8;0.00022375744692753057
374;7;0.00019578776606158925
379;12;0.00033563617039129585
380;7;0.00019578776606158925
393;14;0.0003915755321231785
398;11;0.0003076664895253545
404;5;0.0001398484043297066
412;5;0.0001398484043297066
413;11;0.0003076664895253545
414;7;0.00019578776606158925
424;12;0.00033563617039129585
426;5;0.0001398484043297066
428;10;0.0002796968086594132
435;15;0.0004195452129891198
438;19;0.0005314239364528851
439;9;0.00025172712779347186
442;8;0.00022375744692753057
450;8;0.00022375744692753057
465;17;0.00047548457472100243
471;7;0.00019578776606158925
478;13;0.00036360585125723714
479;10;0.0002796968086594132
500;7;0.00019578776606158925
506;6;0.00016781808519564793
507;16;0.00044751489385506113
510;11;0.0003076664895253545
522;10;0.0002796968086594132
527;10;0.0002796968086594132
529;32;0.0008950297877101223
535;9;0.00025172712779347186
541;8;0.00022375744692753057
546;20;0.0005593936173188264
548;11;0.0003076664895253545
551;11;0.0003076664895253545
552;11;0.0003076664895253545
556;12;0.00033563617039129585
559;12;0.00033563617039129585
562;9;0.00025172712779347186
564;8;0.00022375744692753057
567;11;0.0003076664895253545
571;9;0.00025172712779347186
576;11;0.0003076664895253545
579;9;0.00025172712779347186
581;7;0.00019578776606158925
589;21;0.0005873632981847677
590;11;0.0003076664895253545
594;14;0.0003915755321231785
601;5;0.0001398484043297066
606;9;0.00025172712779347186
608;21;0.0005873632981847677
615;5;0.0001398484043297066
617;7;0.00019578776606158925
618;9;0.00025172712779347186
623;10;0.0002796968086594132
627;10;0.0002796968086594132
628;13;0.00036360585125723714
629;13;0.00036360585125723714
631;14;0.0003915755321231785
632;6;0.00016781808519564793
636;11;0.0003076664895253545
637;66;0.0018459989371521271
639;6;0.00016781808519564793
640;20;0.0005593936173188264
644;19;0.0005314239364528851
651;12;0.00033563617039129585
653;8;0.00022375744692753057
654;7;0.00019578776606158925
656;7;0.00019578776606158925
658;10;0.0002796968086594132
659;14;0.0003915755321231785
662;23;0.0006433026599166503
666;36;0.0010069085111738874
670;13;0.00036360585125723714
672;10;0.0002796968086594132
673;7;0.00019578776606158925
677;9;0.00025172712779347186
681;6;0.00016781808519564793
682;7;0.00019578776606158925
686;12;0.00033563617039129585
687;9;0.00025172712779347186
688;17;0.00047548457472100243
693;16;0.00044751489385506113
695;15;0.0004195452129891198
710;6;0.00016781808519564793
714;10;0.0002796968086594132
715;14;0.0003915755321231785
719;7;0.00019578776606158925
721;14;0.0003915755321231785
722;10;0.0002796968086594132
724;12;0.00033563617039129585
725;7;0.00019578776606158925
727;7;0.00019578776606158925
728;9;0.00025172712779347186
730;19;0.0005314239364528851
739;12;0.00033563617039129585
748;12;0.00033563617039129585
749;8;0.00022375744692753057
757;8;0.00022375744692753057
761;12;0.00033563617039129585
786;5;0.0001398484043297066
789;7;0.00019578776606158925
806;33;0.0009229994685760636
813;14;0.0003915755321231785
815;15;0.0004195452129891198
817;9;0.00025172712779347186
818;15;0.0004195452129891198
823;13;0.00036360585125723714
836;39;0.0010908175537717114
844;12;0.00033563617039129585
845;9;0.00025172712779347186
848;10;0.0002796968086594132
849;13;0.00036360585125723714
860;19;0.0005314239364528851
869;5;0.0001398484043297066
877;12;0.00033563617039129585
896;8;0.00022375744692753057
908;25;0.000699242021648533
922;6;0.00016781808519564793
927;7;0.00019578776606158925
931;11;0.0003076664895253545
932;73;0.0020417867032137163
939;10;0.0002796968086594132
945;31;0.0008670601068441809
947;13;0.00036360585125723714
951;33;0.0009229994685760636
963;8;0.00022375744692753057
1016;149;0.004167482449025256
1046;14;0.0003915755321231785
1050;7;0.00019578776606158925
1111;48;0.0013425446815651834
1125;8;0.00022375744692753057
1132;7;0.00019578776606158925
1149;7;0.00019578776606158925
1195;9;0.00025172712779347186
1200;90;0.002517271277934719
1201;10;0.0002796968086594132
1208;16;0.00044751489385506113
1239;10;0.0002796968086594132
1246;26;0.0007272117025144743
1247;8;0.00022375744692753057
1314;13;0.00036360585125723714
1325;14;0.0003915755321231785
1367;6;0.00016781808519564793
1378;9;0.00025172712779347186
1383;6;0.00016781808519564793
1386;24;0.0006712723407825917
1428;9;0.00025172712779347186
1429;38;0.0010628478729057702
1448;6;0.00016781808519564793
1470;12;0.00033563617039129585
1476;52;0.0014544234050289486
1478;16;0.00044751489385506113
1507;8;0.00022375744692753057
1520;9;0.00025172712779347186
1539;14;0.0003915755321231785
1549;14;0.0003915755321231785
1562;7;0.00019578776606158925
1575;15;0.0004195452129891198
1582;8;0.00022375744692753057
1609;20;0.0005593936173188264
1610;7;0.00019578776606158925
1613;63;0.0017620898945543031
1678;12;0.00033563617039129585
1684;23;0.0006433026599166503
1688;9;0.00025172712779347186
1702;12;0.00033563617039129585
1718;13;0.00036360585125723714
1776;7;0.00019578776606158925
1822;12;0.00033563617039129585
1859;21;0.0005873632981847677
1866;38;0.0010628478729057702
1875;12;0.00033563617039129585
1883;6;0.00016781808519564793
1946;15;0.0004195452129891198
1959;11;0.0003076664895253545
1999;9;0.00025172712779347186
2001;7;0.00019578776606158925
2004;10;0.0002796968086594132
2013;13;0.00036360585125723714
2059;12;0.00033563617039129585
2086;10;0.0002796968086594132
2092;9;0.00025172712779347186
2100;35;0.0009789388303079463
2101;21;0.0005873632981847677
2102;13;0.00036360585125723714
2103;9;0.00025172712779347186
2104;7;0.00019578776606158925
2105;10;0.0002796968086594132
2106;29;0.0008111207451122983
2107;14;0.0003915755321231785
2108;8;0.00022375744692753057
2109;6;0.00016781808519564793
2110;6;0.00016781808519564793
2111;12;0.00033563617039129585
2112;13;0.00036360585125723714
2113;6;0.00016781808519564793
2114;12;0.00033563617039129585
2115;7;0.00019578776606158925
2116;5;0.0001398484043297066
2117;18;0.0005034542555869437
2118;8;0.00022375744692753057
2119;10;0.0002796968086594132
2120;7;0.00019578776606158925
2121;9;0.00025172712779347186
2122;11;0.0003076664895253545
2123;14;0.0003915755321231785
2124;5;0.0001398484043297066
2125;8;0.00022375744692753057
2126;7;0.00019578776606158925
2127;5;0.0001398484043297066
2128;6;0.00016781808519564793
2129;7;0.00019578776606158925
2130;5;0.0001398484043297066
2131;5;0.0001398484043297066
2132;5;0.0001398484043297066
2133;5;0.0001398484043297066
2134;5;0.0001398484043297066
2135;5;0.0001398484043297066
2136;8;0.00022375744692753057
2137;13;0.00036360585125723714
2138;11;0.0003076664895253545
2139;11;0.0003076664895253545
2140;10;0.0002796968086594132
2141;8;0.00022375744692753057
2142;12;0.00033563617039129585
2143;8;0.00022375744692753057
2144;6;0.00016781808519564793
2145;8;0.00022375744692753057
2146;21;0.0005873632981847677
2147;6;0.00016781808519564793
2148;18;0.0005034542555869437
2149;21;0.0005873632981847677
2150;21;0.0005873632981847677
2151;25;0.000699242021648533
2152;24;0.0006712723407825917
2153;11;0.0003076664895253545
2154;6;0.00016781808519564793
2155;5;0.0001398484043297066
2156;6;0.00016781808519564793
2157;5;0.0001398484043297066
2158;6;0.00016781808519564793
2159;7;0.00019578776606158925
2160;6;0.00016781808519564793
2161;7;0.00019578776606158925
2162;25;0.000699242021648533
2163;88;0.002461331916202836
2164;89;0.0024893015970687774
2165;8;0.00022375744692753057
2166;6;0.00016781808519564793
2167;5;0.0001398484043297066
2168;8;0.00022375744692753057
2169;6;0.00016781808519564793
2170;6;0.00016781808519564793
2171;12;0.00033563617039129585
2172;32;0.0008950297877101223
2173;9;0.00025172712779347186
2174;8;0.00022375744692753057
2175;18;0.0005034542555869437
2176;8;0.00022375744692753057
2177;9;0.00025172712779347186
2178;6;0.00016781808519564793
2179;6;0.00016781808519564793
2180;14;0.0003915755321231785
2181;7;0.00019578776606158925
2182;11;0.0003076664895253545
2183;6;0.00016781808519564793
2184;11;0.0003076664895253545
2185;13;0.00036360585125723714
2186;5;0.0001398484043297066
2187;6;0.00016781808519564793
2188;6;0.00016781808519564793
2189;11;0.0003076664895253545
2190;14;0.0003915755321231785
2191;21;0.0005873632981847677
2192;8;0.00022375744692753057
2193;16;0.00044751489385506113
2194;10;0.0002796968086594132
2195;10;0.0002796968086594132
2196;14;0.0003915755321231785
2197;6;0.00016781808519564793
2198;7;0.00019578776606158925
2199;6;0.00016781808519564793
2200;14;0.0003915755321231785
2201;10;0.0002796968086594132
2202;10;0.0002796968086594132
2203;10;0.0002796968086594132
2204;10;0.0002796968086594132
2205;6;0.00016781808519564793
2206;5;0.0001398484043297066
2207;24;0.0006712723407825917
2208;6;0.00016781808519564793
2209;8;0.00022375744692753057
2210;20;0.0005593936173188264
2211;10;0.0002796968086594132
2212;7;0.00019578776606158925
2213;11;0.0003076664895253545
2214;11;0.0003076664895253545
2215;21;0.0005873632981847677
2216;10;0.0002796968086594132
2217;16;0.00044751489385506113
2218;8;0.00022375744692753057
2219;11;0.0003076664895253545
2220;9;0.00025172712779347186
2221;6;0.00016781808519564793
2222;12;0.00033563617039129585
2223;8;0.00022375744692753057
2224;5;0.0001398484043297066
2225;17;0.00047548457472100243
2226;27;0.0007551813833804156
2227;17;0.00047548457472100243
2228;5;0.0001398484043297066
2229;12;0.00033563617039129585
2230;8;0.00022375744692753057
2231;9;0.00025172712779347186
2232;5;0.0001398484043297066
2233;22;0.000615332979050709
2234;5;0.0001398484043297066
2235;11;0.0003076664895253545
2236;7;0.00019578776606158925
2237;8;0.00022375744692753057
2238;7;0.00019578776606158925
2239;5;0.0001398484043297066
2240;10;0.0002796968086594132
2241;15;0.0004195452129891198
2242;6;0.00016781808519564793
2243;5;0.0001398484043297066
2244;12;0.00033563617039129585
2245;9;0.00025172712779347186
2246;9;0.00025172712779347186
2247;11;0.0003076664895253545
2248;17;0.00047548457472100243
2249;8;0.00022375744692753057
2250;15;0.0004195452129891198
2251;7;0.00019578776606158925
2252;7;0.00019578776606158925
2253;5;0.0001398484043297066
2254;5;0.0001398484043297066
2255;14;0.0003915755321231785
2256;8;0.00022375744692753057
2257;5;0.0001398484043297066
2258;7;0.00019578776606158925
2259;6;0.00016781808519564793
2260;5;0.0001398484043297066
2261;8;0.00022375744692753057
2262;5;0.0001398484043297066
2263;6;0.00016781808519564793
2264;19;0.0005314239364528851
2265;18;0.0005034542555869437
2266;9;0.00025172712779347186
2267;10;0.0002796968086594132
2268;19;0.0005314239364528851
2269;7;0.00019578776606158925
2270;6;0.00016781808519564793
2271;9;0.00025172712779347186
2272;11;0.0003076664895253545
2273;11;0.0003076664895253545
2274;9;0.00025172712779347186
2275;6;0.00016781808519564793
2276;8;0.00022375744692753057
2277;14;0.0003915755321231785
2278;6;0.00016781808519564793
2279;7;0.00019578776606158925
2280;7;0.00019578776606158925
2281;6;0.00016781808519564793
2282;12;0.00033563617039129585
2283;11;0.0003076664895253545
2284;43;0.0012026962772354768
2285;8;0.00022375744692753057
2286;7;0.00019578776606158925
2287;8;0.00022375744692753057
2288;11;0.0003076664895253545
2289;15;0.0004195452129891198
2290;6;0.00016781808519564793
2291;19;0.0005314239364528851
2292;9;0.00025172712779347186
2293;13;0.00036360585125723714
2294;64;0.0017900595754202445
2295;5;0.0001398484043297066
2296;6;0.00016781808519564793
2297;15;0.0004195452129891198
2298;9;0.00025172712779347186
2299;8;0.00022375744692753057
2300;8;0.00022375744692753057
2301;20;0.0005593936173188264
2302;7;0.00019578776606158925
2303;5;0.0001398484043297066
2304;6;0.00016781808519564793
2305;15;0.0004195452129891198
2306;6;0.00016781808519564793
2307;9;0.00025172712779347186
2308;8;0.00022375744692753057
2309;9;0.00025172712779347186
2310;14;0.0003915755321231785
2311;6;0.00016781808519564793
2312;8;0.00022375744692753057
2313;16;0.00044751489385506113
2314;14;0.0003915755321231785
2315;6;0.00016781808519564793
2316;5;0.0001398484043297066
2317;12;0.00033563617039129585
2318;15;0.0004195452129891198
2319;14;0.0003915755321231785
2320;6;0.00016781808519564793
2321;8;0.00022375744692753057
2322;17;0.00047548457472100243
2323;8;0.00022375744692753057
2324;9;0.00025172712779347186
2325;13;0.00036360585125723714
2326;16;0.00044751489385506113
2327;9;0.00025172712779347186
2328;12;0.00033563617039129585
2329;9;0.00025172712779347186
2330;5;0.0001398484043297066
2331;7;0.00019578776606158925
2332;19;0.0005314239364528851
2333;14;0.0003915755321231785
2334;7;0.00019578776606158925
2335;14;0.0003915755321231785
2336;33;0.0009229994685760636
2337;16;0.00044751489385506113
2338;12;0.00033563617039129585
2339;5;0.0001398484043297066
2340;6;0.00016781808519564793
2341;8;0.00022375744692753057
2342;15;0.0004195452129891198
2343;10;0.0002796968086594132
2344;15;0.0004195452129891198
2345;7;0.00019578776606158925
2346;14;0.0003915755321231785
2347;7;0.00019578776606158925
2348;6;0.00016781808519564793
2349;5;0.0001398484043297066
2350;9;0.00025172712779347186
2351;7;0.00019578776606158925
2352;6;0.00016781808519564793
2353;5;0.0001398484043297066
2354;10;0.0002796968086594132
2355;18;0.0005034542555869437
2356;9;0.00025172712779347186
2357;22;0.000615332979050709
2358;7;0.00019578776606158925
2359;10;0.0002796968086594132
2360;9;0.00025172712779347186
2361;15;0.0004195452129891198
2362;5;0.0001398484043297066
2363;5;0.0001398484043297066
2364;6;0.00016781808519564793
2365;17;0.00047548457472100243
2366;16;0.00044751489385506113
2367;11;0.0003076664895253545
2368;10;0.0002796968086594132
2369;7;0.00019578776606158925
2370;6;0.00016781808519564793
2371;8;0.00022375744692753057
2372;21;0.0005873632981847677
2373;10;0.0002796968086594132
2374;9;0.00025172712779347186
2375;13;0.00036360585125723714
2376;7;0.00019578776606158925
2377;12;0.00033563617039129585
2378;9;0.00025172712779347186
2379;8;0.00022375744692753057
2380;16;0.00044751489385506113
2381;13;0.00036360585125723714
2382;10;0.0002796968086594132
2383;9;0.00025172712779347186
2384;7;0.00019578776606158925
2385;6;0.00016781808519564793
2386;10;0.0002796968086594132
2387;8;0.00022375744692753057
2388;12;0.00033563617039129585
2389;10;0.0002796968086594132
2390;5;0.0001398484043297066
2391;13;0.00036360585125723714
2392;24;0.0006712723407825917
2393;10;0.0002796968086594132
2394;9;0.00025172712779347186
2395;14;0.0003915755321231785
2396;6;0.00016781808519564793
2397;13;0.00036360585125723714
2398;7;0.00019578776606158925
2399;10;0.0002796968086594132
2400;14;0.0003915755321231785
2401;6;0.00016781808519564793
2402;6;0.00016781808519564793
2403;10;0.0002796968086594132
2404;15;0.0004195452129891198
2405;11;0.0003076664895253545
2406;9;0.00025172712779347186
2407;57;0.0015942718093586552
2408;9;0.00025172712779347186
2409;11;0.0003076664895253545
2410;7;0.00019578776606158925
2411;9;0.00025172712779347186
2412;8;0.00022375744692753057
2413;15;0.0004195452129891198
2414;7;0.00019578776606158925
2415;8;0.00022375744692753057
2416;9;0.00025172712779347186
2417;9;0.00025172712779347186
2418;9;0.00025172712779347186
2419;7;0.00019578776606158925
2420;8;0.00022375744692753057
2421;8;0.00022375744692753057
2422;12;0.00033563617039129585
2423;8;0.00022375744692753057
2424;8;0.00022375744692753057
2425;12;0.00033563617039129585
2426;6;0.00016781808519564793
2427;7;0.00019578776606158925
2428;16;0.00044751489385506113
2429;5;0.0001398484043297066
2430;10;0.0002796968086594132
2431;8;0.00022375744692753057
2432;28;0.000783151064246357
2433;210;0.005873632981847677
2434;6;0.00016781808519564793
2435;34;0.0009509691494420049
2436;13;0.00036360585125723714
2437;6;0.00016781808519564793
2438;8;0.00022375744692753057
2439;6;0.00016781808519564793
2440;6;0.00016781808519564793
2441;10;0.0002796968086594132
2442;14;0.0003915755321231785
2443;19;0.0005314239364528851
2444;12;0.00033563617039129585
2445;13;0.00036360585125723714
2446;9;0.00025172712779347186
2447;17;0.00047548457472100243
2448;6;0.00016781808519564793
2449;16;0.00044751489385506113
2450;20;0.0005593936173188264
2451;19;0.0005314239364528851
2452;25;0.000699242021648533
2453;8;0.00022375744692753057
2454;16;0.00044751489385506113
2455;11;0.0003076664895253545
2456;9;0.00025172712779347186
2457;9;0.00025172712779347186
2458;5;0.0001398484043297066
2459;8;0.00022375744692753057
2460;11;0.0003076664895253545
2461;17;0.00047548457472100243
2462;13;0.00036360585125723714
2463;9;0.00025172712779347186
2464;11;0.0003076664895253545
2465;15;0.0004195452129891198
2466;6;0.00016781808519564793
2467;10;0.0002796968086594132
2468;14;0.0003915755321231785
2469;27;0.0007551813833804156
2470;15;0.0004195452129891198
2471;5;0.0001398484043297066
2472;8;0.00022375744692753057
2473;13;0.00036360585125723714
2474;19;0.0005314239364528851
2475;12;0.00033563617039129585
2476;23;0.0006433026599166503
2477;9;0.00025172712779347186
2478;6;0.00016781808519564793
2479;25;0.000699242021648533
2480;37;0.0010348781920398288
2481;7;0.00019578776606158925
2482;9;0.00025172712779347186
2483;6;0.00016781808519564793
2484;7;0.00019578776606158925
2485;7;0.00019578776606158925
2486;16;0.00044751489385506113
2487;6;0.00016781808519564793
2488;14;0.0003915755321231785
2489;23;0.0006433026599166503
2490;7;0.00019578776606158925
2491;6;0.00016781808519564793
2492;9;0.00025172712779347186
2493;10;0.0002796968086594132
2494;9;0.00025172712779347186
2495;12;0.00033563617039129585
2496;6;0.00016781808519564793
2497;6;0.00016781808519564793
2498;21;0.0005873632981847677
2499;6;0.00016781808519564793
2500;9;0.00025172712779347186
2501;6;0.00016781808519564793
2502;17;0.00047548457472100243
2503;11;0.0003076664895253545
2504;11;0.0003076664895253545
2505;11;0.0003076664895253545
2506;16;0.00044751489385506113
2507;9;0.00025172712779347186
2508;5;0.0001398484043297066
2509;7;0.00019578776606158925
2510;11;0.0003076664895253545
2511;7;0.00019578776606158925
2512;10;0.0002796968086594132
2513;8;0.00022375744692753057
2514;5;0.0001398484043297066
2515;6;0.00016781808519564793
2516;39;0.0010908175537717114
2517;19;0.0005314239364528851
2518;10;0.0002796968086594132
2519;7;0.00019578776606158925
2520;13;0.00036360585125723714
2521;10;0.0002796968086594132
2522;6;0.00016781808519564793
2523;9;0.00025172712779347186
2524;6;0.00016781808519564793
2525;8;0.00022375744692753057
2526;13;0.00036360585125723714
2527;11;0.0003076664895253545
2528;10;0.0002796968086594132
2529;9;0.00025172712779347186
2530;14;0.0003915755321231785
2531;14;0.0003915755321231785
2532;41;0.001146756915503594
2533;18;0.0005034542555869437
2534;29;0.0008111207451122983
2535;19;0.0005314239364528851
2536;20;0.0005593936173188264
2537;7;0.00019578776606158925
2538;5;0.0001398484043297066
2539;8;0.00022375744692753057
2540;10;0.0002796968086594132
2541;7;0.00019578776606158925
2542;18;0.0005034542555869437
2543;15;0.0004195452129891198
2544;14;0.0003915755321231785
2545;7;0.00019578776606158925
2546;8;0.00022375744692753057
2547;13;0.00036360585125723714
2548;7;0.00019578776606158925
2549;7;0.00019578776606158925
2550;5;0.0001398484043297066
2551;13;0.00036360585125723714
2552;10;0.0002796968086594132
2553;50;0.001398484043297066
2554;7;0.00019578776606158925
2555;12;0.00033563617039129585
2556;5;0.0001398484043297066
2557;11;0.0003076664895253545
2558;7;0.00019578776606158925
2559;8;0.00022375744692753057
2560;7;0.00019578776606158925
2561;8;0.00022375744692753057
2562;9;0.00025172712779347186
2563;7;0.00019578776606158925
2564;9;0.00025172712779347186
2565;13;0.00036360585125723714
2566;7;0.00019578776606158925
2567;23;0.0006433026599166503
2568;7;0.00019578776606158925
2569;11;0.0003076664895253545
2570;14;0.0003915755321231785
2571;11;0.0003076664895253545
2572;12;0.00033563617039129585
2573;13;0.00036360585125723714
2574;15;0.0004195452129891198
2575;10;0.0002796968086594132
2576;7;0.00019578776606158925
2577;14;0.0003915755321231785
2578;14;0.0003915755321231785
2579;8;0.00022375744692753057
2580;10;0.0002796968086594132
2581;7;0.00019578776606158925
2582;8;0.00022375744692753057
2583;24;0.0006712723407825917
2584;6;0.00016781808519564793
2585;13;0.00036360585125723714
2586;11;0.0003076664895253545
2587;10;0.0002796968086594132
2588;11;0.0003076664895253545
2589;11;0.0003076664895253545
2590;5;0.0001398484043297066
2591;8;0.00022375744692753057
2592;10;0.0002796968086594132
2593;7;0.00019578776606158925
2594;7;0.00019578776606158925
2595;12;0.00033563617039129585
2596;22;0.000615332979050709
2597;10;0.0002796968086594132
2598;20;0.0005593936173188264
2599;13;0.00036360585125723714
2600;28;0.000783151064246357
2601;5;0.0001398484043297066
2602;6;0.00016781808519564793
2603;11;0.0003076664895253545
2604;5;0.0001398484043297066
2605;5;0.0001398484043297066
2606;10;0.0002796968086594132
2607;6;0.00016781808519564793
2608;32;0.0008950297877101223
2609;11;0.0003076664895253545
2610;30;0.0008390904259782396
2611;11;0.0003076664895253545
2612;31;0.0008670601068441809
2613;13;0.00036360585125723714
2614;6;0.00016781808519564793
2615;11;0.0003076664895253545
2616;15;0.0004195452129891198
2617;6;0.00016781808519564793
2618;23;0.0006433026599166503
2619;6;0.00016781808519564793
2620;56;0.001566302128492714
2621;6;0.00016781808519564793
2622;17;0.00047548457472100243
2623;9;0.00025172712779347186
2624;7;0.00019578776606158925
2625;5;0.0001398484043297066
2626;14;0.0003915755321231785
2627;7;0.00019578776606158925
2628;9;0.00025172712779347186
2629;10;0.0002796968086594132
2630;22;0.000615332979050709
2631;6;0.00016781808519564793
2632;13;0.00036360585125723714
2633;13;0.00036360585125723714
2634;6;0.00016781808519564793
2635;12;0.00033563617039129585
2636;10;0.0002796968086594132
2637;5;0.0001398484043297066
2638;7;0.00019578776606158925
2639;7;0.00019578776606158925
2640;9;0.00025172712779347186
2641;5;0.0001398484043297066
2642;18;0.0005034542555869437
2643;14;0.0003915755321231785
2644;10;0.0002796968086594132
2645;14;0.0003915755321231785
2646;13;0.00036360585125723714
2647;8;0.00022375744692753057
2648;11;0.0003076664895253545
2649;21;0.0005873632981847677
2650;6;0.00016781808519564793
2651;14;0.0003915755321231785
2652;6;0.00016781808519564793
2653;12;0.00033563617039129585
2654;6;0.00016781808519564793
2655;6;0.00016781808519564793
2656;7;0.00019578776606158925
2657;35;0.0009789388303079463
2658;11;0.0003076664895253545
2659;6;0.00016781808519564793
2660;6;0.00016781808519564793
2661;6;0.00016781808519564793
2662;11;0.0003076664895253545
2663;10;0.0002796968086594132
2664;6;0.00016781808519564793
2665;26;0.0007272117025144743
2666;10;0.0002796968086594132
2667;7;0.00019578776606158925
2668;9;0.00025172712779347186
2669;19;0.0005314239364528851
2670;15;0.0004195452129891198
2671;54;0.0015103627667608312
2672;13;0.00036360585125723714
2673;10;0.0002796968086594132
2674;6;0.00016781808519564793
2675;15;0.0004195452129891198
2676;14;0.0003915755321231785
2677;7;0.00019578776606158925
2678;7;0.00019578776606158925
2679;8;0.00022375744692753057
2680;13;0.00036360585125723714
2681;14;0.0003915755321231785
2682;14;0.0003915755321231785
2683;31;0.0008670601068441809
2684;7;0.00019578776606158925
2685;5;0.0001398484043297066
2686;10;0.0002796968086594132
2687;6;0.00016781808519564793
2688;7;0.00019578776606158925
2689;10;0.0002796968086594132
2690;35;0.0009789388303079463
2691;6;0.00016781808519564793
2692;8;0.00022375744692753057
2693;8;0.00022375744692753057
2694;6;0.00016781808519564793
2695;5;0.0001398484043297066
2696;12;0.00033563617039129585
2697;14;0.0003915755321231785
2698;16;0.00044751489385506113
2699;26;0.0007272117025144743
2700;11;0.0003076664895253545
2701;27;0.0007551813833804156
2702;7;0.00019578776606158925
2703;21;0.0005873632981847677
2704;6;0.00016781808519564793
2705;16;0.00044751489385506113
2706;5;0.0001398484043297066
2707;6;0.00016781808519564793
2708;6;0.00016781808519564793
2709;6;0.00016781808519564793
2710;8;0.00022375744692753057
2711;22;0.000615332979050709
2712;11;0.0003076664895253545
2713;9;0.00025172712779347186
2714;5;0.0001398484043297066
2715;17;0.00047548457472100243
2716;5;0.0001398484043297066
2717;16;0.00044751489385506113
2718;12;0.00033563617039129585
2719;8;0.00022375744692753057
2720;20;0.0005593936173188264
2721;18;0.0005034542555869437
2722;6;0.00016781808519564793
2723;26;0.0007272117025144743
2724;5;0.0001398484043297066
2725;15;0.0004195452129891198
2726;10;0.0002796968086594132
2727;5;0.0001398484043297066
2728;20;0.0005593936173188264
2729;10;0.0002796968086594132
2730;7;0.00019578776606158925
2731;14;0.0003915755321231785
2732;15;0.0004195452129891198
2733;9;0.00025172712779347186
2734;10;0.0002796968086594132
2735;5;0.0001398484043297066
2736;12;0.00033563617039129585
2737;7;0.00019578776606158925
2738;6;0.00016781808519564793
2739;8;0.00022375744692753057
2740;13;0.00036360585125723714
2741;16;0.00044751489385506113
2742;6;0.00016781808519564793
2743;20;0.0005593936173188264
2744;33;0.0009229994685760636
2745;13;0.00036360585125723714
2746;8;0.00022375744692753057
2747;13;0.00036360585125723714
2748;5;0.0001398484043297066
2749;10;0.0002796968086594132
2750;5;0.0001398484043297066
2751;10;0.0002796968086594132
2752;10;0.0002796968086594132
2753;11;0.0003076664895253545
2754;8;0.00022375744692753057
2755;8;0.00022375744692753057
2756;8;0.00022375744692753057
2757;14;0.0003915755321231785
2758;7;0.00019578776606158925
2759;14;0.0003915755321231785
2760;7;0.00019578776606158925
2761;5;0.0001398484043297066
2762;15;0.0004195452129891198
2763;7;0.00019578776606158925
2764;12;0.00033563617039129585
2765;14;0.0003915755321231785
2766;12;0.00033563617039129585
2767;6;0.00016781808519564793
2768;17;0.00047548457472100243
2769;34;0.0009509691494420049
2770;9;0.00025172712779347186
2771;5;0.0001398484043297066
2772;7;0.00019578776606158925
2773;6;0.00016781808519564793
2774;9;0.00025172712779347186
2775;9;0.00025172712779347186
2776;7;0.00019578776606158925
2777;12;0.00033563617039129585
2778;11;0.0003076664895253545
2779;5;0.0001398484043297066
2780;7;0.00019578776606158925
2781;7;0.00019578776606158925
2782;13;0.00036360585125723714
2783;6;0.00016781808519564793
2784;6;0.00016781808519564793
2785;7;0.00019578776606158925
2786;7;0.00019578776606158925
2787;9;0.00025172712779347186
2788;15;0.0004195452129891198
2789;9;0.00025172712779347186
2790;6;0.00016781808519564793
2791;7;0.00019578776606158925
2792;7;0.00019578776606158925
2793;6;0.00016781808519564793
2794;14;0.0003915755321231785
2795;5;0.0001398484043297066
2796;6;0.00016781808519564793
2797;14;0.0003915755321231785
2798;16;0.00044751489385506113
2799;5;0.0001398484043297066
2800;52;0.0014544234050289486
2801;10;0.0002796968086594132
2802;18;0.0005034542555869437
2803;11;0.0003076664895253545
2804;8;0.00022375744692753057
2805;19;0.0005314239364528851
2806;14;0.0003915755321231785
2807;12;0.00033563617039129585
2808;6;0.00016781808519564793
2809;16;0.00044751489385506113
2810;5;0.0001398484043297066
2811;6;0.00016781808519564793
2812;8;0.00022375744692753057
2813;5;0.0001398484043297066
2814;5;0.0001398484043297066
2815;5;0.0001398484043297066
2816;15;0.0004195452129891198
2817;7;0.00019578776606158925
2818;5;0.0001398484043297066
2819;6;0.00016781808519564793
2820;9;0.00025172712779347186
2821;19;0.0005314239364528851
2822;18;0.0005034542555869437
2823;11;0.0003076664895253545
2824;44;0.001230665958101418
2825;10;0.0002796968086594132
2826;9;0.00025172712779347186
2827;17;0.00047548457472100243
2828;10;0.0002796968086594132
2829;10;0.0002796968086594132
2830;24;0.0006712723407825917
2831;12;0.00033563617039129585
2832;11;0.0003076664895253545
2833;7;0.00019578776606158925
2834;7;0.00019578776606158925
2835;13;0.00036360585125723714
2836;16;0.00044751489385506113
2837;13;0.00036360585125723714
2838;12;0.00033563617039129585
2839;106;0.00296478617178978
2840;8;0.00022375744692753057
2841;13;0.00036360585125723714
2842;10;0.0002796968086594132
2843;11;0.0003076664895253545
2844;9;0.00025172712779347186
2845;14;0.0003915755321231785
2846;24;0.0006712723407825917
2847;11;0.0003076664895253545
2848;5;0.0001398484043297066
2849;5;0.0001398484043297066
2850;6;0.00016781808519564793
2851;7;0.00019578776606158925
2852;12;0.00033563617039129585
2853;8;0.00022375744692753057
2854;11;0.0003076664895253545
2855;26;0.0007272117025144743
2856;6;0.00016781808519564793
2857;10;0.0002796968086594132
2858;16;0.00044751489385506113
2859;17;0.00047548457472100243
2860;11;0.0003076664895253545
2861;10;0.0002796968086594132
2862;7;0.00019578776606158925
2863;14;0.0003915755321231785
2864;10;0.0002796968086594132
2865;10;0.0002796968086594132
2866;8;0.00022375744692753057
2867;5;0.0001398484043297066
2868;13;0.00036360585125723714
2869;6;0.00016781808519564793
2870;7;0.00019578776606158925
2871;7;0.00019578776606158925
2872;94;0.002629150001398484
2873;5;0.0001398484043297066
2874;12;0.00033563617039129585
2875;9;0.00025172712779347186
2876;13;0.00036360585125723714
2877;14;0.0003915755321231785
2878;9;0.00025172712779347186
2879;14;0.0003915755321231785
2880;16;0.00044751489385506113
2881;7;0.00019578776606158925
2882;6;0.00016781808519564793
2883;13;0.00036360585125723714
2884;20;0.0005593936173188264
2885;5;0.0001398484043297066
2886;22;0.000615332979050709
2887;16;0.00044751489385506113
2888;10;0.0002796968086594132
2889;8;0.00022375744692753057
2890;9;0.00025172712779347186
2891;11;0.0003076664895253545
2892;12;0.00033563617039129585
2893;5;0.0001398484043297066
2894;7;0.00019578776606158925
2895;13;0.00036360585125723714
2896;12;0.00033563617039129585
2897;9;0.00025172712779347186
2898;6;0.00016781808519564793
2899;10;0.0002796968086594132
2900;10;0.0002796968086594132
2901;9;0.00025172712779347186
2902;13;0.00036360585125723714
2903;50;0.001398484043297066
2904;7;0.00019578776606158925
2905;11;0.0003076664895253545
2906;18;0.0005034542555869437
2907;17;0.00047548457472100243
2908;11;0.0003076664895253545
2909;6;0.00016781808519564793
2910;6;0.00016781808519564793
2911;11;0.0003076664895253545
2912;13;0.00036360585125723714
2913;14;0.0003915755321231785
2914;10;0.0002796968086594132
2915;8;0.00022375744692753057
2916;7;0.00019578776606158925
2917;9;0.00025172712779347186
2918;14;0.0003915755321231785
2919;10;0.0002796968086594132
2920;9;0.00025172712779347186
2921;9;0.00025172712779347186
2922;13;0.00036360585125723714
2923;13;0.00036360585125723714
2924;5;0.0001398484043297066
2925;7;0.00019578776606158925
2926;5;0.0001398484043297066
2927;6;0.00016781808519564793
2928;7;0.00019578776606158925
2929;8;0.00022375744692753057
2930;6;0.00016781808519564793
2931;15;0.0004195452129891198
2932;17;0.00047548457472100243
2933;8;0.00022375744692753057
2934;5;0.0001398484043297066
2935;5;0.0001398484043297066
2936;10;0.0002796968086594132
2937;5;0.0001398484043297066
2938;6;0.00016781808519564793
2939;8;0.00022375744692753057
2940;12;0.00033563617039129585
2941;7;0.00019578776606158925
2942;29;0.0008111207451122983
2943;5;0.0001398484043297066
2944;19;0.0005314239364528851
2945;8;0.00022375744692753057
2946;17;0.00047548457472100243
2947;8;0.00022375744692753057
2948;8;0.00022375744692753057
2949;11;0.0003076664895253545
2950;18;0.0005034542555869437
2951;15;0.0004195452129891198
2952;6;0.00016781808519564793
2953;7;0.00019578776606158925
2954;11;0.0003076664895253545
2955;29;0.0008111207451122983
2956;14;0.0003915755321231785
2957;7;0.00019578776606158925
2958;8;0.00022375744692753057
2959;12;0.00033563617039129585
2960;10;0.0002796968086594132
2961;13;0.00036360585125723714
2962;7;0.00019578776606158925
2963;16;0.00044751489385506113
2964;8;0.00022375744692753057
2965;12;0.00033563617039129585
2966;8;0.00022375744692753057
2967;11;0.0003076664895253545
2968;8;0.00022375744692753057
2969;9;0.00025172712779347186
2970;13;0.00036360585125723714
2971;15;0.0004195452129891198
2972;34;0.0009509691494420049
2973;13;0.00036360585125723714
2974;12;0.00033563617039129585
2975;8;0.00022375744692753057
2976;17;0.00047548457472100243
2977;19;0.0005314239364528851
2978;6;0.00016781808519564793
2979;6;0.00016781808519564793
2980;7;0.00019578776606158925
2981;21;0.0005873632981847677
2982;7;0.00019578776606158925
2983;8;0.00022375744692753057
2984;34;0.0009509691494420049
2985;5;0.0001398484043297066
2986;19;0.0005314239364528851
2987;6;0.00016781808519564793
2988;8;0.00022375744692753057
2989;11;0.0003076664895253545
2990;8;0.00022375744692753057
2991;8;0.00022375744692753057
2992;5;0.0001398484043297066
2993;50;0.001398484043297066
2994;8;0.00022375744692753057
2995;14;0.0003915755321231785
2996;7;0.00019578776606158925
2997;12;0.00033563617039129585
2998;9;0.00025172712779347186
2999;6;0.00016781808519564793
3000;6;0.00016781808519564793
3001;5;0.0001398484043297066
3002;10;0.0002796968086594132
3003;10;0.0002796968086594132
3004;13;0.00036360585125723714
3005;7;0.00019578776606158925
3006;11;0.0003076664895253545
3007;10;0.0002796968086594132
3008;10;0.0002796968086594132
3009;10;0.0002796968086594132
3010;7;0.00019578776606158925
3011;30;0.0008390904259782396
3012;26;0.0007272117025144743
3013;9;0.00025172712779347186
3014;6;0.00016781808519564793
3015;5;0.0001398484043297066
3016;6;0.00016781808519564793
3017;9;0.00025172712779347186
3018;6;0.00016781808519564793
3019;9;0.00025172712779347186
3020;6;0.00016781808519564793
3021;9;0.00025172712779347186
3022;7;0.00019578776606158925
3023;6;0.00016781808519564793
3024;26;0.0007272117025144743
3025;7;0.00019578776606158925
3026;12;0.00033563617039129585
3027;7;0.00019578776606158925
3028;30;0.0008390904259782396
3029;5;0.0001398484043297066
3030;12;0.00033563617039129585
3031;18;0.0005034542555869437
3032;46;0.0012866053198333006
3033;17;0.00047548457472100243
3034;12;0.00033563617039129585
3035;9;0.00025172712779347186
3036;5;0.0001398484043297066
3037;6;0.00016781808519564793
3038;6;0.00016781808519564793
3039;133;0.0037199675551701956
3040;12;0.00033563617039129585
3041;5;0.0001398484043297066
3042;10;0.0002796968086594132
3043;8;0.00022375744692753057
3044;11;0.0003076664895253545
3045;8;0.00022375744692753057
3046;8;0.00022375744692753057
3047;22;0.000615332979050709
3048;12;0.00033563617039129585
3049;6;0.00016781808519564793
3050;8;0.00022375744692753057
3051;19;0.0005314239364528851
3052;58;0.0016222414902245966
3053;6;0.00016781808519564793
3054;11;0.0003076664895253545
3055;28;0.000783151064246357
3056;6;0.00016781808519564793
3057;11;0.0003076664895253545
3058;5;0.0001398484043297066
3059;10;0.0002796968086594132
3060;15;0.0004195452129891198
3061;11;0.0003076664895253545
3062;5;0.0001398484043297066
3063;49;0.0013705143624311246
3064;11;0.0003076664895253545
3065;8;0.00022375744692753057
3066;13;0.00036360585125723714
3067;10;0.0002796968086594132
3068;8;0.00022375744692753057
3069;13;0.00036360585125723714
3070;13;0.00036360585125723714
3071;11;0.0003076664895253545
3072;42;0.0011747265963695354
3073;11;0.0003076664895253545
3074;10;0.0002796968086594132
3075;9;0.00025172712779347186
3076;8;0.00022375744692753057
3077;15;0.0004195452129891198
3078;13;0.00036360585125723714
3079;12;0.00033563617039129585
3080;13;0.00036360585125723714
3081;13;0.00036360585125723714
3082;8;0.00022375744692753057
3083;11;0.0003076664895253545
3084;5;0.0001398484043297066
3085;6;0.00016781808519564793
3086;9;0.00025172712779347186
3087;7;0.00019578776606158925
3088;19;0.0005314239364528851
3089;5;0.0001398484043297066
3090;12;0.00033563617039129585
3091;7;0.00019578776606158925
3092;9;0.00025172712779347186
3093;11;0.0003076664895253545
3094;13;0.00036360585125723714
3095;11;0.0003076664895253545
3096;20;0.0005593936173188264
3097;11;0.0003076664895253545
3098;11;0.0003076664895253545
3099;11;0.0003076664895253545
3100;12;0.00033563617039129585
3101;14;0.0003915755321231785
3102;16;0.00044751489385506113
3103;10;0.0002796968086594132
3104;6;0.00016781808519564793
3105;8;0.00022375744692753057
3106;19;0.0005314239364528851
3107;9;0.00025172712779347186
3108;13;0.00036360585125723714
3109;8;0.00022375744692753057
3110;14;0.0003915755321231785
3111;13;0.00036360585125723714
3112;7;0.00019578776606158925
3113;26;0.0007272117025144743
3114;6;0.00016781808519564793
3115;8;0.00022375744692753057
3116;15;0.0004195452129891198
3117;5;0.0001398484043297066
3118;12;0.00033563617039129585
3119;7;0.00019578776606158925
3120;14;0.0003915755321231785
3121;5;0.0001398484043297066
3122;9;0.00025172712779347186
3123;18;0.0005034542555869437
3124;12;0.00033563617039129585
3125;24;0.0006712723407825917
3126;12;0.00033563617039129585
3127;23;0.0006433026599166503
3128;12;0.00033563617039129585
3129;12;0.00033563617039129585
3130;6;0.00016781808519564793
3131;18;0.0005034542555869437
3132;15;0.0004195452129891198
3133;10;0.0002796968086594132
3134;11;0.0003076664895253545
3135;45;0.0012586356389673594
3136;7;0.00019578776606158925
3137;19;0.0005314239364528851
3138;29;0.0008111207451122983
3139;10;0.0002796968086594132
3140;18;0.0005034542555869437
3141;21;0.0005873632981847677
3142;9;0.00025172712779347186
3143;11;0.0003076664895253545
3144;7;0.00019578776606158925
3145;8;0.00022375744692753057
3146;14;0.0003915755321231785
3147;14;0.0003915755321231785
3148;22;0.000615332979050709
3149;26;0.0007272117025144743
3150;16;0.00044751489385506113
3151;8;0.00022375744692753057
3152;15;0.0004195452129891198
3153;93;0.0026011803205325426
3154;9;0.00025172712779347186
3155;12;0.00033563617039129585
3156;9;0.00025172712779347186
3157;6;0.00016781808519564793
3158;5;0.0001398484043297066
3159;19;0.0005314239364528851
3160;11;0.0003076664895253545
3161;7;0.00019578776606158925
3162;6;0.00016781808519564793
3163;11;0.0003076664895253545
3164;65;0.0018180292562861857
3165;9;0.00025172712779347186
3166;5;0.0001398484043297066
3167;23;0.0006433026599166503
3168;12;0.00033563617039129585
3169;14;0.0003915755321231785
3170;10;0.0002796968086594132
3171;15;0.0004195452129891198
3172;7;0.00019578776606158925
3173;15;0.0004195452129891198
3174;6;0.00016781808519564793
3175;21;0.0005873632981847677
3176;14;0.0003915755321231785
3177;22;0.000615332979050709
3178;16;0.00044751489385506113
3179;12;0.00033563617039129585
3180;5;0.0001398484043297066
3181;5;0.0001398484043297066
3182;9;0.00025172712779347186
3183;55;0.0015383324476267726
3184;6;0.00016781808519564793
3185;13;0.00036360585125723714
3186;7;0.00019578776606158925
3187;33;0.0009229994685760636
3188;12;0.00033563617039129585
3189;6;0.00016781808519564793
3190;18;0.0005034542555869437
3191;17;0.00047548457472100243
3192;5;0.0001398484043297066
3193;6;0.00016781808519564793
3194;8;0.00022375744692753057
3195;17;0.00047548457472100243
3196;28;0.000783151064246357
3197;11;0.0003076664895253545
3198;16;0.00044751489385506113
3199;31;0.0008670601068441809
3200;8;0.00022375744692753057
3201;20;0.0005593936173188264
3202;13;0.00036360585125723714
3203;8;0.00022375744692753057
3204;8;0.00022375744692753057
3205;11;0.0003076664895253545
3206;7;0.00019578776606158925
3207;10;0.0002796968086594132
3208;21;0.0005873632981847677
3209;5;0.0001398484043297066
3210;9;0.00025172712779347186
3211;5;0.0001398484043297066
3212;8;0.00022375744692753057
3213;22;0.000615332979050709
3214;8;0.00022375744692753057
3215;5;0.0001398484043297066
3216;12;0.00033563617039129585
3217;8;0.00022375744692753057
3218;12;0.00033563617039129585
3219;7;0.00019578776606158925
3220;6;0.00016781808519564793
3221;5;0.0001398484043297066
3222;5;0.0001398484043297066
3223;8;0.00022375744692753057
3224;11;0.0003076664895253545
3225;6;0.00016781808519564793
3226;16;0.00044751489385506113
3227;11;0.0003076664895253545
3228;7;0.00019578776606158925
3229;59;0.001650211171090538
3230;14;0.0003915755321231785
3231;6;0.00016781808519564793
3232;12;0.00033563617039129585
3233;8;0.00022375744692753057
3234;9;0.00025172712779347186
3235;25;0.000699242021648533
3236;27;0.0007551813833804156
3237;10;0.0002796968086594132
3238;18;0.0005034542555869437
3239;8;0.00022375744692753057
3240;6;0.00016781808519564793
3241;10;0.0002796968086594132
3242;21;0.0005873632981847677
3243;13;0.00036360585125723714
3244;9;0.00025172712779347186
3245;44;0.001230665958101418
3246;7;0.00019578776606158925
3247;9;0.00025172712779347186
3248;6;0.00016781808519564793
3249;5;0.0001398484043297066
3250;21;0.0005873632981847677
3251;11;0.0003076664895253545
3252;8;0.00022375744692753057
3253;7;0.00019578776606158925
3254;9;0.00025172712779347186
3255;7;0.00019578776606158925
3256;22;0.000615332979050709
3257;10;0.0002796968086594132
3258;8;0.00022375744692753057
3259;12;0.00033563617039129585
3260;23;0.0006433026599166503
3261;9;0.00025172712779347186
3262;16;0.00044751489385506113
3263;16;0.00044751489385506113
3264;18;0.0005034542555869437
3265;11;0.0003076664895253545
3266;15;0.0004195452129891198
3267;7;0.00019578776606158925
3268;15;0.0004195452129891198
3269;10;0.0002796968086594132
3270;15;0.0004195452129891198
3271;23;0.0006433026599166503
3272;7;0.00019578776606158925
3273;12;0.00033563617039129585
3274;6;0.00016781808519564793
3275;5;0.0001398484043297066
3276;5;0.0001398484043297066
3277;6;0.00016781808519564793
3278;15;0.0004195452129891198
3279;13;0.00036360585125723714
3280;11;0.0003076664895253545
3281;16;0.00044751489385506113
3282;12;0.00033563617039129585
3283;14;0.0003915755321231785
3284;10;0.0002796968086594132
3285;10;0.0002796968086594132
3286;12;0.00033563617039129585
3287;17;0.00047548457472100243
3288;19;0.0005314239364528851
3289;12;0.00033563617039129585
3290;7;0.00019578776606158925
3291;6;0.00016781808519564793
3292;5;0.0001398484043297066
3293;7;0.00019578776606158925
3294;14;0.0003915755321231785
3295;14;0.0003915755321231785
3296;11;0.0003076664895253545
3297;45;0.0012586356389673594
3298;11;0.0003076664895253545
3299;56;0.001566302128492714
3300;10;0.0002796968086594132
3301;17;0.00047548457472100243
3302;13;0.00036360585125723714
3303;5;0.0001398484043297066
3304;10;0.0002796968086594132
3305;130;0.0036360585125723714
3306;9;0.00025172712779347186
3307;10;0.0002796968086594132
3308;13;0.00036360585125723714
3309;9;0.00025172712779347186
3310;11;0.0003076664895253545
3311;5;0.0001398484043297066
3312;11;0.0003076664895253545
3313;13;0.00036360585125723714
3314;7;0.00019578776606158925
3315;6;0.00016781808519564793
3316;10;0.0002796968086594132
3317;6;0.00016781808519564793
3318;8;0.00022375744692753057
3319;7;0.00019578776606158925
3320;6;0.00016781808519564793
3321;12;0.00033563617039129585
3322;5;0.0001398484043297066
3323;11;0.0003076664895253545
3324;14;0.0003915755321231785
3325;5;0.0001398484043297066
3326;11;0.0003076664895253545
3327;13;0.00036360585125723714
3328;10;0.0002796968086594132
3329;6;0.00016781808519564793
3330;7;0.00019578776606158925
3331;24;0.0006712723407825917
3332;7;0.00019578776606158925
3333;11;0.0003076664895253545
3334;14;0.0003915755321231785
3335;13;0.00036360585125723714
3336;7;0.00019578776606158925
3337;11;0.0003076664895253545
3338;9;0.00025172712779347186
3339;5;0.0001398484043297066
3340;7;0.00019578776606158925
3341;12;0.00033563617039129585
3342;6;0.00016781808519564793
3343;12;0.00033563617039129585
3344;10;0.0002796968086594132
3345;7;0.00019578776606158925
3346;6;0.00016781808519564793
3347;6;0.00016781808519564793
3348;25;0.000699242021648533
3349;8;0.00022375744692753057
3350;20;0.0005593936173188264
3351;6;0.00016781808519564793
3352;11;0.0003076664895253545
3353;14;0.0003915755321231785
3354;9;0.00025172712779347186
3355;19;0.0005314239364528851
3356;13;0.00036360585125723714
3357;12;0.00033563617039129585
3358;11;0.0003076664895253545
3359;35;0.0009789388303079463
3360;11;0.0003076664895253545
3361;13;0.00036360585125723714
3362;8;0.00022375744692753057
3363;15;0.0004195452129891198
3364;8;0.00022375744692753057
3365;8;0.00022375744692753057
3366;8;0.00022375744692753057
3367;5;0.0001398484043297066
3368;9;0.00025172712779347186
3369;13;0.00036360585125723714
3370;6;0.00016781808519564793
3371;8;0.00022375744692753057
3372;6;0.00016781808519564793
3373;7;0.00019578776606158925
3374;5;0.0001398484043297066
3375;12;0.00033563617039129585
3376;9;0.00025172712779347186
3377;9;0.00025172712779347186
3378;15;0.0004195452129891198
3379;5;0.0001398484043297066
3380;5;0.0001398484043297066
3381;9;0.00025172712779347186
3382;9;0.00025172712779347186
3383;11;0.0003076664895253545
3384;7;0.00019578776606158925
3385;9;0.00025172712779347186
3386;5;0.0001398484043297066
3387;25;0.000699242021648533
3388;10;0.0002796968086594132
3389;15;0.0004195452129891198
3390;11;0.0003076664895253545
3391;22;0.000615332979050709
3392;25;0.000699242021648533
3393;17;0.00047548457472100243
3394;11;0.0003076664895253545
3395;14;0.0003915755321231785
3396;8;0.00022375744692753057
3397;8;0.00022375744692753057
3398;10;0.0002796968086594132
3399;9;0.00025172712779347186
3400;11;0.0003076664895253545
3401;10;0.0002796968086594132
3402;6;0.00016781808519564793
3403;6;0.00016781808519564793
3404;16;0.00044751489385506113
3405;9;0.00025172712779347186
3406;12;0.00033563617039129585
3407;21;0.0005873632981847677
3408;23;0.0006433026599166503
3409;8;0.00022375744692753057
3410;15;0.0004195452129891198
3411;18;0.0005034542555869437
3412;7;0.00019578776606158925
3413;13;0.00036360585125723714
3414;6;0.00016781808519564793
3415;10;0.0002796968086594132
3416;8;0.00022375744692753057
3417;5;0.0001398484043297066
3418;5;0.0001398484043297066
3419;14;0.0003915755321231785
3420;26;0.0007272117025144743
3421;36;0.0010069085111738874
3422;8;0.00022375744692753057
3423;16;0.00044751489385506113
3424;7;0.00019578776606158925
3425;12;0.00033563617039129585
3426;7;0.00019578776606158925
3427;6;0.00016781808519564793
3428;24;0.0006712723407825917
3429;7;0.00019578776606158925
3430;41;0.001146756915503594
3431;39;0.0010908175537717114
3432;11;0.0003076664895253545
3433;16;0.00044751489385506113
3434;6;0.00016781808519564793
3435;17;0.00047548457472100243
3436;7;0.00019578776606158925
3437;42;0.0011747265963695354
3438;8;0.00022375744692753057
3439;6;0.00016781808519564793
3440;9;0.00025172712779347186
3441;6;0.00016781808519564793
3442;9;0.00025172712779347186
3443;8;0.00022375744692753057
3444;5;0.0001398484043297066
3445;29;0.0008111207451122983
3446;5;0.0001398484043297066
3447;10;0.0002796968086594132
3448;7;0.00019578776606158925
3449;10;0.0002796968086594132
3450;16;0.00044751489385506113
3451;8;0.00022375744692753057
3452;5;0.0001398484043297066
3453;5;0.0001398484043297066
3454;9;0.00025172712779347186
3455;10;0.0002796968086594132
3456;8;0.00022375744692753057
3457;7;0.00019578776606158925
3458;24;0.0006712723407825917
3459;10;0.0002796968086594132
3460;15;0.0004195452129891198
3461;13;0.00036360585125723714
3462;12;0.00033563617039129585
3463;9;0.00025172712779347186
3464;36;0.0010069085111738874
3465;14;0.0003915755321231785
3466;20;0.0005593936173188264
3467;18;0.0005034542555869437
3468;8;0.00022375744692753057
3469;11;0.0003076664895253545
3470;13;0.00036360585125723714
3471;62;0.0017341202136883617
3472;5;0.0001398484043297066
3473;13;0.00036360585125723714
3474;12;0.00033563617039129585
3475;40;0.0011187872346376528
3476;13;0.00036360585125723714
3477;9;0.00025172712779347186
3478;8;0.00022375744692753057
3479;7;0.00019578776606158925
3480;24;0.0006712723407825917
3481;8;0.00022375744692753057
3482;7;0.00019578776606158925
3483;27;0.0007551813833804156
3484;8;0.00022375744692753057
3485;10;0.0002796968086594132
3486;8;0.00022375744692753057
3487;20;0.0005593936173188264
3488;9;0.00025172712779347186
3489;9;0.00025172712779347186
3490;6;0.00016781808519564793
3491;10;0.0002796968086594132
3492;18;0.0005034542555869437
3493;9;0.00025172712779347186
3494;10;0.0002796968086594132
3495;17;0.00047548457472100243
3496;6;0.00016781808519564793
3497;75;0.002097726064945599
3498;10;0.0002796968086594132
3499;17;0.00047548457472100243
3500;11;0.0003076664895253545
3501;7;0.00019578776606158925
3502;9;0.00025172712779347186
3503;8;0.00022375744692753057
3504;11;0.0003076664895253545
3505;11;0.0003076664895253545
3506;5;0.0001398484043297066
3507;25;0.000699242021648533
3508;11;0.0003076664895253545
3509;18;0.0005034542555869437
3510;7;0.00019578776606158925
3511;6;0.00016781808519564793
3512;6;0.00016781808519564793
3513;8;0.00022375744692753057
3514;6;0.00016781808519564793
3515;9;0.00025172712779347186
3516;11;0.0003076664895253545
3517;8;0.00022375744692753057
3518;6;0.00016781808519564793
3519;10;0.0002796968086594132
3520;24;0.0006712723407825917
3521;12;0.00033563617039129585
3522;10;0.0002796968086594132
3523;20;0.0005593936173188264
3524;24;0.0006712723407825917
3525;10;0.0002796968086594132
3526;10;0.0002796968086594132
3527;8;0.00022375744692753057
3528;6;0.00016781808519564793
3529;7;0.00019578776606158925
3530;6;0.00016781808519564793
3531;10;0.0002796968086594132
3532;13;0.00036360585125723714
3533;10;0.0002796968086594132
3534;12;0.00033563617039129585
3535;6;0.00016781808519564793
3536;12;0.00033563617039129585
3537;9;0.00025172712779347186
3538;11;0.0003076664895253545
3539;13;0.00036360585125723714
3540;12;0.00033563617039129585
3541;17;0.00047548457472100243
3542;10;0.0002796968086594132
3543;10;0.0002796968086594132
3544;13;0.00036360585125723714
3545;9;0.00025172712779347186
3546;6;0.00016781808519564793
3547;7;0.00019578776606158925
3548;9;0.00025172712779347186
3549;10;0.0002796968086594132
3550;10;0.0002796968086594132
3551;10;0.0002796968086594132
3552;26;0.0007272117025144743
3553;11;0.0003076664895253545
3554;12;0.00033563617039129585
3555;11;0.0003076664895253545
3556;8;0.00022375744692753057
3557;40;0.0011187872346376528
3558;10;0.0002796968086594132
3559;9;0.00025172712779347186
3560;6;0.00016781808519564793
3561;13;0.00036360585125723714
3562;20;0.0005593936173188264
3563;5;0.0001398484043297066
3564;9;0.00025172712779347186
3565;41;0.001146756915503594
3566;26;0.0007272117025144743
3567;6;0.00016781808519564793
3568;6;0.00016781808519564793
3569;9;0.00025172712779347186
3570;9;0.00025172712779347186
3571;10;0.0002796968086594132
3572;96;0.002685089363130367
3573;29;0.0008111207451122983
3574;9;0.00025172712779347186
3575;6;0.00016781808519564793
3576;11;0.0003076664895253545
3577;16;0.00044751489385506113
3578;17;0.00047548457472100243
3579;8;0.00022375744692753057
3580;11;0.0003076664895253545
3581;7;0.00019578776606158925
3582;6;0.00016781808519564793
3583;8;0.00022375744692753057
3584;12;0.00033563617039129585
3585;8;0.00022375744692753057
3586;6;0.00016781808519564793
3587;25;0.000699242021648533
3588;9;0.00025172712779347186
3589;13;0.00036360585125723714
3590;7;0.00019578776606158925
3591;12;0.00033563617039129585
3592;10;0.0002796968086594132
3593;6;0.00016781808519564793
3594;7;0.00019578776606158925
3595;9;0.00025172712779347186
3596;5;0.0001398484043297066
3597;9;0.00025172712779347186
3598;8;0.00022375744692753057
3599;8;0.00022375744692753057
3600;7;0.00019578776606158925
3601;15;0.0004195452129891198
3602;7;0.00019578776606158925
3603;15;0.0004195452129891198
3604;11;0.0003076664895253545
3605;25;0.000699242021648533
3606;12;0.00033563617039129585
3607;12;0.00033563617039129585
3608;8;0.00022375744692753057
3609;32;0.0008950297877101223
3610;13;0.00036360585125723714
3611;5;0.0001398484043297066
3612;10;0.0002796968086594132
3613;8;0.00022375744692753057
3614;24;0.0006712723407825917
3615;11;0.0003076664895253545
3616;38;0.0010628478729057702
3617;26;0.0007272117025144743
3618;6;0.00016781808519564793
3619;7;0.00019578776606158925
3620;13;0.00036360585125723714
3621;6;0.00016781808519564793
3622;9;0.00025172712779347186
3623;21;0.0005873632981847677
3624;17;0.00047548457472100243
3625;5;0.0001398484043297066
3626;14;0.0003915755321231785
3627;7;0.00019578776606158925
3628;8;0.00022375744692753057
3629;5;0.0001398484043297066
3630;6;0.00016781808519564793
3631;19;0.0005314239364528851
3632;29;0.0008111207451122983
3633;20;0.0005593936173188264
3634;5;0.0001398484043297066
3635;6;0.00016781808519564793
3636;7;0.00019578776606158925
3637;8;0.00022375744692753057
3638;11;0.0003076664895253545
3639;11;0.0003076664895253545
3640;26;0.0007272117025144743
3641;7;0.00019578776606158925
3642;12;0.00033563617039129585
3643;16;0.00044751489385506113
3644;13;0.00036360585125723714
3645;21;0.0005873632981847677
3646;10;0.0002796968086594132
3647;5;0.0001398484043297066
3648;8;0.00022375744692753057
3649;24;0.0006712723407825917
3650;6;0.00016781808519564793
3651;8;0.00022375744692753057
3652;14;0.0003915755321231785
3653;5;0.0001398484043297066
3654;7;0.00019578776606158925
3655;18;0.0005034542555869437
3656;7;0.00019578776606158925
3657;18;0.0005034542555869437
3658;6;0.00016781808519564793
3659;9;0.00025172712779347186
3660;8;0.00022375744692753057
3661;11;0.0003076664895253545
3662;16;0.00044751489385506113
3663;6;0.00016781808519564793
3664;17;0.00047548457472100243
3665;6;0.00016781808519564793
3666;15;0.0004195452129891198
3667;9;0.00025172712779347186
3668;9;0.00025172712779347186
3669;11;0.0003076664895253545
3670;10;0.0002796968086594132
3671;39;0.0010908175537717114
3672;15;0.0004195452129891198
3673;15;0.0004195452129891198
3674;62;0.0017341202136883617
3675;5;0.0001398484043297066
3676;20;0.0005593936173188264
3677;8;0.00022375744692753057
3678;6;0.00016781808519564793
3679;11;0.0003076664895253545
3680;9;0.00025172712779347186
3681;15;0.0004195452129891198
3682;10;0.0002796968086594132
3683;5;0.0001398484043297066
3684;9;0.00025172712779347186
3685;8;0.00022375744692753057
3686;54;0.0015103627667608312
3687;20;0.0005593936173188264
3688;8;0.00022375744692753057
3689;10;0.0002796968086594132
3690;18;0.0005034542555869437
3691;30;0.0008390904259782396
3692;8;0.00022375744692753057
3693;21;0.0005873632981847677
3694;20;0.0005593936173188264
3695;5;0.0001398484043297066
3696;22;0.000615332979050709
3697;6;0.00016781808519564793
3698;48;0.0013425446815651834
3699;11;0.0003076664895253545
3700;15;0.0004195452129891198
3701;5;0.0001398484043297066
3702;5;0.0001398484043297066
3703;11;0.0003076664895253545
3704;14;0.0003915755321231785
3705;8;0.00022375744692753057
3706;9;0.00025172712779347186
3707;19;0.0005314239364528851
3708;9;0.00025172712779347186
3709;19;0.0005314239364528851
3710;6;0.00016781808519564793
3711;6;0.00016781808519564793
3712;12;0.00033563617039129585
3713;12;0.00033563617039129585
3714;5;0.0001398484043297066
3715;6;0.00016781808519564793
3716;15;0.0004195452129891198
3717;5;0.0001398484043297066
3718;14;0.0003915755321231785
3719;16;0.00044751489385506113
3720;100;0.002796968086594132
3721;20;0.0005593936173188264
3722;6;0.00016781808519564793
3723;9;0.00025172712779347186
3724;7;0.00019578776606158925
3725;8;0.00022375744692753057
3726;9;0.00025172712779347186
3727;11;0.0003076664895253545
3728;8;0.00022375744692753057
3729;8;0.00022375744692753057
3730;16;0.00044751489385506113
3731;9;0.00025172712779347186
3732;6;0.00016781808519564793
3733;15;0.0004195452129891198
3734;20;0.0005593936173188264
3735;10;0.0002796968086594132
3736;18;0.0005034542555869437
3737;5;0.0001398484043297066
3738;17;0.00047548457472100243
3739;7;0.00019578776606158925
3740;13;0.00036360585125723714
3741;14;0.0003915755321231785
3742;12;0.00033563617039129585
3743;5;0.0001398484043297066
3744;9;0.00025172712779347186
3745;5;0.0001398484043297066
3746;52;0.0014544234050289486
3747;11;0.0003076664895253545
3748;15;0.0004195452129891198
3749;9;0.00025172712779347186
3750;27;0.0007551813833804156
3751;14;0.0003915755321231785
3752;5;0.0001398484043297066
3753;5;0.0001398484043297066
3754;13;0.00036360585125723714
3755;17;0.00047548457472100243
3756;10;0.0002796968086594132
3757;9;0.00025172712779347186
3758;6;0.00016781808519564793
3759;13;0.00036360585125723714
3760;10;0.0002796968086594132
3761;5;0.0001398484043297066
3762;7;0.00019578776606158925
3763;9;0.00025172712779347186
3764;6;0.00016781808519564793
3765;10;0.0002796968086594132
3766;8;0.00022375744692753057
3767;19;0.0005314239364528851
3768;22;0.000615332979050709
3769;8;0.00022375744692753057
3770;6;0.00016781808519564793
3771;10;0.0002796968086594132
3772;14;0.0003915755321231785
3773;7;0.00019578776606158925
3774;7;0.00019578776606158925
3775;11;0.0003076664895253545
3776;13;0.00036360585125723714
3777;23;0.0006433026599166503
3778;5;0.0001398484043297066
3779;20;0.0005593936173188264
3780;6;0.00016781808519564793
3781;8;0.00022375744692753057
3782;12;0.00033563617039129585
3783;5;0.0001398484043297066
3784;7;0.00019578776606158925
3785;13;0.00036360585125723714
3786;12;0.00033563617039129585
3787;6;0.00016781808519564793
3788;10;0.0002796968086594132
3789;12;0.00033563617039129585
3790;14;0.0003915755321231785
3791;6;0.00016781808519564793
3792;9;0.00025172712779347186
3793;8;0.00022375744692753057
3794;5;0.0001398484043297066
3795;6;0.00016781808519564793
3796;6;0.00016781808519564793
3797;38;0.0010628478729057702
3798;13;0.00036360585125723714
3799;9;0.00025172712779347186
3800;7;0.00019578776606158925
3801;52;0.0014544234050289486
3802;10;0.0002796968086594132
3803;6;0.00016781808519564793
3804;9;0.00025172712779347186
3805;7;0.00019578776606158925
3806;12;0.00033563617039129585
3807;8;0.00022375744692753057
3808;8;0.00022375744692753057
3809;18;0.0005034542555869437
3810;11;0.0003076664895253545
3811;5;0.0001398484043297066
3812;15;0.0004195452129891198
3813;31;0.0008670601068441809
3814;27;0.0007551813833804156
3815;36;0.0010069085111738874
3816;46;0.0012866053198333006
3817;36;0.0010069085111738874
3818;6;0.00016781808519564793
3819;9;0.00025172712779347186
3820;38;0.0010628478729057702
3821;11;0.0003076664895253545
3822;9;0.00025172712779347186
3823;8;0.00022375744692753057
3824;6;0.00016781808519564793
3825;10;0.0002796968086594132
3826;20;0.0005593936173188264
3827;6;0.00016781808519564793
3828;21;0.0005873632981847677
3829;5;0.0001398484043297066
3830;8;0.00022375744692753057
3831;12;0.00033563617039129585
3832;11;0.0003076664895253545
3833;5;0.0001398484043297066
3834;14;0.0003915755321231785
3835;11;0.0003076664895253545
3836;5;0.0001398484043297066
3837;5;0.0001398484043297066
3838;12;0.00033563617039129585
3839;8;0.00022375744692753057
3840;7;0.00019578776606158925
3841;5;0.0001398484043297066
3842;21;0.0005873632981847677
3843;33;0.0009229994685760636
3844;9;0.00025172712779347186
3845;16;0.00044751489385506113
3846;73;0.0020417867032137163
3847;9;0.00025172712779347186
3848;9;0.00025172712779347186
3849;36;0.0010069085111738874
3850;70;0.0019578776606158925
3851;12;0.00033563617039129585
3852;9;0.00025172712779347186
3853;19;0.0005314239364528851
3854;57;0.0015942718093586552
3855;11;0.0003076664895253545
3856;8;0.00022375744692753057
3857;16;0.00044751489385506113
3858;6;0.00016781808519564793
3859;7;0.00019578776606158925
3860;18;0.0005034542555869437
3861;7;0.00019578776606158925
3862;11;0.0003076664895253545
3863;13;0.00036360585125723714
3864;5;0.0001398484043297066
3865;12;0.00033563617039129585
3866;15;0.0004195452129891198
3867;7;0.00019578776606158925
3868;6;0.00016781808519564793
3869;6;0.00016781808519564793
3870;7;0.00019578776606158925
3871;5;0.0001398484043297066
3872;5;0.0001398484043297066
3873;7;0.00019578776606158925
3874;15;0.0004195452129891198
3875;11;0.0003076664895253545
3876;17;0.00047548457472100243
3877;8;0.00022375744692753057
3878;5;0.0001398484043297066
3879;14;0.0003915755321231785
3880;11;0.0003076664895253545
3881;24;0.0006712723407825917
3882;9;0.00025172712779347186
3883;5;0.0001398484043297066
3884;11;0.0003076664895253545
3885;48;0.0013425446815651834
3886;8;0.00022375744692753057
3887;11;0.0003076664895253545
3888;25;0.000699242021648533
3889;13;0.00036360585125723714
3890;40;0.0011187872346376528
3891;17;0.00047548457472100243
3892;14;0.0003915755321231785
3893;5;0.0001398484043297066
3894;9;0.00025172712779347186
3895;8;0.00022375744692753057
3896;11;0.0003076664895253545
3897;5;0.0001398484043297066
3898;13;0.00036360585125723714
3899;18;0.0005034542555869437
3900;11;0.0003076664895253545
3901;13;0.00036360585125723714
3902;11;0.0003076664895253545
3903;7;0.00019578776606158925
3904;10;0.0002796968086594132
3905;10;0.0002796968086594132
3906;10;0.0002796968086594132
3907;10;0.0002796968086594132
3908;44;0.001230665958101418
3909;12;0.00033563617039129585
3910;6;0.00016781808519564793
3911;8;0.00022375744692753057
3912;8;0.00022375744692753057
3913;5;0.0001398484043297066
3914;6;0.00016781808519564793
3915;7;0.00019578776606158925
3916;36;0.0010069085111738874
3917;5;0.0001398484043297066
3918;9;0.00025172712779347186
3919;18;0.0005034542555869437
3920;60;0.0016781808519564791
3921;10;0.0002796968086594132
3922;11;0.0003076664895253545
3923;13;0.00036360585125723714
3924;20;0.0005593936173188264
3925;15;0.0004195452129891198
3926;7;0.00019578776606158925
3927;12;0.00033563617039129585
3928;8;0.00022375744692753057
3929;5;0.0001398484043297066
3930;5;0.0001398484043297066
3931;16;0.00044751489385506113
3932;10;0.0002796968086594132
3933;14;0.0003915755321231785
3934;10;0.0002796968086594132
3935;13;0.00036360585125723714
3936;13;0.00036360585125723714
3937;41;0.001146756915503594
3938;19;0.0005314239364528851
3939;9;0.00025172712779347186
3940;5;0.0001398484043297066
3941;7;0.00019578776606158925
3942;8;0.00022375744692753057
3943;11;0.0003076664895253545
3944;6;0.00016781808519564793
3945;8;0.00022375744692753057
3946;7;0.00019578776606158925
3947;6;0.00016781808519564793
3948;5;0.0001398484043297066
3949;12;0.00033563617039129585
3950;6;0.00016781808519564793
3951;10;0.0002796968086594132
3952;10;0.0002796968086594132
3953;38;0.0010628478729057702
3954;32;0.0008950297877101223
3955;6;0.00016781808519564793
3956;11;0.0003076664895253545
3957;9;0.00025172712779347186
3958;6;0.00016781808519564793
3959;26;0.0007272117025144743
3960;23;0.0006433026599166503
3961;7;0.00019578776606158925
3962;8;0.00022375744692753057
3963;42;0.0011747265963695354
3964;7;0.00019578776606158925
3965;9;0.00025172712779347186
3966;9;0.00025172712779347186
3967;8;0.00022375744692753057
3968;13;0.00036360585125723714
3969;10;0.0002796968086594132
3970;10;0.0002796968086594132
3971;10;0.0002796968086594132
3972;7;0.00019578776606158925
3973;12;0.00033563617039129585
3974;6;0.00016781808519564793
3975;8;0.00022375744692753057
3976;20;0.0005593936173188264
3977;14;0.0003915755321231785
3978;5;0.0001398484043297066
3979;13;0.00036360585125723714
3980;6;0.00016781808519564793
3981;9;0.00025172712779347186
3982;10;0.0002796968086594132
3983;8;0.00022375744692753057
3984;11;0.0003076664895253545
3985;8;0.00022375744692753057
3986;18;0.0005034542555869437
3987;26;0.0007272117025144743
3988;14;0.0003915755321231785
3989;11;0.0003076664895253545
3990;5;0.0001398484043297066
3991;15;0.0004195452129891198
3992;14;0.0003915755321231785
3993;7;0.00019578776606158925
3994;15;0.0004195452129891198
3995;8;0.00022375744692753057
3996;5;0.0001398484043297066
3997;35;0.0009789388303079463
3998;28;0.000783151064246357
3999;7;0.00019578776606158925
4000;8;0.00022375744692753057
4001;11;0.0003076664895253545
4002;17;0.00047548457472100243
4003;13;0.00036360585125723714
4004;9;0.00025172712779347186
4005;11;0.0003076664895253545
4006;22;0.000615332979050709
4007;10;0.0002796968086594132
4008;9;0.00025172712779347186
4009;18;0.0005034542555869437
4010;5;0.0001398484043297066
4011;23;0.0006433026599166503
4012;121;0.0033843313847788997
4013;14;0.0003915755321231785
4014;8;0.00022375744692753057
4015;9;0.00025172712779347186
4016;8;0.00022375744692753057
4017;5;0.0001398484043297066
4018;10;0.0002796968086594132
4019;6;0.00016781808519564793
4020;7;0.00019578776606158925
4021;15;0.0004195452129891198
4022;10;0.0002796968086594132
4023;5;0.0001398484043297066
4024;9;0.00025172712779347186
4025;11;0.0003076664895253545
4026;13;0.00036360585125723714
4027;5;0.0001398484043297066
4028;11;0.0003076664895253545
4029;17;0.00047548457472100243
4030;6;0.00016781808519564793
4031;10;0.0002796968086594132
4032;17;0.00047548457472100243
4033;22;0.000615332979050709
4034;6;0.00016781808519564793
4035;11;0.0003076664895253545
4036;9;0.00025172712779347186
4037;17;0.00047548457472100243
4038;11;0.0003076664895253545
4039;11;0.0003076664895253545
4040;12;0.00033563617039129585
4041;22;0.000615332979050709
4042;8;0.00022375744692753057
4043;9;0.00025172712779347186
4044;119;0.003328392023047017
4045;8;0.00022375744692753057
4046;9;0.00025172712779347186
4047;6;0.00016781808519564793
4048;9;0.00025172712779347186
4049;11;0.0003076664895253545
4050;13;0.00036360585125723714
4051;9;0.00025172712779347186
4052;6;0.00016781808519564793
4053;9;0.00025172712779347186
4054;6;0.00016781808519564793
4055;5;0.0001398484043297066
4056;15;0.0004195452129891198
4057;8;0.00022375744692753057
4058;18;0.0005034542555869437
4059;6;0.00016781808519564793
4060;8;0.00022375744692753057
4061;8;0.00022375744692753057
4062;9;0.00025172712779347186
4063;10;0.0002796968086594132
4064;115;0.0032165132995832517
4065;25;0.000699242021648533
4066;18;0.0005034542555869437
4067;7;0.00019578776606158925
4068;17;0.00047548457472100243
4069;11;0.0003076664895253545
4070;5;0.0001398484043297066
4071;12;0.00033563617039129585
4072;9;0.00025172712779347186
4073;10;0.0002796968086594132
4074;7;0.00019578776606158925
4075;7;0.00019578776606158925
4076;12;0.00033563617039129585
4077;5;0.0001398484043297066
4078;20;0.0005593936173188264
4079;6;0.00016781808519564793
4080;5;0.0001398484043297066
4081;8;0.00022375744692753057
4082;21;0.0005873632981847677
4083;8;0.00022375744692753057
4084;11;0.0003076664895253545
4085;19;0.0005314239364528851
4086;8;0.00022375744692753057
4087;15;0.0004195452129891198
4088;5;0.0001398484043297066
4089;8;0.00022375744692753057
4090;7;0.00019578776606158925
4091;17;0.00047548457472100243
4092;5;0.0001398484043297066
4093;10;0.0002796968086594132
4094;8;0.00022375744692753057
4095;12;0.00033563617039129585
4096;29;0.0008111207451122983
4097;8;0.00022375744692753057
4098;10;0.0002796968086594132
4099;10;0.0002796968086594132
4100;8;0.00022375744692753057
4101;70;0.0019578776606158925
4102;6;0.00016781808519564793
4103;7;0.00019578776606158925
4104;9;0.00025172712779347186
4105;11;0.0003076664895253545
4106;7;0.00019578776606158925
4107;5;0.0001398484043297066
4108;8;0.00022375744692753057
4109;11;0.0003076664895253545
4110;6;0.00016781808519564793
4111;10;0.0002796968086594132
4112;20;0.0005593936173188264
4113;7;0.00019578776606158925
4114;18;0.0005034542555869437
4115;6;0.00016781808519564793
4116;6;0.00016781808519564793
4117;10;0.0002796968086594132
4118;18;0.0005034542555869437
4119;8;0.00022375744692753057
4120;12;0.00033563617039129585
4121;10;0.0002796968086594132
4122;10;0.0002796968086594132
4123;10;0.0002796968086594132
4124;8;0.00022375744692753057
4125;7;0.00019578776606158925
4126;8;0.00022375744692753057
4127;13;0.00036360585125723714
4128;6;0.00016781808519564793
4129;28;0.000783151064246357
4130;19;0.0005314239364528851
4131;6;0.00016781808519564793
4132;13;0.00036360585125723714
4133;6;0.00016781808519564793
4134;6;0.00016781808519564793
4135;10;0.0002796968086594132
4136;12;0.00033563617039129585
4137;5;0.0001398484043297066
4138;7;0.00019578776606158925
4139;6;0.00016781808519564793
4140;13;0.00036360585125723714
4141;7;0.00019578776606158925
4142;21;0.0005873632981847677
4143;5;0.0001398484043297066
4144;28;0.000783151064246357
4145;11;0.0003076664895253545
4146;29;0.0008111207451122983
4147;36;0.0010069085111738874
4148;22;0.000615332979050709
4149;24;0.0006712723407825917
4150;7;0.00019578776606158925
4151;12;0.00033563617039129585
4152;5;0.0001398484043297066
4153;19;0.0005314239364528851
4154;9;0.00025172712779347186
4155;13;0.00036360585125723714
4156;12;0.00033563617039129585
4157;23;0.0006433026599166503
4158;5;0.0001398484043297066
4159;62;0.0017341202136883617
4160;20;0.0005593936173188264
4161;40;0.0011187872346376528
4162;60;0.0016781808519564791
4163;22;0.000615332979050709
4164;9;0.00025172712779347186
4165;18;0.0005034542555869437
4166;8;0.00022375744692753057
4167;50;0.001398484043297066
4168;13;0.00036360585125723714
4169;16;0.00044751489385506113
4170;39;0.0010908175537717114
4171;29;0.0008111207451122983
4172;26;0.0007272117025144743
4173;9;0.00025172712779347186
4174;11;0.0003076664895253545
4175;6;0.00016781808519564793
4176;22;0.000615332979050709
4177;13;0.00036360585125723714
4178;57;0.0015942718093586552
4179;12;0.00033563617039129585
4180;35;0.0009789388303079463
4181;10;0.0002796968086594132
4182;24;0.0006712723407825917
4183;9;0.00025172712779347186
4184;10;0.0002796968086594132
4185;16;0.00044751489385506113
4186;9;0.00025172712779347186
4187;12;0.00033563617039129585
4188;6;0.00016781808519564793
4189;13;0.00036360585125723714
4190;10;0.0002796968086594132
4191;8;0.00022375744692753057
4192;6;0.00016781808519564793
4193;6;0.00016781808519564793
4194;8;0.00022375744692753057
4195;5;0.0001398484043297066
4196;10;0.0002796968086594132
4197;7;0.00019578776606158925
4198;5;0.0001398484043297066
4199;11;0.0003076664895253545
4200;7;0.00019578776606158925
4201;12;0.00033563617039129585
4202;31;0.0008670601068441809
4203;22;0.000615332979050709
4204;5;0.0001398484043297066
4205;6;0.00016781808519564793
4206;8;0.00022375744692753057
4207;13;0.00036360585125723714
4208;5;0.0001398484043297066
4209;66;0.0018459989371521271
4210;20;0.0005593936173188264
4211;5;0.0001398484043297066
4212;8;0.00022375744692753057
4213;27;0.0007551813833804156
4214;7;0.00019578776606158925
4215;14;0.0003915755321231785
4216;6;0.00016781808519564793
4217;38;0.0010628478729057702
4218;9;0.00025172712779347186
4219;10;0.0002796968086594132
4220;13;0.00036360585125723714
4221;14;0.0003915755321231785
4222;8;0.00022375744692753057
4223;9;0.00025172712779347186
4224;21;0.0005873632981847677
4225;10;0.0002796968086594132
4226;12;0.00033563617039129585
4227;14;0.0003915755321231785
4228;9;0.00025172712779347186
4229;11;0.0003076664895253545
4230;11;0.0003076664895253545
4231;82;0.002293513831007188
4232;11;0.0003076664895253545
4233;11;0.0003076664895253545
4234;16;0.00044751489385506113
4235;7;0.00019578776606158925
4236;11;0.0003076664895253545
4237;7;0.00019578776606158925
4238;5;0.0001398484043297066
4239;6;0.00016781808519564793
4240;18;0.0005034542555869437
4241;6;0.00016781808519564793
4242;10;0.0002796968086594132
4243;8;0.00022375744692753057
4244;44;0.001230665958101418
4245;15;0.0004195452129891198
4246;22;0.000615332979050709
4247;51;0.0014264537241630074
4248;17;0.00047548457472100243
4249;10;0.0002796968086594132
4250;13;0.00036360585125723714
4251;10;0.0002796968086594132
4252;7;0.00019578776606158925
4253;6;0.00016781808519564793
4254;8;0.00022375744692753057
4255;6;0.00016781808519564793
4256;8;0.00022375744692753057
4257;14;0.0003915755321231785
4258;10;0.0002796968086594132
4259;25;0.000699242021648533
4260;11;0.0003076664895253545
4261;15;0.0004195452129891198
4262;13;0.00036360585125723714
4263;7;0.00019578776606158925
4264;13;0.00036360585125723714
4265;16;0.00044751489385506113
4266;7;0.00019578776606158925
4267;7;0.00019578776606158925
4268;69;0.0019299079797499511
4269;12;0.00033563617039129585
4270;10;0.0002796968086594132
4271;6;0.00016781808519564793
4272;20;0.0005593936173188264
4273;79;0.0022096047884093643
4274;7;0.00019578776606158925
4275;27;0.0007551813833804156
4276;7;0.00019578776606158925
4277;22;0.000615332979050709
4278;20;0.0005593936173188264
4279;12;0.00033563617039129585
4280;5;0.0001398484043297066
4281;14;0.0003915755321231785
4282;5;0.0001398484043297066
4283;12;0.00033563617039129585
4284;6;0.00016781808519564793
4285;17;0.00047548457472100243
4286;26;0.0007272117025144743
4287;19;0.0005314239364528851
4288;9;0.00025172712779347186
4289;43;0.0012026962772354768
4290;11;0.0003076664895253545
4291;11;0.0003076664895253545
4292;9;0.00025172712779347186
4293;20;0.0005593936173188264
4294;10;0.0002796968086594132
4295;32;0.0008950297877101223
4296;34;0.0009509691494420049
4297;10;0.0002796968086594132
4298;41;0.001146756915503594
4299;12;0.00033563617039129585
4300;10;0.0002796968086594132
4301;7;0.00019578776606158925
4302;7;0.00019578776606158925
4303;30;0.0008390904259782396
4304;43;0.0012026962772354768
4305;10;0.0002796968086594132
4306;9;0.00025172712779347186
4307;12;0.00033563617039129585
4308;5;0.0001398484043297066
4309;15;0.0004195452129891198
4310;7;0.00019578776606158925
4311;10;0.0002796968086594132
4312;33;0.0009229994685760636
4313;10;0.0002796968086594132
4314;22;0.000615332979050709
4315;23;0.0006433026599166503
4316;7;0.00019578776606158925
4317;6;0.00016781808519564793
4318;10;0.0002796968086594132
4319;6;0.00016781808519564793
4320;17;0.00047548457472100243
4321;11;0.0003076664895253545
4322;8;0.00022375744692753057
4323;5;0.0001398484043297066
4324;10;0.0002796968086594132
4325;6;0.00016781808519564793
4326;10;0.0002796968086594132
4327;30;0.0008390904259782396
4328;14;0.0003915755321231785
4329;9;0.00025172712779347186
4330;6;0.00016781808519564793
4331;20;0.0005593936173188264
4332;14;0.0003915755321231785
4333;11;0.0003076664895253545
4334;13;0.00036360585125723714
4335;12;0.00033563617039129585
4336;15;0.0004195452129891198
4337;33;0.0009229994685760636
4338;10;0.0002796968086594132
4339;16;0.00044751489385506113
4340;7;0.00019578776606158925
4341;16;0.00044751489385506113
4342;7;0.00019578776606158925
4343;8;0.00022375744692753057
4344;13;0.00036360585125723714
4345;5;0.0001398484043297066
4346;9;0.00025172712779347186
4347;24;0.0006712723407825917
4348;6;0.00016781808519564793
4349;7;0.00019578776606158925
4350;5;0.0001398484043297066
4351;11;0.0003076664895253545
4352;8;0.00022375744692753057
4353;49;0.0013705143624311246
4354;22;0.000615332979050709
4355;11;0.0003076664895253545
4356;13;0.00036360585125723714
4357;5;0.0001398484043297066
4358;10;0.0002796968086594132
4359;25;0.000699242021648533
4360;8;0.00022375744692753057
4361;5;0.0001398484043297066
4362;10;0.0002796968086594132
4363;6;0.00016781808519564793
4364;52;0.0014544234050289486
4365;9;0.00025172712779347186
4366;5;0.0001398484043297066
4367;6;0.00016781808519564793
4368;8;0.00022375744692753057
4369;13;0.00036360585125723714
4370;12;0.00033563617039129585
4371;8;0.00022375744692753057
4372;7;0.00019578776606158925
4373;6;0.00016781808519564793
4374;42;0.0011747265963695354
4375;8;0.00022375744692753057
4376;10;0.0002796968086594132
4377;12;0.00033563617039129585
4378;7;0.00019578776606158925
4379;15;0.0004195452129891198
4380;7;0.00019578776606158925
4381;22;0.000615332979050709
4382;5;0.0001398484043297066
4383;9;0.00025172712779347186
4384;8;0.00022375744692753057
4385;10;0.0002796968086594132
4386;18;0.0005034542555869437
4387;7;0.00019578776606158925
4388;5;0.0001398484043297066
4389;17;0.00047548457472100243
4390;8;0.00022375744692753057
4391;12;0.00033563617039129585
4392;10;0.0002796968086594132
4393;13;0.00036360585125723714
4394;14;0.0003915755321231785
4395;26;0.0007272117025144743
4396;14;0.0003915755321231785
4397;8;0.00022375744692753057
4398;9;0.00025172712779347186
4399;35;0.0009789388303079463
4400;20;0.0005593936173188264
4401;7;0.00019578776606158925
4402;10;0.0002796968086594132
4403;7;0.00019578776606158925
4404;7;0.00019578776606158925
4405;8;0.00022375744692753057
4406;79;0.0022096047884093643
4407;13;0.00036360585125723714
4408;5;0.0001398484043297066
4409;17;0.00047548457472100243
4410;6;0.00016781808519564793
4411;19;0.0005314239364528851
4412;9;0.00025172712779347186
4413;9;0.00025172712779347186
4414;9;0.00025172712779347186
4415;7;0.00019578776606158925
4416;5;0.0001398484043297066
4417;20;0.0005593936173188264
4418;17;0.00047548457472100243
4419;31;0.0008670601068441809
4420;13;0.00036360585125723714
4421;9;0.00025172712779347186
4422;12;0.00033563617039129585
4423;11;0.0003076664895253545
4424;8;0.00022375744692753057
4425;18;0.0005034542555869437
4426;5;0.0001398484043297066
4427;10;0.0002796968086594132
4428;8;0.00022375744692753057
4429;7;0.00019578776606158925
4430;11;0.0003076664895253545
4431;15;0.0004195452129891198
4432;7;0.00019578776606158925
4433;14;0.0003915755321231785
4434;7;0.00019578776606158925
4435;11;0.0003076664895253545
4436;23;0.0006433026599166503
4437;6;0.00016781808519564793
4438;12;0.00033563617039129585
4439;16;0.00044751489385506113
4440;31;0.0008670601068441809
4441;7;0.00019578776606158925
4442;5;0.0001398484043297066
4443;12;0.00033563617039129585
4444;23;0.0006433026599166503
4445;8;0.00022375744692753057
4446;20;0.0005593936173188264
4447;6;0.00016781808519564793
4448;8;0.00022375744692753057
4449;11;0.0003076664895253545
4450;7;0.00019578776606158925
4451;6;0.00016781808519564793
4452;7;0.00019578776606158925
4453;10;0.0002796968086594132
4454;23;0.0006433026599166503
4455;34;0.0009509691494420049
4456;23;0.0006433026599166503
4457;11;0.0003076664895253545
4458;5;0.0001398484043297066
4459;6;0.00016781808519564793
4460;7;0.00019578776606158925
4461;20;0.0005593936173188264
4462;15;0.0004195452129891198
4463;7;0.00019578776606158925
4464;28;0.000783151064246357
4465;12;0.00033563617039129585
4466;6;0.00016781808519564793
4467;84;0.002349453192739071
4468;5;0.0001398484043297066
4469;5;0.0001398484043297066
4470;69;0.0019299079797499511
4471;10;0.0002796968086594132
4472;16;0.00044751489385506113
4473;17;0.00047548457472100243
4474;17;0.00047548457472100243
4475;12;0.00033563617039129585
4476;7;0.00019578776606158925
4477;7;0.00019578776606158925
4478;26;0.0007272117025144743
4479;10;0.0002796968086594132
4480;75;0.002097726064945599
4481;10;0.0002796968086594132
4482;10;0.0002796968086594132
4483;10;0.0002796968086594132
4484;9;0.00025172712779347186
4485;9;0.00025172712779347186
4486;12;0.00033563617039129585
4487;25;0.000699242021648533
4488;20;0.0005593936173188264
4489;10;0.0002796968086594132
4490;6;0.00016781808519564793
4491;25;0.000699242021648533
4492;24;0.0006712723407825917
4493;15;0.0004195452129891198
4494;13;0.00036360585125723714
4495;12;0.00033563617039129585
4496;6;0.00016781808519564793
4497;14;0.0003915755321231785
4498;24;0.0006712723407825917
4499;12;0.00033563617039129585
4500;10;0.0002796968086594132
4501;7;0.00019578776606158925
4502;11;0.0003076664895253545
4503;5;0.0001398484043297066
4504;10;0.0002796968086594132
4505;20;0.0005593936173188264
4506;7;0.00019578776606158925
4507;8;0.00022375744692753057
4508;8;0.00022375744692753057
4509;5;0.0001398484043297066
4510;12;0.00033563617039129585
4511;7;0.00019578776606158925
4512;9;0.00025172712779347186
4513;14;0.0003915755321231785
4514;23;0.0006433026599166503
4515;15;0.0004195452129891198
4516;11;0.0003076664895253545
4517;10;0.0002796968086594132
4518;40;0.0011187872346376528
4519;13;0.00036360585125723714
4520;19;0.0005314239364528851
4521;15;0.0004195452129891198
4522;13;0.00036360585125723714
4523;11;0.0003076664895253545
4524;16;0.00044751489385506113
4525;23;0.0006433026599166503
4526;19;0.0005314239364528851
4527;15;0.0004195452129891198
