ID_NODO;COORDENADA_X;COORDENADA_Y;CENTRO_CERCANO;TIEMPO_CENTRO
0;43;67;4183;12.73374463
3;72;14;3131;23.20417756
5;102;64;3148;21.01775289
6;43;78;4183;19.93460074
16;67;72;2526;25.81710225
18;7;30;2205;18.24404649
19;40;55;2450;10.91954115
20;77;37;2989;38.06199189
21;34;72;3040;24.24610342
22;47;18;2693;5.342737139
34;7;54;2122;16.0710209
38;49;16;2693;13.32606584
41;7;67;2122;32.97504536
46;40;52;2450;2.705446489
48;49;88;3761;30.27606006
58;96;42;3966;7.558370296
63;26;37;3403;25.11981661
65;41;46;65;0
68;43;46;65;5.266015679
85;43;79;4183;22.71871903
90;63;72;2526;35.9473339
96;44;18;2693;13.03341612
98;72;68;2526;28.39528219
107;39;76;4168;39.9418531
109;59;16;2504;29.10751091
110;35;23;2458;16.07435927
116;64;54;2400;20.61841806
118;39;47;65;5.971700525
119;48;30;2693;28.54541093
120;49;51;4453;26.1902715
122;39;28;2625;21.70351897
125;103;47;3966;26.83381678
130;38;28;2625;24.30756263
134;53;86;4016;24.40781213
138;48;51;2450;24.62975356
139;49;65;4168;23.3347991
143;56;66;1999;31.6759104
144;64;42;632;7.773781811
146;48;52;2450;22.16459431
147;26;34;3403;17.67023445
150;64;68;2526;23.51802389
156;49;72;2509;24.71526701
159;43;93;3761;37.82599481
160;53;68;4183;33.95933401
161;38;17;3780;28.55812682
162;26;43;3531;34.9625003
165;83;42;3966;41.64396335
176;72;24;2504;29.34691602
179;90;70;2783;12.91713611
180;7;60;2122;35.52343061
181;54;76;4016;25.2173284
184;37;56;2450;16.4174131
191;68;23;2504;17.77970512
192;53;71;3700;33.06915769
196;29;50;2301;18.6827176
197;18;60;2122;22.0475073
199;77;24;3131;38.30930111
202;28;45;2301;14.97638387
204;68;98;3882;21.3938892
207;71;72;3481;25.0974107
208;18;64;2122;11.40555428
209;77;39;3564;34.02393144
210;2;30;2205;5.183635075
212;68;18;2504;14.93093587
213;38;30;2625;24.61400638
216;41;35;4009;45.75782006
217;35;55;2450;22.54732095
218;91;50;3966;40.01192038
222;66;35;2365;26.19141415
223;71;66;3175;24.90226748
229;19;50;3531;39.41427139
230;39;71;4168;26.8294171
234;74;16;3131;30.39395614
235;57;23;2693;32.33557328
238;48;23;3847;9.80875595
240;41;60;4168;16.59194669
241;65;70;2526;7.644354401
242;28;44;2301;17.6445845
247;51;41;4009;13.13410263
249;72;43;3564;15.39051595
250;8;39;2122;40.62137485
253;94;51;3966;42.29396909
255;43;30;3847;28.56082374
257;79;35;2989;41.85130183
258;34;44;3531;30.06823898
264;51;49;4009;17.92425185
267;77;36;2989;39.12305038
268;29;47;2301;13.37936313
269;85;61;3624;38.81810271
270;19;69;2122;24.48835465
271;54;56;1999;42.22848328
275;19;66;2122;16.90068186
276;41;66;4168;26.24274734
288;81;14;2504;66.88707124
294;73;45;3564;16.46008452
297;67;68;2526;15.25502314
300;40;29;2625;26.76224515
303;64;49;2400;11.32600543
305;34;88;3055;40.53128571
306;80;63;3624;30.8587802
314;46;58;4168;25.84133889
324;43;87;3761;22.72732492
325;66;41;2400;21.32330098
329;90;48;3966;45.72411883
331;73;61;1999;33.5539606
332;49;43;65;37.21932105
337;34;43;3531;27.62990102
340;67;71;2526;23.30655919
343;40;20;2625;9.872997005
349;27;84;4045;37.31271113
353;47;30;2693;26.10996023
354;71;50;2400;27.49131444
355;26;22;3015;20.88786129
356;47;34;4009;31.78791826
357;56;20;2693;32.53875681
360;48;29;3847;24.32665322
362;49;60;4168;24.23413642
369;46;79;4183;24.60631358
374;64;60;2526;28.50424241
379;46;33;4009;35.64494503
380;67;47;2400;27.73011332
393;47;62;4168;16.87578574
398;59;43;4009;26.81616785
404;47;80;4183;28.09704537
412;35;20;2458;16.77676391
413;79;49;3564;30.60977989
414;92;46;3966;33.04940289
424;48;1;2693;50.67824809
426;35;43;3531;30.10523757
428;93;49;3966;36.35421575
435;68;61;1999;35.07828406
438;23;58;2301;27.65916219
439;81;52;3624;31.91387484
442;36;84;4045;30.79059511
450;69;51;2989;22.98753882
465;40;45;65;5.282704236
471;43;70;4183;5.292785781
478;66;45;2400;22.08678362
479;55;43;4453;34.16564453
500;79;45;3564;40.80040713
506;59;72;2526;27.40093228
507;86;41;3966;38.92185229
510;44;48;4105;21.93866373
522;66;4;4268;35.12504384
527;63;14;2504;21.98475903
529;63;2;2504;53.17137557
535;55;56;4453;40.86940362
541;60;42;632;2.72625104
546;73;11;2504;41.4988193
548;64;27;548;0
551;36;42;644;28.36756301
552;86;63;3624;37.30509879
556;70;63;3481;35.18149017
559;27;70;3040;26.64047422
562;86;25;3131;62.9698605
564;36;43;644;25.72857213
567;66;56;4453;31.77282363
571;70;12;3131;23.62925385
576;66;72;2526;30.13869762
579;90;31;3966;62.47291728
581;80;67;3481;40.62911998
589;64;52;2400;15.33857348
590;70;46;2400;27.68888259
594;75;52;3564;29.56037061
601;25;23;3015;17.48773621
606;50;29;3847;29.34687945
608;36;61;4168;28.05963898
615;26;39;2301;25.96383043
617;84;26;2504;61.26773106
618;48;11;2693;25.3385443
623;70;30;4085;26.08126071
627;74;46;3564;28.30149923
628;31;49;2301;12.74259574
629;80;61;3624;27.63381987
631;40;58;2450;18.22266024
632;61;42;632;0
636;66;60;2526;33.62499462
637;126;43;3943;34.6780998
639;33;30;2458;32.36670125
640;44;35;4009;38.2077654
644;40;49;644;0
651;31;48;2301;15.14753868
653;60;72;2526;30.02988366
654;41;15;727;27.89081562
656;73;18;3131;38.21282822
658;73;27;548;24.32777766
659;61;35;4085;17.2716194
662;80;65;3481;39.06858106
666;64;1;2504;56.50320891
670;62;38;2365;12.93453927
672;25;57;2301;21.6676456
673;17;30;3729;23.22245164
677;62;45;2365;31.54756534
681;94;47;3966;29.90740821
682;51;72;2509;29.70708085
686;75;36;2989;28.8947534
687;74;64;3175;26.26895542
688;70;4;3131;31.42547879
693;70;9;3131;15.81226503
695;75;38;2989;24.08522982
710;41;23;3847;27.28043008
714;56;22;2693;27.618486
715;64;72;2526;38.50555607
719;103;64;3148;18.25832389
721;33;57;4244;28.18867158
722;39;94;3055;27.42369965
724;81;47;3564;28.0375286
725;66;14;2504;29.6837744
727;50;17;727;0
728;70;25;548;34.96161539
730;40;66;4168;24.86942213
739;40;69;4168;16.97307886
748;56;64;1999;26.46982186
749;64;62;3481;28.44871502
757;50;22;2693;22.97955367
761;126;33;3943;34.58059004
786;93;47;3966;36.04798219
789;28;35;3403;20.68765128
806;148;-13;3032;15.74062222
813;30;39;3531;26.88230879
815;68;4;3131;32.88893867
817;104;65;3148;26.72079296
818;56;43;4009;19.18863871
823;54;79;3700;20.05059672
836;131;8;3854;33.63463769
844;94;37;3966;21.70079904
845;90;26;548;59.86730994
848;109;84;2516;13.59123412
849;39;79;2509;33.63830781
860;81;13;2504;69.3728633
869;33;36;3403;30.42753811
877;84;28;2504;56.34902131
896;38;71;4168;24.16624705
908;106;90;2516;9.084246803
922;89;83;2783;37.87393575
927;89;84;2783;39.51351475
931;89;60;3664;20.09238292
932;123;39;3943;22.07729001
939;50;59;1999;16.98889905
945;70;-8;4268;12.68739915
947;68;79;3700;40.48487756
951;50;98;951;0
963;97;53;3966;48.6726347
1016;138;-4;3032;36.03306187
1046;81;30;2504;45.94375814
1050;89;27;548;57.62092409
1111;126;10;3854;25.37259905
1125;38;83;3761;22.78058184
1132;40;88;3761;33.62359836
1149;47;81;4183;30.5557447
1195;98;30;3943;49.93998817
1200;138;-22;3032;63.10783896
1201;67;35;2365;28.7477263
1208;57;59;1999;6.271645835
1239;132;30;3943;24.9019072
1246;126;2;3854;13.04815202
1247;79;60;3624;24.1509214
1314;109;90;2516;4.019633454
1325;109;91;2516;2.557722924
1367;41;17;727;22.82795932
1378;90;13;2504;83.23668392
1383;50;74;4183;27.97946041
1386;130;49;3720;33.730014
1428;27;77;3040;24.98795194
1429;126;-13;3854;25.38684783
1448;50;88;3761;32.76819089
1470;67;60;3624;41.76292067
1476;115;68;3148;34.70793947
1478;94;57;3966;52.73454251
1507;28;39;3403;27.01129417
1520;90;30;3943;62.08393374
1539;42;63;4168;23.0625449
1549;123;31;3943;10.04960422
1562;38;96;3055;22.26385133
1575;153;49;3720;72.22359953
1582;57;70;1999;21.97535865
1609;132;48;3720;30.20637372
1610;50;77;4183;32.67614356
1613;107;30;3943;36.58791638
1678;123;30;3943;11.62751891
1684;103;90;2516;14.05072646
1688;42;82;3761;13.04774156
1702;71;27;548;29.37840607
1718;84;39;3966;49.83196314
1776;94;28;3966;46.58475263
1822;73;57;1999;23.09962456
1859;84;47;3564;41.38578484
1866;115;91;2516;11.87993972
1875;107;90;2516;10.52334667
1883;28;75;3040;21.56723044
1946;42;43;65;19.25598037
1959;28;81;4045;21.11999287
1999;58;57;1999;0
2001;82;28;2504;53.34931671
2004;107;112;2516;42.83021028
2013;107;110;2516;45.90121407
2059;68;28;2504;30.56080966
2086;112;68;3148;39.11839687
2092;67;82;3700;31.88459706
2100;87;50;3624;35.02077032
2101;87;54;3624;31.86384626
2102;84;58;3624;28.25123968
2103;84;63;3624;32.36816306
2104;84;68;3624;36.19644614
2105;78;70;3624;40.88501055
2106;76;75;3624;44.96271048
2107;75;80;3761;43.97996029
2108;71;83;3761;40.17892764
2109;66;85;3761;36.20009901
2110;61;84;3761;32.22596673
2111;56;84;3761;28.40234067
2112;52;87;3761;24.51847965
2113;47;86;3761;20.78411909
2114;43;85;3761;17.78199787
2115;39;83;3761;21.28970078
2116;33;84;4045;23.60319789
2117;29;81;4045;19.51481101
2118;24;80;4045;15.81847358
2119;21;76;4045;11.91008524
2120;17;73;4045;8.018226429
2121;18;67;2122;3.680672332
2122;15;63;2122;0
2123;15;58;2122;3.916052938
2124;10;54;2122;8.751190425
2125;10;50;2122;11.8316757
2126;12;45;2122;16.14754453
2127;13;40;2122;20.20546648
2128;17;37;2122;24.39399212
2129;19;32;2153;26.27850476
2130;19;28;2153;23.16771838
2131;21;22;2153;18.33690997
2132;24;19;2153;21.29240487
2133;29;17;2153;25.49502069
2134;34;17;3780;24.16594205
2135;38;14;3780;20.18465059
2136;43;14;3780;23.92791717
2137;47;11;2693;23.07109898
2138;52;13;2693;27.2154825
2139;56;13;2693;30.22933188
2140;61;13;2504;28.04251191
2141;66;15;2504;23.94103842
2142;71;16;2504;27.71974494
2143;74;19;2504;31.28985978
2144;78;23;2504;35.54407096
2145;79;28;2504;39.44200113
2146;81;32;2504;43.00871382
2147;87;35;3624;47.98534375
2148;85;40;3624;43.66448832
2149;88;45;3624;39.08681793
2150;18;-31;2152;15.90565733
2151;20;-20;2152;8.119002553
2152;20;-10;2152;0
2153;20;1;2153;0
2154;20;11;2153;7.722754088
2155;19;22;2153;16.80082951
2156;17;32;2153;25.32780771
2157;15;43;2122;20.43001207
2158;13;53;2122;12.68973036
2159;9;63;2122;4.537502324
2160;6;73;2122;12.68224456
2161;2;83;2122;20.85640359
2162;-3;92;2122;29.21927044
2163;-8;101;2122;36.83105264
2164;-13;110;2122;44.83335446
2165;23;77;4045;25.19091209
2166;77;21;3131;31.38765498
2167;24;22;3015;18.33025717
2168;66;12;2504;22.93544133
2169;25;24;3015;14.81131582
2170;104;62;3148;20.57282043
2171;66;38;2365;18.27163503
2172;29;88;3055;39.72986764
2173;71;71;3481;22.58859854
2174;40;48;644;2.777642482
2175;80;60;3624;38.00041902
2176;78;36;2989;36.39966645
2177;72;61;3481;25.89678141
2178;50;84;4016;14.53930469
2179;65;38;632;20.65093901
2180;64;48;2400;4.890629141
2181;59;14;2504;32.85791063
2182;90;35;3966;48.48932443
2183;17;31;3015;23.10051322
2184;43;74;4183;9.648222638
2185;89;53;3664;38.10895519
2186;27;19;3675;28.41557179
2187;50;78;2509;2.451666565
2188;101;53;3966;38.63656798
2189;54;60;1999;32.61251213
2190;31;36;3403;26.68998334
2191;-13;117;2122;62.78950579
2192;68;52;4453;25.75545096
2193;121;-13;3854;37.54836162
2194;64;57;1999;18.94049296
2195;68;72;2526;28.4021734
2196;88;60;3664;17.55808856
2197;13;49;2122;22.71549814
2198;40;17;2625;18.24933195
2199;59;68;2526;17.80968515
2200;37;94;3055;23.82779808
2201;78;47;3564;25.89831156
2202;60;47;4453;17.86991219
2203;51;68;4183;28.64281467
2204;60;44;632;7.920166059
2205;2;28;2205;0
2206;47;58;4168;26.5526652
2207;-18;117;2122;75.90980209
2208;42;71;3040;21.85708983
2209;80;66;3481;37.94556427
2210;94;64;3664;36.60877246
2211;56;68;2526;25.49482965
2212;47;74;4183;13.70364348
2213;63;71;3700;26.18684218
2214;83;68;3624;38.91378276
2215;34;79;3040;42.72352615
2216;88;83;2783;39.90662693
2217;78;50;3564;28.19321391
2218;75;47;3564;12.92856072
2219;66;42;2400;18.7935377
2220;71;79;3481;43.19726
2221;34;23;2458;18.79864159
2222;99;53;3966;33.07527821
2223;67;85;3761;38.74297693
2224;24;37;3531;16.34640016
2225;79;11;3131;46.784584
2226;40;63;4244;29.76406763
2227;51;47;4009;12.61198654
2228;71;49;3564;6.510850327
2229;36;28;2625;28.93646261
2230;39;89;3761;35.71537014
2231;80;58;3624;17.95911269
2232;37;17;2458;20.29960478
2233;92;83;2783;29.48679781
2234;25;22;3015;19.91343486
2235;86;36;3966;43.04375168
2236;45;79;2509;17.89456045
2237;19;68;2122;22.25143589
2238;65;12;2504;21.39136028
2239;24;18;3675;23.62086638
2240;20;-4;2153;13.54050996
2241;86;20;3131;50.21268737
2242;94;52;3966;41.22408942
2243;50;34;4009;34.41786999
2244;25;-10;2152;12.01525134
2245;112;67;3148;37.83738185
2246;60;37;2365;5.028106238
2247;57;35;2459;7.21069452
2248;67;50;4453;23.00691265
2249;74;42;3564;18.13203989
2250;22;58;2122;22.34983326
2251;97;54;3966;51.44527186
2252;2;82;2122;23.47507481
2253;19;24;3015;23.33324649
2254;7;64;2122;25.21689938
2255;84;34;2989;57.93803311
2256;73;60;1999;30.74338192
2257;0;67;2122;44.19723518
2258;19;54;2122;29.90488989
2259;25;28;3015;8.678876217
2260;25;18;3675;26.00303601
2261;26;38;3403;26.97071819
2262;20;17;3675;22.16559615
2263;77;83;3761;56.28560892
2264;19;58;2122;14.70976062
2265;123;29;3943;14.2471608
2266;53;22;2693;19.89667796
2267;56;44;4009;18.32794267
2268;84;64;3481;43.03913091
2269;7;55;2122;22.53130978
2270;9;53;2122;14.22991055
2271;48;34;4009;26.30539596
2272;50;37;4009;26.90456648
2273;47;65;4168;15.60434317
2274;67;51;4453;20.63893094
2275;37;30;2625;27.09920622
2276;13;69;4045;27.34616414
2277;81;45;3564;31.66932834
2278;56;73;2526;37.39760211
2279;24;77;4045;23.18274939
2280;41;34;2625;27.3384755
2281;18;22;2153;19.10444514
2282;99;47;3966;17.61857508
2283;87;68;2783;38.64412424
2284;132;41;3720;11.99000936
2285;36;32;3403;32.65868833
2286;10;52;2122;17.35983196
2287;59;73;2526;30.21447445
2288;62;42;632;12.95810234
2289;88;64;2783;33.02683065
2290;6;83;2122;30.52069107
2291;115;88;2516;19.7322867
2292;71;89;3761;55.66643453
2293;42;88;3761;29.42493302
2294;66;-3;4268;15.97320892
2295;4;73;2122;18.0448519
2296;50;21;2693;9.789335425
2297;86;26;2504;66.43652324
2298;37;84;3761;28.43078668
2299;71;63;3624;35.3325849
2300;36;94;3055;21.25395766
2301;26;49;2301;0
2302;38;78;3761;22.42541879
2303;40;13;2625;29.06549644
2304;99;52;3966;24.9650781
2305;77;44;2989;26.14487855
2306;23;68;4359;24.67255015
2307;27;48;2301;8.744249658
2308;72;49;3564;13.99496432
2309;84;36;3966;48.18079122
2310;55;37;2459;17.29326999
2311;39;17;2458;25.7091353
2312;45;85;3761;12.74708138
2313;44;47;65;18.48625187
2314;76;64;3481;22.94291848
2315;44;17;727;15.04249943
2316;66;89;3761;46.0709329
2317;87;30;3624;59.45610213
2318;22;54;2301;24.08230591
2319;39;33;2625;34.18417318
2320;45;88;3761;20.21569136
2321;56;77;3700;29.92087849
2322;126;39;3943;29.51140608
2323;109;67;3148;30.09849902
2324;81;28;2504;52.98887271
2325;74;62;3175;20.72883424
2326;35;61;4168;25.32568349
2327;77;28;2504;44.6063067
2328;79;40;2989;30.80155718
2329;68;71;2526;25.73238696
2330;78;18;3131;27.86612946
2331;49;71;4016;26.61830413
2332;146;-13;3032;10.48712681
2333;94;45;3966;25.22266623
2334;33;26;2458;21.87403614
2335;70;64;3481;7.615265973
2336;25;-14;2152;22.26083218
2337;36;49;2450;14.40962745
2338;62;44;632;13.04636358
2339;9;52;2122;16.59066009
2340;44;22;3847;2.550190908
2341;69;61;3624;35.60987775
2342;65;50;2400;11.19691015
2343;22;43;3531;24.42633192
2344;43;76;4183;14.80770172
2345;31;41;3531;15.56980224
2346;40;57;2450;16.06796804
2347;50;18;2693;13.07914682
2348;94;53;3966;43.87882635
2349;23;17;3675;12.89085805
2350;45;65;4168;14.50182928
2351;72;25;2504;32.05057706
2352;68;89;3700;50.2710944
2353;25;27;3015;16.60192109
2354;76;57;3624;16.36023903
2355;54;34;2459;26.3883141
2356;72;67;3175;15.17546326
2357;103;89;2516;16.42047546
2358;29;36;3403;20.67555015
2359;53;52;4453;28.1703674
2360;19;46;3531;28.54935685
2361;42;60;4168;15.36687172
2362;6;50;2122;22.42159802
2363;36;20;2458;14.22361199
2364;36;71;3040;11.45528143
2365;60;39;2365;0
2366;51;52;4009;24.83748101
2367;14;64;2122;21.97779714
2368;38;98;3055;17.03643102
2369;47;90;4016;27.40869844
2370;13;56;2122;23.28426849
2371;71;56;3624;17.73700254
2372;104;61;3148;23.05579148
2373;74;60;3624;20.93123857
2374;28;70;3040;24.04730512
2375;72;9;3131;9.746954122
2376;44;70;4183;2.763053113
2377;90;28;3966;56.98337933
2378;69;85;3761;43.92592195
2379;46;89;3761;24.33171161
2380;29;53;2301;26.66888205
2381;91;60;3664;9.683724647
2382;56;71;3700;25.69460967
2383;65;17;2504;8.635575021
2384;102;63;3148;23.67198149
2385;41;94;3055;32.54449408
2386;73;16;3131;29.96865394
2387;86;31;2504;60.86071474
2388;131;33;3943;36.23400218
2389;44;13;3780;27.61723076
2390;4;50;2122;27.52706395
2391;36;78;3761;27.78995759
2392;126;38;3943;32.10986893
2393;65;56;2526;28.90434211
2394;95;30;3966;57.80535809
2395;82;35;2989;48.16025901
2396;33;32;3403;31.124023
2397;118;-13;4351;42.47754412
2398;14;67;2122;30.02039362
2399;36;73;3040;16.92527467
2400;66;48;2400;0
2401;51;48;4009;15.46544529
2402;47;23;2693;7.446259857
2403;79;19;3131;31.51608075
2404;86;70;2783;37.9668358
2405;20;46;3531;29.37898939
2406;92;27;3966;58.24379462
2407;-12;117;2122;65.22698162
2408;83;25;3131;61.77208793
2409;114;-13;4351;44.50345027
2410;41;30;2625;17.31549363
2411;76;85;3761;62.22858354
2412;21;39;3531;15.01890838
2413;69;60;3624;32.307086
2414;37;90;3055;31.93396383
2415;78;19;3131;30.59375033
2416;40;72;4168;24.85204937
2417;88;71;2783;33.99147043
2418;72;71;3481;20.34392895
2419;73;49;3564;17.00190595
2420;30;32;3403;21.45683916
2421;97;46;3966;19.86562667
2422;41;96;3055;28.88941244
2423;47;29;2693;23.68364081
2424;53;23;2693;22.43840779
2425;41;61;4168;13.87271964
2426;20;27;3015;5.121451203
2427;39;26;2625;16.24474067
2428;93;41;3966;20.75938737
2429;37;23;2458;10.58644048
2430;19;53;2122;27.26296826
2431;33;33;2458;33.01988887
2432;13;-31;2152;27.88652645
2433;138;-15;3032;81.86720949
2434;35;17;2458;24.54703753
2435;56;27;2693;40.22429792
2436;89;30;3624;65.03866837
2437;46;87;3761;18.98595113
2438;66;55;1999;32.9169992
2439;34;19;2458;8.076755719
2440;19;44;3531;33.84574777
2441;83;26;3131;59.1582604
2442;99;49;3966;17.53471492
2443;103;84;2516;29.0478469
2444;84;38;2989;47.93246896
2445;89;80;2783;29.7251918
2446;85;64;2783;40.62679971
2447;46;40;4009;28.85671423
2448;89;68;2783;25.33672145
2449;69;44;2989;5.178425698
2450;39;52;2450;0
2451;79;38;2989;40.80683811
2452;50;48;4105;12.97199301
2453;25;53;2301;31.20363897
2454;69;68;3481;18.82956101
2455;72;48;3564;2.568297569
2456;46;74;4183;11.14101034
2457;64;59;2526;26.14144354
2458;34;22;2458;0
2459;60;35;2459;0
2460;41;93;3055;35.29379997
2461;41;48;65;4.683018441
2462;51;43;4009;7.634357815
2463;93;46;3966;28.99378262
2464;22;68;4359;27.26648391
2465;84;41;3966;44.68167302
2466;27;1;2153;17.74870389
2467;79;50;3564;33.35355974
2468;88;73;2783;38.78491894
2469;131;1;3854;37.35258488
2470;76;69;3175;28.93190016
2471;-1;30;2205;13.31245706
2472;93;70;2783;5.243383628
2473;68;82;3700;34.17221056
2474;20;-25;2152;20.06986769
2475;59;18;2504;23.49034103
2476;34;58;2450;33.27563482
2477;94;54;3966;46.59716009
2478;56;74;4016;36.63674585
2479;84;53;3624;36.83483121
2480;128;49;3720;38.66011373
2481;99;51;3966;36.33304416
2482;40;19;2625;23.37907528
2483;74;50;3624;20.39438055
2484;28;33;3403;25.66931718
2485;52;82;2509;18.47957866
2486;19;55;2122;22.54818455
2487;6;54;2122;18.80077066
2488;63;46;2400;11.2071869
2489;75;73;3175;38.41971438
2490;91;51;3966;47.25857346
2491;95;23;3966;58.25383179
2492;48;36;4009;20.80383163
2493;67;31;4085;21.16574394
2494;109;66;3148;27.48354869
2495;105;63;3148;24.15301906
2496;18;71;2122;13.724655
2497;8;52;2122;19.12870716
2498;72;38;2989;22.90285438
2499;29;33;3403;23.27948788
2500;71;18;2504;26.23300322
2501;56;76;4016;30.42417752
2502;36;76;3040;24.50147698
2503;66;39;2365;15.56338115
2504;64;20;2504;0
2505;67;54;3624;28.17800623
2506;100;63;3664;20.74797791
2507;88;41;3966;33.89221294
2508;5;52;2122;29.81840509
2509;51;78;2509;0
2510;98;47;3966;14.79133461
2511;35;25;2458;10.97039829
2512;54;63;1999;36.93891202
2513;138;1;3854;55.10255904
2514;89;67;2783;22.75066945
2515;83;30;2989;63.84718859
2516;109;92;2516;0
2517;68;77;3700;23.67584936
2518;54;80;3700;17.62367902
2519;67;46;3564;25.08751797
2520;51;44;4009;5.134768165
2521;53;74;3700;25.05505847
2522;68;22;2504;15.02810859
2523;34;86;3761;39.5949531
2524;31;22;2458;7.508198196
2525;53;73;2509;16.20917559
2526;65;67;2526;0
2527;67;30;4085;18.69220409
2528;77;27;548;46.38146295
2529;77;22;3131;38.79071515
2530;50;11;2693;28.9451661
2531;77;38;2989;35.36123039
2532;126;-11;3854;20.35919524
2533;44;37;4009;28.31132814
2534;119;29;3943;8.646476269
2535;40;60;4168;20.49028311
2536;84;45;3564;39.08470102
2537;14;43;2122;23.00310471
2538;13;39;2122;22.61990855
2539;39;29;2625;24.26521596
2540;85;38;3624;48.65945185
2541;16;43;2122;27.94894911
2542;84;56;3624;31.81584987
2543;57;64;1999;23.93262615
2544;39;87;3761;36.39031159
2545;82;30;2989;61.45944394
2546;46;34;4009;34.68984796
2547;61;30;4085;3.910976792
2548;34;33;3403;26.35128693
2549;54;78;2509;7.733478846
2550;25;17;3675;28.6305219
2551;64;35;548;21.01385979
2552;80;52;3624;28.30473136
2553;24;-20;2152;18.82394281
2554;82;70;3175;44.91257131
2555;53;49;4453;20.46899329
2556;40;74;4183;17.61621251
2557;120;-13;3854;41.16347724
2558;31;42;3531;17.48474884
2559;50;24;2693;17.63511377
2560;15;47;2122;30.73156415
2561;89;70;2783;30.39425049
2562;60;74;2526;35.38532935
2563;36;14;2458;30.19485779
2564;95;46;3966;29.06603447
2565;70;59;3481;24.98174812
2566;35;24;2625;18.15749804
2567;148;-8;3032;12.74870788
2568;63;89;3700;36.5015067
2569;13;68;4045;29.73201767
2570;95;19;3966;68.07966604
2571;12;63;2122;12.28496263
2572;58;18;2504;20.79197176
2573;36;54;2450;26.87164943
2574;42;61;4168;7.67388444
2575;13;-29;2152;33.07464288
2576;5;48;2122;30.07123938
2577;44;29;3847;14.8616838
2578;103;53;3966;35.84371418
2579;36;38;65;30.90471421
2580;95;51;3966;41.16334159
2581;8;46;2122;33.23852331
2582;47;85;3761;18.31771975
2583;17;-25;2152;27.16292487
2584;44;41;4009;18.91080792
2585;67;52;4453;28.09664837
2586;98;43;3966;4.874210485
2587;99;44;3674;25.19633803
2588;55;45;632;23.36170937
2589;32;39;3531;28.95362543
2590;36;72;3040;18.84435944
2591;72;21;2504;28.21224173
2592;58;46;4453;15.80091912
2593;34;18;3780;10.11752079
2594;53;44;4009;13.98670958
2595;91;41;3966;25.61828511
2596;132;49;3720;38.62547838
2597;106;84;2516;21.59260476
2598;66;3;4268;31.39087147
2599;133;33;3943;41.512857
2600;107;25;3943;49.01979848
2601;3;52;2122;32.45237119
2602;61;86;3700;31.84007226
2603;79;42;2989;35.85421826
2604;14;70;2122;26.96531847
2605;82;29;2504;61.98217186
2606;28;68;4359;12.44049472
2607;4;68;2122;29.81960741
2608;145;-8;3032;4.977982811
2609;70;54;3624;20.60115447
2610;151;49;3720;77.74019122
2611;89;73;2783;41.46651451
2612;134;49;3720;43.79414563
2613;40;41;65;15.15564003
2614;8;70;2122;39.57249255
2615;42;58;4168;15.21578867
2616;90;43;3966;34.14342949
2617;15;39;2122;27.68523119
2618;112;63;3148;40.61215216
2619;15;45;2122;36.2834676
2620;128;54;3720;51.23154624
2621;10;46;2122;33.88035713
2622;72;37;2989;20.10282658
2623;24;81;4045;31.90740794
2624;90;52;3664;41.74171129
2625;40;24;2625;0
2626;60;85;3700;21.10159152
2627;46;64;4168;10.76208394
2628;28;38;3531;15.74087475
2629;78;24;2504;37.91864536
2630;58;41;2365;10.73876747
2631;34;13;3780;7.284681617
2632;46;60;4168;20.74025719
2633;60;49;4453;12.82279695
2634;67;90;3700;49.54502215
2635;102;69;3148;33.97438696
2636;77;47;3564;23.27352459
2637;8;30;2205;20.22114307
2638;18;77;4045;16.14460224
2639;39;74;4183;20.25243998
2640;47;35;4009;24.80568622
2641;96;23;3966;55.82562785
2642;48;41;4009;8.755629899
2643;57;54;1999;34.94608922
2644;65;64;2526;7.959212417
2645;135;33;3943;40.09441937
2646;36;88;3055;35.05244532
2647;91;52;3966;44.65115384
2648;27;-3;2153;27.51899117
2649;83;14;2504;71.73660693
2650;20;-1;2153;21.25503989
2651;70;68;3481;17.50925904
2652;57;58;1999;8.747399417
2653;60;70;2526;25.60351924
2654;25;34;3403;20.27793442
2655;29;26;3403;13.75341036
2656;38;80;3761;17.31700739
2657;112;90;2516;11.51931276
2658;72;44;2989;2.623248547
2659;44;24;3847;7.414716324
2660;48;17;2693;8.932144906
2661;24;17;3015;30.9692523
2662;60;75;2509;34.52386991
2663;56;21;2693;25.02662622
2664;23;19;3015;23.67988765
2665;38;67;4359;20.69407468
2666;33;83;4045;26.2544461
2667;18;68;2122;21.14649102
2668;60;71;2526;28.30648605
2669;76;60;3624;24.45880339
2670;41;62;4168;11.32422412
2671;125;2;3854;15.71893322
2672;54;65;4168;32.70315491
2673;81;54;3624;26.51937809
2674;39;93;3055;33.16426803
2675;19;60;2122;24.76051778
2676;69;11;2504;31.40338062
2677;51;74;2509;10.120897
2678;38;91;3055;33.87277672
2679;91;63;3664;17.59073533
2680;17;54;2301;37.2652703
2681;105;62;3148;23.03887661
2682;99;55;3966;32.70632801
2683;145;1;3854;73.55704641
2684;13;52;2122;30.55499005
2685;78;83;3761;58.78967766
2686;41;86;3761;25.69048561
2687;47;24;2693;10.00307826
2688;15;77;4045;7.804896984
2689;108;68;3148;16.13215012
2690;135;30;3943;32.48038898
2691;19;31;3015;17.46238
2692;56;90;3761;42.4132291
2693;47;20;2693;0
2694;90;14;2504;85.89084452
2695;24;15;3675;10.44049899
2696;79;47;2989;27.6226867
2697;74;55;3624;7.387213066
2698;126;32;3943;17.08576404
2699;121;-19;4351;41.26032201
2700;78;29;4085;46.30732428
2701;38;61;4168;17.57093848
2702;41;88;3761;30.91412734
2703;76;62;3624;20.60750526
2704;88;34;3966;51.6412909
2705;66;70;2526;10.13496773
2706;14;31;3729;23.28530997
2707;42;28;3847;20.95349668
2708;-1;73;2122;30.49413516
2709;56;78;3700;7.490809046
2710;78;25;2504;40.57523481
2711;21;60;2122;28.40785136
2712;59;47;2400;18.68497712
2713;36;9;2458;42.22386708
2714;39;95;3055;26.6505541
2715;102;73;2783;24.68808509
2716;40;14;3780;25.14962207
2717;79;33;2989;49.06780953
2718;68;59;2526;36.07805009
2719;74;53;3624;21.41896112
2720;44;50;4105;16.65883529
2721;73;14;3131;25.06671852
2722;13;77;4045;13.09936063
2723;33;62;4244;14.17837417
2724;51;34;2459;23.89837492
2725;69;54;3624;17.24959612
2726;27;68;4359;14.94382613
2727;19;45;3531;25.79683477
2728;109;86;2516;14.68175683
2729;56;45;632;20.7261572
2730;77;16;3131;37.42798544
2731;42;67;4168;12.51592069
2732;65;62;2526;13.22839849
2733;109;68;3148;32.87670156
2734;70;47;3564;10.20291581
2735;26;26;3015;12.7491501
2736;39;97;3055;22.75742343
2737;99;50;3966;29.74353567
2738;33;23;2458;3.336411846
2739;33;28;2458;16.78574081
2740;91;47;3966;32.10920457
2741;78;58;3624;12.37550898
2742;53;70;4183;27.20477658
2743;33;67;4359;7.393911293
2744;128;52;3720;46.84773521
2745;96;47;3966;19.72530874
2746;42;57;4168;18.10944054
2747;48;59;1999;21.94387727
2748;56;82;3700;17.38833579
2749;41;97;3055;27.91042644
2750;39;13;3780;19.95636521
2751;67;36;2365;24.97034989
2752;59;70;2526;23.10786442
2753;32;41;3531;18.25116321
2754;41;45;65;2.522837339
2755;74;39;3564;26.19901558
2756;42;26;3847;16.24533118
2757;87;57;3624;43.55342461
2758;33;1;2153;32.9101346
2759;92;80;2783;21.66992845
2760;17;22;2153;21.60915194
2761;39;30;2625;26.36209323
2762;74;59;3624;33.69895319
2763;64;38;632;17.98289412
2764;91;64;3664;19.40631179
2765;66;46;2400;15.51244751
2766;32;96;3055;27.03283599
2767;61;90;3700;36.94304408
2768;63;21;2504;3.532919894
2769;-21;117;2122;83.87624713
2770;41;90;3761;41.49270444
2771;17;33;3729;15.92003475
2772;53;78;3700;15.23801116
2773;20;22;3015;23.64280866
2774;35;34;3403;31.61567158
2775;53;51;4453;25.35891095
2776;15;56;2122;18.15955827
2777;67;45;2400;19.38920039
2778;55;14;2693;33.82313427
2779;28;36;3403;18.21432532
2780;38;90;3055;34.41993
2781;38;24;2625;5.215188279
2782;80;62;3624;28.1205478
2783;93;72;2783;0
2784;2;73;2122;23.13748368
2785;20;21;3675;23.95917409
2786;50;23;3847;15.10575114
2787;86;68;2783;42.74644232
2788;53;13;2693;31.59657504
2789;98;40;3966;7.501463041
2790;43;24;3847;9.92329589
2791;78;20;3131;33.21550276
2792;31;24;2458;12.7392284
2793;48;24;2693;12.57967951
2794;22;59;2122;25.02830976
2795;13;50;2122;31.13379979
2796;19;49;3531;36.16078952
2797;40;8;2625;40.93406187
2798;79;4;3131;39.09005883
2799;46;84;3761;16.50716434
2800;141;-4;3032;43.29942177
2801;50;63;1999;26.59493127
2802;44;51;4105;14.02824801
2803;27;75;3040;23.98465384
2804;53;37;2459;22.43495639
2805;59;22;2504;17.28681081
2806;34;98;3055;7.620897089
2807;95;50;3966;29.612923
2808;28;18;3780;25.07136449
2809;131;3;3854;42.21683825
2810;52;72;2509;16.52165412
2811;31;33;3403;18.41538865
2812;9;54;2122;11.48967466
2813;3;50;2122;29.97463537
2814;21;59;2122;27.73816792
2815;38;12;3780;15.50439469
2816;35;60;4168;31.42527834
2817;89;35;3966;46.94638803
2818;25;29;3015;11.11436032
2819;55;68;2526;26.83086564
2820;67;24;2504;17.38734222
2821;91;56;3624;49.31287463
2822;34;100;3055;12.8182241
2823;45;90;4016;32.4042583
2824;73;-8;3565;17.14024529
2825;18;39;3531;22.26383363
2826;21;-10;2152;2.389909655
2827;36;57;2450;24.24308048
2828;60;38;2365;7.752847931
2829;42;76;3040;40.45109397
2830;100;84;2516;36.56611175
2831;37;73;3040;14.42348818
2832;101;50;3966;33.98977585
2833;44;25;3847;4.883267393
2834;71;67;3175;22.32368699
2835;69;62;3481;15.62957394
2836;53;54;4453;32.45916647
2837;75;39;2989;21.56790161
2838;70;56;3624;20.08720796
2839;128;60;3720;66.69650217
2840;8;82;2122;38.648561
2841;153;55;3720;88.27597373
2842;69;69;2526;20.58241997
2843;37;25;2625;8.590015051
2844;56;92;3761;47.774099
2845;99;41;3966;12.7714249
2846;95;17;3966;73.36763323
2847;75;49;3564;21.79903978
2848;23;37;3531;15.84636544
2849;90;15;2504;88.30825372
2850;8;63;2122;21.70062044
2851;37;98;3055;14.61817695
2852;37;54;2450;11.12613128
2853;71;62;3481;19.25721093
2854;39;72;4183;25.43746571
2855;20;-26;2152;22.61022852
2856;8;65;2122;27.09031556
2857;59;42;2365;8.950234488
2858;-21;115;2122;89.00447575
2859;53;57;1999;12.26090724
2860;60;68;2526;20.3989515
2861;71;61;3481;21.75331587
2862;29;37;3403;22.07706008
2863;45;35;4009;34.84267927
2864;73;47;3564;11.37225322
2865;52;71;2509;19.25989524
2866;77;18;3131;28.63456968
2867;12;43;2122;29.93935228
2868;82;27;2504;56.82945481
2869;21;24;3015;8.836788034
2870;42;30;3847;25.99353919
2871;13;76;4045;10.04806453
2872;126;-4;3854;2.524640655
2873;66;91;3882;48.05689258
2874;36;37;65;33.50301216
2875;43;37;4009;30.90455427
2876;47;70;4183;10.6054459
2877;118;-19;4351;26.38849112
2878;44;40;4009;20.41925565
2879;89;14;3131;83.29913679
2880;73;71;3481;17.63957312
2881;19;77;4045;18.84110203
2882;61;89;3700;39.77716241
2883;70;66;3481;12.39271939
2884;110;84;2516;25.78394603
2885;48;84;4016;9.640906167
2886;45;52;4105;10.37016515
2887;33;64;4244;10.17207954
2888;16;66;2122;24.81283833
2889;44;84;3761;16.66136806
2890;36;93;3055;23.94329752
2891;102;52;3966;32.26926504
2892;56;50;4453;19.14310906
2893;-4;28;2205;15.23746813
2894;75;81;3761;46.58240285
2895;60;57;1999;23.72819551
2896;45;82;3761;5.391078284
2897;70;53;3624;18.01071818
2898;8;58;2122;24.02584101
2899;73;42;3564;15.40328755
2900;79;36;2989;44.40931651
2901;60;51;4453;17.69677852
2902;58;14;2504;30.32807652
2903;80;4;3131;41.67859533
2904;49;74;4016;19.00679804
2905;91;42;3966;28.32145612
2906;89;85;2783;42.09758708
2907;58;38;2459;15.58185533
2908;50;58;1999;19.59459228
2909;76;28;4085;42.46571906
2910;49;78;4016;7.672024172
2911;72;54;3624;10.04662085
2912;82;52;3564;32.82847027
2913;83;70;3624;44.0370204
2914;35;71;3040;4.999875908
2915;46;23;3847;15.22468775
2916;56;72;3700;22.99419571
2917;96;27;3966;45.49235738
2918;53;64;4168;29.00029717
2919;55;18;2504;29.21673097
2920;69;65;3481;11.41663
2921;51;37;2459;27.43017452
2922;77;51;3564;24.18118965
2923;25;68;4359;20.03266387
2924;20;14;3675;5.813822623
2925;8;40;4507;26.05662827
2926;16;24;3015;21.54645788
2927;61;87;3700;29.16100525
2928;19;80;3616;22.00411277
2929;77;46;3564;20.83745191
2930;78;21;3131;33.77255683
2931;35;91;3055;26.60485878
2932;47;37;4009;24.34627089
2933;37;99;3055;16.86262107
2934;23;22;3015;15.64682703
2935;65;91;3882;46.93933624
2936;80;53;3624;26.12356091
2937;38;20;2625;15.69923647
2938;77;15;3131;23.00901113
2939;37;95;3055;25.00335389
2940;50;30;2459;35.01159773
2941;27;79;4045;25.09875769
2942;85;13;2504;79.35380441
2943;34;20;2458;19.22112575
2944;36;47;644;15.83393908
2945;55;47;4453;24.0759378
2946;100;46;3966;28.22478827
2947;18;-34;2152;24.20536528
2948;81;70;3175;42.45877176
2949;42;42;65;16.62336217
2950;103;44;3674;15.52526537
2951;65;49;2400;8.543885813
2952;36;19;2458;16.93980318
2953;0;73;2122;28.80889009
2954;91;44;3966;33.64118887
2955;63;26;2504;17.0071375
2956;98;38;3966;11.92160173
2957;87;36;3966;45.73117117
2958;111;-19;4351;7.864799352
2959;102;68;3148;31.47842797
2960;94;35;3966;29.26373815
2961;44;88;3761;26.73086449
2962;70;28;2504;34.71492001
2963;58;49;4453;7.73676567
2964;81;53;3624;28.99521717
2965;64;32;548;13.83108509
2966;69;28;2504;32.06745998
2967;84;30;2989;66.44193074
2968;36;30;3403;28.95178474
2969;33;35;3403;32.83375176
2970;77;52;3564;26.38399084
2971;53;16;2693;24.16484378
2972;103;93;2516;21.30643784
2973;85;68;2783;36.13613443
2974;102;57;3664;25.34471847
2975;53;38;4009;24.43894301
2976;42;36;4009;34.41283559
2977;31;68;4359;5.168608727
2978;15;40;3531;27.32977749
2979;95;27;3966;50.18857935
2980;54;75;2509;20.23410097
2981;109;87;2516;13.39435236
2982;54;71;2509;24.07984169
2983;27;42;3531;7.354751971
2984;58;61;1999;10.42853419
2985;23;28;3015;3.467254391
2986;25;67;4359;22.63447428
2987;38;92;3055;31.41081167
2988;28;41;3531;8.183680867
2989;71;44;2989;0
2990;48;57;1999;32.4910871
2991;66;54;3624;25.52143649
2992;68;15;2504;22.52637332
2993;145;-13;3032;7.821974815
2994;15;50;2122;34.00055342
2995;118;-16;4351;33.72497593
2996;43;19;3847;13.02641861
2997;80;48;3564;18.72268009
2998;77;29;4085;43.55077562
2999;37;20;2458;12.84233042
3000;4;45;2122;36.96394459
3001;32;29;2458;20.30630565
3002;75;27;2504;44.7414924
3003;62;47;2400;11.05286982
3004;83;52;3624;40.4501482
3005;49;63;4168;23.11921987
3006;68;19;2504;12.35626997
3007;22;37;3531;18.34321623
3008;68;16;2504;17.45887752
3009;53;45;632;29.11504407
3010;76;18;3131;22.83541301
3011;138;3;3032;54.02088427
3012;31;91;3055;17.43270061
3013;70;52;3624;24.93524463
3014;24;24;3015;12.40354836
3015;22;27;3015;0
3016;60;90;3700;39.44381973
3017;107;118;2516;58.17246927
3018;33;31;2458;38.46253741
3019;49;35;4009;24.30527024
3020;14;71;2122;23.90855459
3021;70;32;548;28.95698946
3022;47;88;3761;24.09360219
3023;35;30;3403;26.23711031
3024;35;53;2450;27.97678304
3025;78;57;3624;11.15666673
3026;19;-34;2152;26.85307933
3027;24;14;3675;12.87204591
3028;107;107;2516;53.53922547
3029;20;15;3675;13.76641313
3030;78;31;2989;46.85592842
3031;91;39;3966;36.0391831
3032;145;-10;3032;0
3033;78;63;3624;25.0653683
3034;18;-35;2152;25.96905876
3035;85;35;2989;55.81709526
3036;36;17;2458;22.00443859
3037;73;15;3131;22.71427443
3038;13;83;3616;28.89809174
3039;141;49;3720;61.68813153
3040;33;71;3040;0
3041;19;73;4045;11.5668358
3042;55;52;4453;32.19499094
3043;90;83;2783;34.78486355
3044;56;58;1999;9.941769536
3045;44;42;65;18.55411152
3046;91;26;3966;61.91540839
3047;46;51;4105;10.42015385
3048;81;56;3624;21.29310354
3049;32;38;3531;26.26734717
3050;85;63;3624;34.85537168
3051;89;10;3131;77.74769967
3052;18;-20;2152;35.1670367
3053;26;31;3403;10.30692587
3054;82;36;2989;45.89304924
3055;31;98;3055;0
3056;24;9;2153;21.91304304
3057;36;39;65;33.61104492
3058;43;23;3847;5.952350429
3059;48;78;4016;5.294171908
3060;151;54;3720;91.21847712
3061;70;49;3564;9.007030537
3062;29;31;3403;18.2910399
3063;136;48;3720;40.296271
3064;37;97;3055;17.66732835
3065;57;90;3700;46.71360899
3066;66;96;3761;64.4750955
3067;88;79;2783;37.87406985
3068;114;-16;4351;42.64592468
3069;115;87;2516;22.45428836
3070;93;57;3624;59.24337613
3071;34;41;3531;26.33659579
3072;-10;92;2122;46.93368875
3073;83;46;2989;35.16076806
3074;92;31;3966;57.72792234
3075;82;31;2989;59.09626643
3076;68;46;3564;32.93968432
3077;40;61;4168;12.69064892
3078;44;49;4105;19.39091814
3079;97;41;3966;10.94690618
3080;31;76;4359;25.323281
3081;63;60;1999;19.01149641
3082;39;84;3761;29.36347428
3083;65;63;2526;10.63168812
3084;42;19;3847;15.4326397
3085;21;15;3675;2.511294534
3086;63;57;1999;21.23568658
3087;59;41;2365;7.924795439
3088;75;66;3481;25.9402506
3089;48;90;4016;25.06232201
3090;65;65;2526;5.40624878
3091;30;36;3403;12.90328726
3092;83;23;3131;50.83618191
3093;73;25;548;29.70694963
3094;53;48;4105;20.40794412
3095;61;46;2400;16.20439953
3096;78;65;3481;33.87889815
3097;72;85;3761;51.7020153
3098;30;43;3531;17.54766762
3099;24;53;2301;19.8002822
3100;15;70;2122;24.0299387
3101;61;14;2504;26.87641516
3102;78;42;2989;33.29626717
3103;58;71;1999;25.72032206
3104;73;20;2504;31.78915144
3105;14;76;4045;11.27934875
3106;74;4;3131;25.93133994
3107;74;47;3564;15.6318434
3108;68;20;2504;9.814944319
3109;70;31;4085;28.71492281
3110;44;98;951;19.18909713
3111;108;70;3148;11.00101632
3112;47;15;2693;13.2576573
3113;106;80;2516;31.61665825
3114;48;83;4016;7.098273771
3115;45;74;4183;8.590596974
3116;67;56;3624;27.61233507
3117;35;19;2458;10.46124283
3118;63;47;2400;8.533972131
3119;48;25;2693;15.03180918
3120;87;75;2783;22.3032044
3121;9;40;4507;27.60729922
3122;74;54;3624;10.00904907
3123;63;51;4453;9.633939279
3124;45;72;4183;3.566988034
3125;114;67;3148;42.64813242
3126;97;63;3664;29.00397222
3127;100;28;3966;61.66857569
3128;68;56;3624;25.56292198
3129;70;29;4085;25.88230721
3130;18;73;4045;10.08957569
3131;76;9;3131;0
3132;72;3;3131;24.88267253
3133;66;61;1999;40.42203397
3134;76;15;3131;15.22421783
3135;128;46;3720;35.87637192
3136;27;73;4359;27.48353795
3137;131;13;3854;47.03123008
3138;89;23;3966;73.33387291
3139;54;74;2509;17.72799553
3140;2;87;2122;35.2208645
3141;62;61;1999;20.0527348
3142;75;67;3175;22.58683637
3143;73;21;2504;30.7948294
3144;100;51;3966;28.69675511
3145;81;27;2504;54.18206241
3146;83;85;2783;57.9517122
3147;77;11;3131;41.94509897
3148;104;70;3148;0
3149;-18;113;2122;86.22156685
3150;108;65;3148;24.06234723
3151;29;48;2301;13.70823533
3152;20;73;4045;14.2004469
3153;128;61;3720;69.06124452
3154;19;64;2122;29.59564464
3155;21;-7;2152;10.65444396
3156;48;63;4168;20.59636729
3157;23;23;3015;13.10599272
3158;7;40;4507;22.55332269
3159;63;64;2526;12.91063967
3160;54;38;2459;21.02382405
3161;83;58;3624;25.67736778
3162;45;14;2693;21.35055899
3163;13;-28;2152;35.00804111
3164;85;6;2504;96.57209175
3165;74;56;3624;9.818256499
3166;88;68;3664;38.62575629
3167;58;33;2459;27.40109032
3168;79;44;2989;20.43327372
3169;47;57;4168;28.59130955
3170;67;15;2504;21.42112641
3171;58;35;2365;25.58990933
3172;10;40;4507;30.24571937
3173;69;70;2526;18.07400458
3174;98;46;3966;22.56404495
3175;68;65;3175;0
3176;16;54;2301;39.70483539
3177;25;51;2301;26.06284859
3178;37;49;2450;13.24066484
3179;53;34;2459;23.80926302
3180;0;66;2122;46.74151759
3181;74;57;3624;12.9170765
3182;69;22;2504;17.42223572
3183;132;54;3720;60.98271692
3184;36;70;3040;8.875113894
3185;75;35;2989;31.33691474
3186;62;56;4453;21.2496914
3187;132;2;3854;33.54387543
3188;66;77;3700;18.58847386
3189;-1;48;2122;45.06695737
3190;71;60;3481;22.78127735
3191;71;69;2526;25.81099693
3192;32;33;2458;30.2630122
3193;54;21;2693;23.49793247
3194;40;89;3761;36.26867678
3195;34;70;3040;8.584405851
3196;64;22;2504;5.024440562
3197;55;49;4453;22.97177711
3198;41;79;3761;43.48409935
3199;101;35;3966;33.46742909
3200;88;61;3664;20.24194789
3201;33;88;3055;42.46673618
3202;59;12;2504;32.51432436
3203;18;76;4045;2.64639756
3204;39;90;3055;37.01532248
3205;23;71;2122;25.93612883
3206;18;24;3015;25.76823296
3207;36;95;3055;20.41188031
3208;31;67;4359;2.485013087
3209;7;45;2122;29.21288313
3210;43;22;3847;5.140696669
3211;20;10;2153;10.39640239
3212;62;90;3700;39.49616415
3213;38;57;2450;19.20235782
3214;45;19;3847;18.65875448
3215;10;43;2122;30.11752747
3216;82;68;3624;41.40881557
3217;93;75;2783;7.723246811
3218;95;35;3966;26.66189684
3219;16;48;2122;40.31186953
3220;75;50;3564;20.87079255
3221;36;4;3780;39.58219018
3222;62;89;3700;35.56000192
3223;87;70;2783;35.53885387
3224;83;19;3131;41.63311295
3225;10;34;3729;34.59048871
3226;79;56;3624;26.03074302
3227;53;67;2526;29.24166003
3228;67;89;3700;47.00781845
3229;115;94;2516;19.32465716
3230;73;65;3175;11.9505798
3231;12;34;3729;29.86414664
3232;72;92;3882;46.75655751
3233;70;50;3564;23.26097164
3234;78;46;2989;27.81645247
3235;30;-10;2152;25.47120544
3236;25;61;2301;31.76441665
3237;58;58;1999;2.650419337
3238;77;33;2989;38.69650482
3239;73;19;3131;32.48530386
3240;30;35;3403;10.44016032
3241;42;40;4009;25.30746893
3242;76;5;3131;9.162670353
3243;39;57;2450;21.78058285
3244;16;50;2122;36.64887379
3245;-27;115;2122;103.3533894
3246;21;78;4045;17.56286451
3247;58;55;1999;10.50409269
3248;47;21;2693;2.500229748
3249;68;51;4453;23.27656912
3250;96;39;3966;15.26756017
3251;72;8;3131;12.28032483
3252;90;64;3664;26.25175318
3253;62;57;1999;18.66588969
3254;67;12;2504;25.72534479
3255;95;32;3966;33.91751672
3256;51;33;2459;30.21477327
3257;73;58;3481;15.24572777
3258;40;97;3055;26.14476916
3259;57;12;2693;33.78056461
3260;86;45;2989;45.03370805
3261;42;46;65;7.874433171
3262;20;52;2122;30.9039794
3263;70;37;2989;25.28828529
3264;86;80;2783;36.30069546
3265;78;27;2504;46.05608022
3266;79;51;3564;29.47298858
3267;13;55;2122;26.04763849
3268;42;56;4168;20.4512026
3269;25;56;2301;20.95174213
3270;82;44;2989;28.16129601
3271;86;46;2989;42.53174408
3272;36;90;3055;30.08397706
3273;73;63;3175;16.94752212
3274;42;69;4168;11.91209321
3275;45;86;3761;15.35962137
3276;48;37;4009;23.36002218
3277;34;12;3780;4.806629794
3278;82;49;3564;25.03582877
3279;19;62;2122;34.37951863
3280;75;18;3131;25.30684322
3281;124;-11;3854;24.24315664
3282;56;12;2693;32.89601194
3283;23;54;2301;21.50085014
3284;52;81;2509;21.07383445
3285;53;43;4009;11.48740137
3286;88;52;3664;43.19975355
3287;31;70;4359;9.79707158
3288;73;32;548;36.86227482
3289;92;13;2504;88.31034148
3290;79;57;3624;23.40402263
3291;52;85;4016;20.79261561
3292;31;20;2458;22.86860253
3293;73;44;2989;15.37415425
3294;76;56;3624;5.005941666
3295;82;62;3624;33.22221691
3296;60;36;2365;7.201173383
3297;112;25;3943;61.6683955
3298;66;75;2526;22.4611097
3299;132;46;3720;46.85066987
3300;64;61;2526;21.65107911
3301;83;50;3624;41.87840156
3302;95;20;3966;67.53851483
3303;10;53;2122;16.73249507
3304;69;50;2400;21.65358951
3305;131;-2;3854;44.87990962
3306;76;83;3761;58.92114869
3307;54;51;4453;13.15838845
3308;28;69;3040;26.5248323
3309;84;27;2504;62.02086803
3310;73;39;2989;16.29913809
3311;53;72;2509;18.80507789
3312;71;46;3564;14.39300009
3313;55;16;2693;29.1077438
3314;35;22;2458;2.495795595
3315;33;20;2458;10.87536888
3316;35;98;3055;10.07366534
3317;28;30;3403;7.657581954
3318;88;27;3966;69.04170188
3319;24;31;3403;15.52992292
3320;26;36;3403;22.54603282
3321;73;81;3700;47.33472596
3322;16;40;3531;24.74574797
3323;72;53;3624;12.60563996
3324;50;26;2693;22.48375133
3325;43;29;3847;17.43251038
3326;26;73;3040;28.73520221
3327;85;32;2504;64.42991299
3328;40;71;4183;9.654576049
3329;16;15;4458;7.92453687
3330;39;92;3055;32.50166724
3331;100;39;3966;26.61525593
3332;42;24;3847;12.55910251
3333;43;98;951;16.48003149
3334;83;44;2989;30.10772448
3335;72;56;3624;15.171395
3336;40;54;2450;19.05003718
3337;48;56;4168;32.27791255
3338;51;16;2693;19.0843895
3339;53;75;2509;21.14047734
3340;50;79;2509;5.167282937
3341;44;63;4168;22.33643413
3342;20;13;3675;8.459780779
3343;33;97;3055;11.14659063
3344;27;78;4045;27.67371227
3345;13;27;3729;10.7364608
3346;8;68;2122;34.41837531
3347;104;64;3148;15.58575463
3348;56;9;2693;40.41474757
3349;33;43;3531;25.4351145
3350;96;10;3131;96.61940799
3351;6;68;2122;34.98171684
3352;79;39;2989;33.51768703
3353;89;45;3966;40.88254693
3354;10;60;2122;35.17258503
3355;54;41;4009;18.99809872
3356;73;8;3131;13.58011091
3357;109;73;3148;31.12013443
3358;81;71;3175;45.01931448
3359;135;34;3943;42.72973392
3360;36;87;3055;37.76631722
3361;29;68;4359;20.26754833
3362;28;23;3015;23.81129821
3363;35;57;4168;35.57018938
3364;30;27;3403;10.26981049
3365;70;62;3481;12.9058363
3366;20;9;2153;12.96692856
3367;24;30;3015;14.7646777
3368;68;60;3481;30.76678803
3369;128;40;3720;25.09763733
3370;24;38;3531;13.88836474
3371;43;73;4183;22.75695994
3372;48;60;1999;24.33313523
3373;56;70;1999;24.4671957
3374;-4;32;2205;25.6023571
3375;43;31;3847;26.16236452
3376;48;16;2693;11.38615578
3377;87;25;3131;63.22188652
3378;151;56;3720;94.98278041
3379;31;35;3403;13.1281851
3380;42;23;3847;8.683318721
3381;19;63;2122;31.9133667
3382;58;68;2526;20.23611656
3383;75;57;3624;15.52304857
3384;81;29;2504;59.63656479
3385;65;55;1999;30.25836593
3386;4;53;2122;32.32101848
3387;126;35;3943;24.30770759
3388;65;32;4085;18.84844815
3389;108;75;3148;23.35215777
3390;65;54;2400;20.2266681
3391;86;42;3966;40.73802253
3392;31;56;2301;36.92673301
3393;94;49;3966;33.04469059
3394;73;62;3175;19.52904601
3395;59;54;4453;8.387328208
3396;8;76;2122;34.83234715
3397;79;41;2989;28.72679441
3398;62;58;1999;12.54678953
3399;89;78;2783;34.51168589
3400;45;69;4183;8.080370319
3401;57;37;2459;12.28076001
3402;36;31;3403;31.57921487
3403;30;31;3403;0
3404;81;42;2989;34.16563648
3405;58;69;1999;30.66954663
3406;70;77;3700;29.03685112
3407;68;42;2400;24.43255982
3408;76;58;3624;10.87065512
3409;48;26;2693;17.63235837
3410;152;-8;3032;22.2413147
3411;39;67;4168;20.12670868
3412;80;69;3175;38.5038332
3413;61;54;4453;13.47780322
3414;42;13;3780;27.21739538
3415;68;14;2504;22.32944988
3416;77;50;3624;27.80509206
3417;14;82;4045;25.72080795
3418;68;47;3564;15.2807098
3419;25;59;2301;26.99918057
3420;50;54;1999;30.02121273
3421;37;101;3055;22.35139867
3422;61;48;2400;12.6196172
3423;30;77;4359;29.04681537
3424;19;17;3675;19.71303763
3425;65;66;2526;6.012024095
3426;67;13;2504;26.49116639
3427;40;23;3847;13.64971234
3428;87;39;3966;45.21838489
3429;58;81;3700;14.71870959
3430;29;93;3055;26.83924961
3431;129;54;3720;53.84715074
3432;79;46;2989;25.35687826
3433;72;79;3481;45.64737519
3434;54;44;4009;12.9876571
3435;81;19;3131;36.67818565
3436;58;76;2509;31.49925182
3437;145;3;3032;71.82150549
3438;63;73;3700;20.83684501
3439;98;54;3966;52.42141269
3440;55;51;4453;15.66757298
3441;27;17;3675;23.10796217
3442;39;31;2625;29.43851553
3443;91;70;2783;25.33121379
3444;25;37;3531;18.91610885
3445;113;70;3148;24.59564867
3446;83;20;3131;44.14070941
3447;41;41;65;13.1173131
3448;19;29;3015;22.44456568
3449;87;26;3131;65.95964409
3450;62;54;1999;22.18254519
3451;50;82;2509;13.51439772
3452;63;85;3700;26.71023253
3453;4;56;2122;32.77317124
3454;86;66;3481;54.56870763
3455;36;48;644;13.18515494
3456;63;45;632;16.61388887
3457;48;33;4009;28.38219617
3458;68;3;3131;35.28970058
3459;62;49;4453;17.8292014
3460;47;28;2693;26.21594078
3461;49;57;1999;22.68315974
3462;37;4;3780;36.81771671
3463;71;73;3481;27.90150953
3464;70;-11;3565;18.41521223
3465;89;40;3966;37.45217508
3466;49;67;4183;23.42289726
3467;70;35;2365;34.03532949
3468;73;40;2989;18.95253121
3469;36;40;65;26.24446927
3470;26;54;2301;13.57867854
3471;124;-18;4351;41.82037477
3472;15;51;2122;31.37927557
3473;80;42;2989;27.99078204
3474;84;46;2989;37.90514941
3475;150;54;3720;93.89000169
3476;64;29;4085;10.5934546
3477;65;59;2526;21.23907304
3478;107;116;2516;53.48567497
3479;56;57;1999;12.33224065
3480;28;64;4359;21.88653274
3481;73;64;3481;0
3482;64;67;2526;2.502623618
3483;132;6;3854;44.49666793
3484;68;100;3882;15.98630499
3485;43;28;3847;18.65010352
3486;30;42;3531;15.07522974
3487;33;63;4244;11.57275499
3488;40;31;2625;26.1166054
3489;19;52;2122;29.78248984
3490;26;32;3403;12.71020763
3491;114;-20;4351;63.32992582
3492;13;-25;2152;37.93225437
3493;75;29;4085;38.72786806
3494;73;54;3624;11.01998263
3495;32;93;3055;19.27437114
3496;60;43;2365;10.19957909
3497;126;-10;3854;17.9127028
3498;79;31;2989;49.29167703
3499;34;56;2450;32.13059191
3500;69;56;3624;22.74328724
3501;31;1;2153;38.37655504
3502;52;35;2459;20.14264175
3503;40;10;2625;45.83742
3504;93;48;3966;38.15879821
3505;63;77;3700;10.97272946
3506;21;9;2153;14.19840687
3507;13;-37;2152;44.61935591
3508;96;44;3966;22.60635848
3509;44;7;3780;42.63502743
3510;34;26;2458;10.31792565
3511;91;61;3664;22.47044182
3512;63;49;2400;8.669853614
3513;66;82;3700;29.40317728
3514;31;32;3403;20.63411064
3515;71;54;3624;12.57705819
3516;-21;116;2122;86.64121344
3517;71;12;2504;37.03559878
3518;45;83;3761;7.94936401
3519;112;66;3148;35.15885988
3520;109;82;2516;24.08935532
3521;19;84;3616;11.95275515
3522;82;57;3624;31.30041475
3523;82;42;2989;33.25049861
3524;70;2;3131;36.64758659
3525;76;66;3481;28.11660771
3526;87;33;3966;60.47443759
3527;18;82;4045;22.58868745
3528;14;30;3729;20.93941332
3529;9;58;2122;21.43359919
3530;72;57;3624;17.5990563
3531;25;41;3531;0
3532;96;20;3966;65.11904546
3533;74;20;2504;34.47070079
3534;71;3;3131;27.60168471
3535;4;46;2122;38.87635717
3536;44;43;4009;24.27400787
3537;77;86;3761;63.74022783
3538;79;67;3175;32.63472014
3539;86;30;2504;58.27147315
3540;68;38;632;28.33795297
3541;76;61;3624;17.93544625
3542;75;46;3564;15.43705678
3543;42;70;4183;7.77967044
3544;79;59;3624;21.49883516
3545;70;58;3481;22.54805955
3546;14;24;3015;26.46422741
3547;10;24;3015;36.59544213
3548;27;74;3040;25.14221979
3549;35;83;4045;31.70657327
3550;49;76;4016;12.91330726
3551;44;39;4009;23.21630859
3552;159;55;3720;103.2910814
3553;70;7;3131;27.20730176
3554;70;16;2504;22.90725094
3555;67;18;2504;15.99924266
3556;46;71;4183;7.247664745
3557;23;-25;2152;27.91768081
3558;59;17;2504;19.61230018
3559;35;90;3055;29.11395783
3560;27;72;4359;25.89768535
3561;82;43;2989;30.71897899
3562;81;38;2989;39.73301571
3563;79;20;3131;34.11333
3564;73;48;3564;0
3565;73;-15;3565;0
3566;90;9;2504;93.28009788
3567;17;20;2153;27.09940892
3568;18;74;4045;7.864296128
3569;93;74;2783;5.114637678
3570;96;54;3966;52.20943416
3571;37;70;3040;15.76299742
3572;134;54;3720;66.44868273
3573;99;84;2516;38.9704767
3574;13;-26;2152;40.49691933
3575;7;58;2122;26.68062812
3576;25;58;2301;24.43359928
3577;103;46;3966;26.19205389
3578;93;36;3966;25.09239868
3579;81;24;2504;45.8614925
3580;70;81;3700;39.47891157
3581;84;57;3624;29.30935767
3582;31;17;2458;18.44514673
3583;43;38;65;25.91014007
3584;61;31;4085;6.51856926
3585;79;21;3131;36.20286369
3586;116;-19;4351;28.24690591
3587;32;57;2450;34.10799535
3588;93;23;3966;63.93239045
3589;73;69;3175;21.27516746
3590;38;21;2625;13.37258727
3591;89;41;3966;31.14575026
3592;9;73;2122;31.16359731
3593;42;17;3847;20.66466889
3594;95;24;3966;57.43625924
3595;61;32;4085;9.047585213
3596;9;50;2122;22.3868193
3597;52;69;2509;24.31035404
3598;50;20;3847;23.22208384
3599;78;35;2989;38.80737278
3600;69;21;2504;30.07647635
3601;69;33;4085;31.52741529
3602;54;73;2509;18.89564198
3603;78;60;3624;26.70909612
3604;57;73;2509;27.22018915
3605;95;83;2783;36.91234598
3606;70;57;3624;22.63958245
3607;83;38;2989;50.12032048
3608;83;29;2504;64.66548553
3609;134;6;3854;49.60605909
3610;88;36;3966;46.73919022
3611;8;42;2122;33.67206332
3612;52;37;2459;25.11949025
3613;5;76;2122;26.84400525
3614;48;-2;2693;58.79253463
3615;85;65;2783;43.24151805
3616;19;89;3616;0
3617;128;41;3720;22.58179214
3618;47;66;4168;17.00375133
3619;88;35;3966;44.13747608
3620;85;52;3624;40.40240169
3621;27;15;3675;18.53026157
3622;16;82;4045;27.59085662
3623;47;-2;2693;61.63733303
3624;76;54;3624;0
3625;37;22;2458;7.941403619
3626;56;52;4453;24.72084004
3627;37;82;3761;23.5095131
3628;57;80;3700;15.25034481
3629;31;21;2458;8.311252737
3630;34;97;3055;10.21549289
3631;51;28;2693;35.93360594
3632;31;96;3055;5.511919766
3633;130;33;3943;38.9462375
3634;44;19;2693;14.37216578
3635;12;40;2122;25.93248238
3636;35;95;3055;16.21830702
3637;19;67;2122;37.80795776
3638;36;56;2450;26.90839288
3639;70;26;4085;33.49438211
3640;108;62;3148;30.78358986
3641;28;37;3403;21.02509811
3642;79;18;3131;30.71870292
3643;129;49;3720;41.3479082
3644;116;84;2516;35.50723855
3645;73;-21;3565;15.9619543
3646;75;51;3564;23.78697258
3647;21;-3;2153;17.15301724
3648;13;71;4045;22.32202573
3649;72;40;2989;12.75933331
3650;55;23;2693;27.65762843
3651;59;76;3700;26.57457017
3652;73;3;3131;29.52017443
3653;23;15;3675;7.927978434
3654;46;65;4168;13.27874016
3655;102;17;3966;92.75844625
3656;66;13;2504;20.46936529
3657;89;42;3966;33.19072161
3658;68;93;3882;34.20410042
3659;21;65;4359;27.98120724
3660;13;58;2122;28.15641875
3661;83;56;3624;26.44098046
3662;56;98;951;15.685178
3663;25;33;3015;21.42819673
3664;95;60;3664;0
3665;29;18;3780;22.41810182
3666;62;12;2504;25.0287073
3667;52;34;2459;26.30613473
3668;71;53;3624;13.76713111
3669;80;44;2989;22.81358098
3670;21;41;3531;10.41015537
3671;107;46;3966;36.44647226
3672;64;44;2400;14.44945506
3673;80;54;3624;23.23081517
3674;109;44;3674;0
3675;22;15;3675;0
3676;34;51;2450;39.53644297
3677;76;27;4085;44.9359665
3678;49;17;2693;16.13029379
3679;69;37;2989;27.39672011
3680;63;58;1999;15.0772219
3681;76;42;3564;23.10589057
3682;75;22;3131;35.24888601
3683;4;69;2122;27.46013175
3684;25;52;2301;23.46948275
3685;90;63;3664;23.79353631
3686;106;50;3674;42.53362656
3687;143;1;3854;68.21032235
3688;52;75;4016;23.22401874
3689;41;56;4168;23.03458567
3690;51;60;1999;25.53553696
3691;27;63;4359;18.07652683
3692;23;-3;2153;22.32384422
3693;108;76;3148;25.7174445
3694;126;41;3720;27.54032465
3695;51;84;4016;17.94902537
3696;99;73;2783;16.6059001
3697;31;16;2458;21.15277946
3698;-21;112;2122;95.96485814
3699;52;43;4009;8.892229407
3700;59;78;3700;0
3701;19;79;3616;24.05836672
3702;24;32;3403;21.17349949
3703;93;52;3966;43.86152037
3704;21;82;4045;30.82134172
3705;52;52;4453;39.36346812
3706;52;44;4009;7.615878211
3707;125;-10;3854;20.47039267
3708;95;28;3966;49.14320934
3709;141;3;3032;61.34247487
3710;37;92;3055;31.92388283
3711;41;29;2625;14.7348176
3712;64;50;2400;10.38492002
3713;73;41;2989;21.4444412
3714;23;39;3531;10.47185689
3715;37;19;2458;15.31125666
3716;73;31;4085;36.68591867
3717;77;14;3131;20.22181732
3718;64;18;2504;4.98917971
3719;73;73;3481;22.84544079
3720;137;41;3720;0
3721;141;1;3032;66.38367757
3722;66;16;2504;12.3718156
3723;79;25;2504;41.65033712
3724;31;31;3403;23.28296472
3725;35;84;3761;33.71833715
3726;24;52;2301;22.33455273
3727;76;49;3564;20.29693742
3728;93;53;3966;46.33342555
3729;17;27;3729;0
3730;56;101;951;24.06285474
3731;64;76;3700;14.66641747
3732;27;33;3403;23.06173694
3733;63;37;2365;16.92997053
3734;83;61;3624;33.7458297
3735;125;33;3943;20.79015734
3736;66;32;548;18.68823266
3737;96;25;3966;50.62469207
3738;26;47;2301;5.004382969
3739;58;74;2526;33.86356
3740;79;64;3481;30.21337828
3741;73;50;3564;19.41763395
3742;47;60;4168;21.74068824
3743;36;21;2458;16.34754017
3744;54;69;2509;29.25478555
3745;25;21;3015;28.42593452
3746;142;34;3943;61.07667094
3747;89;77;2783;32.7966618
3748;89;52;3664;40.65981267
3749;68;101;3882;13.20836957
3750;20;-33;2152;30.27798945
3751;103;48;3674;26.00170008
3752;5;58;2122;31.48588523
3753;22;33;3015;28.88532613
3754;71;47;3564;6.388531662
3755;38;45;65;10.28366984
3756;109;83;2516;22.0329348
3757;69;8;3131;23.71029426
3758;45;17;2693;13.67667653
3759;69;27;2504;30.24807571
3760;69;46;2989;10.15447201
3761;45;80;3761;0
3762;95;26;3966;52.72719802
3763;77;17;3131;26.66406069
3764;30;20;2458;12.25578712
3765;39;81;3761;20.855351
3766;76;50;3624;25.39537911
3767;84;43;3966;67.21346766
3768;99;35;3966;28.43636674
3769;42;11;3780;28.77402473
3770;41;24;2625;2.576819083
3771;49;37;4009;24.3238106
3772;88;19;3131;54.24179119
3773;83;57;3624;28.23548811
3774;40;21;3847;18.65007281
3775;64;30;4085;11.45395393
3776;139;1;3032;72.0045692
3777;66;5;4268;36.98413918
3778;9;43;4507;34.8530053
3779;33;74;3040;7.399296157
3780;34;14;3780;0
3781;33;37;3403;26.68042198
3782;58;44;632;13.02880803
3783;32;31;2458;25.88313168
3784;60;82;3700;13.62385214
3785;110;64;3148;35.64852204
3786;25;1;2153;22.92977721
3787;49;19;2693;12.84403909
3788;87;77;2783;27.58894559
3789;69;52;3624;22.38702448
3790;90;67;2783;20.35887666
3791;21;34;3531;27.20358548
3792;49;58;1999;21.99977939
3793;68;37;2365;28.4287682
3794;5;57;2122;33.32080185
3795;40;25;2625;16.18239875
3796;57;75;2509;28.00043902
3797;103;43;3966;18.32114667
3798;68;49;3564;14.53446631
3799;51;69;4183;23.74365336
3800;38;41;65;20.50644945
3801;116;77;2516;54.86602327
3802;36;98;3055;12.96159319
3803;95;47;3966;22.26494765
3804;107;115;2516;56.00433197
3805;38;81;3761;19.76567384
3806;85;57;3624;38.83686612
3807;117;-18;4351;24.6264242
3808;44;87;3761;24.06895429
3809;67;63;2526;15.93970998
3810;54;42;4009;18.17183215
3811;4;55;2122;30.2594233
3812;81;49;3564;22.2615686
3813;46;48;4105;2.40871321
3814;117;87;2516;27.65097595
3815;133;52;3720;59.24087614
3816;6;-26;2152;58.78605466
3817;129;46;3720;43.03119204
3818;69;18;2504;27.27937097
3819;71;81;3700;42.14192341
3820;33;60;4244;18.96466208
3821;48;19;2693;3.919438308
3822;37;41;65;22.7083795
3823;86;35;2989;58.48489891
3824;61;47;2400;13.50375068
3825;72;58;3481;17.72753839
3826;47;56;4168;31.12212489
3827;13;82;3616;31.31159989
3828;105;48;3674;31.37271288
3829;7;57;2122;27.90221413
3830;14;36;2122;40.46753085
3831;69;31;4085;26.29941573
3832;87;29;3966;64.19695139
3833;14;44;2122;28.92315474
3834;73;29;4085;34.07194443
3835;62;60;1999;21.67577424
3836;46;86;3761;16.34632526
3837;17;21;2153;24.4217792
3838;104;56;3664;31.57890744
3839;65;42;2400;16.2753527
3840;26;80;4045;21.39054016
3841;5;30;2205;23.6948377
3842;45;43;4009;21.63044701
3843;110;62;3148;35.66074536
3844;67;22;2504;12.29166172
3845;64;39;2365;10.61446416
3846;26;97;3055;28.07540198
3847;44;23;3847;0
3848;75;56;3624;7.463433415
3849;118;-10;3854;38.63932329
3850;32;102;3055;42.33094067
3851;62;59;1999;15.26297266
3852;58;65;1999;27.48545798
3853;60;59;1999;14.00482303
3854;126;-3;3854;0
3855;77;49;3564;18.69870689
3856;46;83;3761;9.085991288
3857;16;-28;2152;42.87434918
3858;31;15;2458;23.58455125
3859;24;34;3403;22.79884967
3860;123;35;3943;20.72510161
3861;77;19;3131;26.19439327
3862;62;78;3700;7.340196476
3863;82;46;3564;32.77614316
3864;20;37;3531;23.75672203
3865;106;66;3148;35.19827458
3866;86;52;3564;43.861029
3867;59;13;2504;29.85646875
3868;15;34;3729;22.35305423
3869;44;14;2693;24.02040975
3870;81;55;3624;23.82329637
3871;15;38;2122;30.17572182
3872;57;92;3761;49.35280988
3873;18;46;3531;34.59026369
3874;50;33;2459;27.50065616
3875;75;21;3131;32.63333968
3876;13;89;3616;14.33934248
3877;11;68;4045;34.948807
3878;12;50;2122;28.63427648
3879;90;32;3966;55.2705987
3880;61;81;3700;17.17282422
3881;113;75;3148;37.26399244
3882;63;101;3882;0
3883;30;33;3403;20.74720654
3884;81;57;3624;18.69604761
3885;119;35;3943;13.33996712
3886;36;44;644;23.36491688
3887;79;27;3131;51.38345898
3888;14;-7;2152;28.18354129
3889;105;51;3674;39.03659633
3890;103;87;2516;29.54716084
3891;37;50;2450;10.54255951
3892;36;82;4045;35.61536363
3893;26;44;2301;13.3070939
3894;54;20;2693;21.19118926
3895;40;73;3040;22.67944411
3896;91;45;3966;32.85019278
3897;11;42;2122;26.30000746
3898;59;56;4453;13.7319878
3899;110;-16;4351;53.71851636
3900;65;87;3700;39.43739098
3901;51;63;4168;28.03677836
3902;91;75;2783;12.88873215
3903;36;15;2458;36.33441737
3904;35;94;3055;18.83493123
3905;28;73;3040;26.84322257
3906;76;34;2989;34.81858525
3907;68;8;3131;22.9913325
3908;126;4;3854;42.01726097
3909;77;45;3564;23.29737289
3910;21;26;3015;3.644100066
3911;54;70;2509;26.62114703
3912;82;21;3131;44.46750009
3913;64;89;3700;40.91629193
3914;14;18;2153;40.44397494
3915;49;90;4016;27.5678526
3916;124;-10;3854;26.95168318
3917;23;18;3675;23.64762953
3918;16;73;4045;19.28941306
3919;80;36;2989;41.43285679
3920;54;1;2693;65.87987202
3921;71;57;3624;23.75244882
3922;7;87;2122;48.11050037
3923;71;20;2504;31.7927789
3924;91;35;3966;46.04842695
3925;58;51;4453;2.667920193
3926;52;78;4016;15.29979724
3927;72;65;3175;9.957544061
3928;19;72;4045;14.30294244
3929;5;68;2122;32.39688459
3930;21;21;3015;16.77042707
3931;75;7;3131;19.98457481
3932;72;22;2504;25.68138885
3933;108;73;3148;28.58044778
3934;71;24;2504;28.2102164
3935;75;23;3131;37.7015565
3936;93;26;3966;57.88718709
3937;77;3;3131;36.21766698
3938;51;40;4009;15.39157391
3939;58;75;2509;31.5736206
3940;14;27;3729;13.3328401
3941;80;68;3175;36.30580706
3942;25;45;3531;11.11821107
3943;120;32;3943;0
3944;39;96;3055;23.784962
3945;29;14;3780;13.38709147
3946;21;77;4045;20.09858974
3947;47;84;4016;12.13177582
3948;23;27;3015;2.593664963
3949;75;48;3564;10.39533361
3950;68;92;3882;36.78964942
3951;59;20;2504;12.14819256
3952;89;61;3664;23.01864227
3953;103;81;2516;37.09410091
3954;66;-8;4268;2.460574963
3955;39;23;2625;8.885381556
3956;77;48;3564;15.8916862
3957;60;41;2365;5.310642009
3958;14;50;2122;33.44886259
3959;105;55;3664;35.37170893
3960;33;45;2301;28.59064948
3961;85;36;3624;53.52972641
3962;50;13;2693;23.62188543
3963;80;73;3481;40.87846683
3964;6;27;3729;28.62414294
3965;67;8;3131;28.74006812
3966;99;42;3966;0
3967;2;81;2122;26.0641875
3968;54;24;2693;26.09390883
3969;75;64;3481;25.49654639
3970;78;84;3761;61.36601349
3971;52;20;2693;26.49752662
3972;73;38;2989;24.00411916
3973;99;30;3966;46.79654968
3974;42;31;3847;28.63684573
3975;97;45;3966;17.6020855
3976;48;43;4009;13.94079728
3977;96;36;3966;22.75931019
3978;4;48;2122;32.61281139
3979;33;70;4359;14.99245713
3980;15;76;4045;5.081983273
3981;70;51;3564;20.54219933
3982;59;67;2526;15.3393135
3983;88;67;2783;25.2791819
3984;64;66;2526;8.505284804
3985;62;75;3700;15.50954571
3986;93;43;3966;25.96393708
3987;66;8;3131;31.46700177
3988;54;54;4453;34.986842
3989;121;-25;4351;56.65645397
3990;56;80;3700;12.67499832
3991;76;68;3175;31.56005531
3992;68;7;3131;25.71042499
3993;72;20;2504;30.62670626
3994;90;34;3966;49.91880436
3995;42;68;4168;9.936507501
3996;18;70;2122;16.22637259
3997;141;34;3943;63.67341663
3998;114;-11;4351;49.57074574
3999;34;85;3761;37.00995129
4000;75;8;3131;18.32802935
4001;89;11;3131;75.27360225
4002;27;65;4359;23.49314352
4003;63;62;2526;17.93210913
4004;70;-9;3565;23.63146494
4005;73;67;3175;17.1533767
4006;39;37;65;27.97728369
4007;42;47;65;8.225642733
4008;91;62;3664;19.91628056
4009;49;44;4009;0
4010;31;30;2458;23.76039541
4011;115;83;2516;32.03866274
4012;112;44;3674;7.375601107
4013;78;15;3131;20.42072934
4014;54;66;2526;33.66175582
4015;49;70;4183;15.92060173
4016;48;80;4016;0
4017;16;32;3729;19.59586708
4018;24;45;3531;13.81114168
4019;37;31;2625;34.5272892
4020;59;69;2526;20.36445447
4021;75;61;3175;24.42785007
4022;96;46;3966;17.42497888
4023;84;24;3131;54.47960366
4024;28;48;2301;11.40980466
4025;43;66;4168;20.8867525
4026;58;9;2504;42.85687097
4027;24;27;3015;5.052322937
4028;43;42;65;15.82053782
4029;27;66;4359;9.912998319
4030;87;34;3966;63.14915044
4031;49;42;4009;5.005578112
4032;99;57;3966;37.69967204
4033;36;60;4168;28.79369473
4034;5;66;2122;37.2685709
4035;83;32;2989;58.81626923
4036;52;77;2509;24.39841783
4037;63;16;2504;41.54471627
4038;85;60;3624;42.44393965
4039;44;65;4168;17.22992035
4040;81;23;3131;46.83075935
4041;36;69;3040;11.54587196
4042;41;69;4168;13.55366354
4043;79;22;3131;38.79420321
4044;115;61;3148;51.38152307
4045;17;76;4045;0
4046;74;37;2989;25.17707829
4047;35;28;2458;22.12228889
4048;45;70;4183;5.427960824
4049;87;38;3966;47.80630834
4050;74;8;3131;16.20047569
4051;47;33;4009;30.97404586
4052;1;50;2122;34.91916546
4053;93;31;3966;37.08035712
4054;24;21;3015;20.76286129
4055;5;50;2122;25.16502184
4056;39;42;65;18.67133236
4057;52;84;4016;19.39717657
4058;97;87;2516;45.7170676
4059;29;42;3531;12.27821807
4060;48;82;3761;13.33004088
4061;51;79;2509;7.87179362
4062;35;96;3055;13.72232396
4063;57;45;632;18.30895915
4064;126;52;3720;77.01699368
4065;153;-8;3032;24.97386413
4066;24;50;2301;27.48605494
4067;33;14;3780;2.441883492
4068;36;46;2450;22.46000102
4069;-21;114;2122;90.89923636
4070;13;85;3616;23.64034783
4071;103;57;3664;27.90287395
4072;31;50;2450;28.8826701
4073;33;3;2153;38.44542143
4074;4;58;2122;34.19709291
4075;112;-18;4351;11.3300725
4076;35;39;65;30.18802636
4077;11;45;2122;18.68275782
4078;30;71;4359;13.69964252
4079;14;21;2153;32.2967453
4080;27;35;3403;17.94139598
4081;109;71;3148;36.06539179
4082;74;35;2989;30.06997378
4083;36;91;3055;28.26208467
4084;73;43;3564;12.6158653
4085;60;29;4085;0
4086;51;35;2459;22.66825471
4087;88;57;3664;25.67035058
4088;18;75;4045;5.246432738
4089;91;31;3966;41.84513048
4090;34;29;2458;20.63488096
4091;67;64;2526;13.0012377
4092;61;88;3700;31.85099731
4093;102;62;3664;22.30888172
4094;33;21;2458;3.374710635
4095;45;91;3761;32.33353166
4096;12;-25;2152;40.37031599
4097;13;31;3729;20.82274032
4098;65;18;2504;11.03902826
4099;37;87;3761;35.77760072
4100;54;84;4016;25.41124292
4101;103;95;2516;26.54987165
4102;41;27;2625;19.79077864
4103;42;12;3780;26.26216052
4104;46;25;2693;19.97234466
4105;45;48;4105;0
4106;45;77;3761;23.85600997
4107;7;50;2122;25.02155778
4108;88;62;3664;22.83612992
4109;90;16;2504;90.87268193
4110;60;14;2504;29.50295823
4111;39;41;65;17.88786896
4112;23;66;4359;20.62461385
4113;-4;73;2122;38.34953274
4114;45;41;4009;16.47998154
4115;78;22;3131;34.96868366
4116;48;65;4168;20.5586963
4117;48;62;4168;19.53787621
4118;105;107;2516;58.70792342
4119;14;45;2122;26.34108839
4120;56;33;2459;30.87767462
4121;80;57;3624;15.96878014
4122;47;32;4009;32.23056101
4123;42;35;2625;30.95364803
4124;95;33;3966;31.55404669
4125;69;58;3481;26.99895418
4126;37;55;2450;13.87831925
4127;34;94;3055;18.49857559
4128;37;11;3780;19.09403654
4129;-16;113;2122;81.37053795
4130;76;55;3624;2.559745854
4131;-1;27;2205;10.73630892
4132;70;15;2504;25.54956861
4133;68;48;3564;12.55790878
4134;76;45;3564;19.04452935
4135;29;9;2458;59.87203501
4136;46;35;2459;35.18661958
4137;27;28;3015;13.70873155
4138;49;85;4016;13.29681622
4139;30;17;2458;20.60227055
4140;69;24;2504;22.31567722
4141;20;59;2122;30.41678088
4142;28;53;2301;29.33913692
4143;-4;33;2205;28.24885115
4144;123;-25;4351;62.13900396
4145;83;33;2989;59.22897795
4146;132;12;3854;50.48750091
4147;80;7;3131;49.88013941
4148;31;51;2450;31.44472067
4149;105;52;3966;40.3692014
4150;45;18;2693;10.89390243
4151;19;87;3616;5.363910092
4152;9;51;2122;19.26997367
4153;24;73;4045;24.1561942
4154;41;32;2625;22.49502854
4155;120;31;3943;2.461436911
4156;63;56;1999;22.10914156
4157;41;39;4009;31.43813299
4158;32;30;2458;22.75478682
4159;35;103;3055;22.80251367
4160;48;3;2693;71.16190413
4161;145;-6;3032;10.27699965
4162;41;101;3055;32.82693718
4163;130;31;3943;44.09694696
4164;48;31;2693;29.77332036
4165;66;29;4085;15.28144439
4166;44;80;4183;22.93643678
4167;120;-10;3854;33.62111559
4168;42;64;4168;0
4169;95;42;3966;10.15462925
4170;120;83;2516;44.63221975
4171;119;31;3943;3.599609508
4172;68;39;2365;20.56944029
4173;84;20;3131;45.10371456
4174;81;21;3131;41.02794067
4175;35;33;3403;28.92922217
4176;67;58;3481;30.44220303
4177;94;73;2783;3.941072963
4178;29;59;2301;41.91391981
4179;21;48;2122;45.40123307
4180;73;-13;3565;5.329357384
4181;41;95;3055;29.94154161
4182;86;76;2783;26.0664637
4183;44;71;4183;0
4184;40;83;3761;23.87204838
4185;42;59;4168;12.79218118
4186;53;41;4009;16.4843563
4187;25;54;2301;16.23654226
4188;40;27;2625;20.07260869
4189;106;83;2516;29.24173745
4190;69;47;3564;12.87784048
4191;31;92;3055;15.54969068
4192;31;29;2458;22.85474648
4193;68;24;2504;19.85732809
4194;70;18;2504;23.5434421
4195;6;58;2122;28.97642504
4196;75;28;4085;39.95488051
4197;85;25;3131;58.01053686
4198;17;77;4045;6.464718852
4199;46;63;4168;13.42434721
4200;45;16;2693;16.33403463
4201;73;53;3624;13.86574912
4202;138;-2;3854;62.72489939
4203;137;1;3032;76.32674004
4204;9;32;3729;36.97743236
4205;117;-15;4351;32.18822837
4206;96;32;3966;32.73197541
4207;24;71;2122;28.28727079
4208;43;18;3847;15.01962837
4209;128;67;3720;83.86352417
4210;89;38;3966;42.78096608
4211;69;15;2504;21.12046693
4212;29;-3;2153;32.57274795
4213;74;3;3131;28.75456536
4214;15;48;2122;38.90338333
4215;63;79;3700;10.72601767
4216;98;31;3966;42.9317081
4217;153;46;3720;80.42263446
4218;99;43;3966;7.366589103
4219;44;74;4183;7.26423965
4220;38;56;2450;25.33295639
4221;66;74;2526;20.04861478
4222;54;85;4016;27.84397494
4223;61;41;2365;12.86189049
4224;93;9;2504;100.3016384
4225;91;46;3966;34.60752661
4226;61;101;3882;4.820174426
4227;69;73;2526;25.62408829
4228;45;66;4168;17.06638747
4229;88;75;2783;44.04082007
4230;54;49;4453;17.99978473
4231;59;-3;4268;33.61934892
4232;70;48;3564;7.666444943
4233;83;37;2989;49.15401495
4234;123;33;3943;23.99092219
4235;66;44;2400;10.49682862
4236;65;58;1999;22.70695989
4237;17;41;3531;20.9186725
4238;26;35;3403;20.34619027
4239;50;16;2693;18.44935031
4240;93;68;2783;10.44573184
4241;31;27;2458;20.18794936
4242;77;57;3624;8.57255912
4243;89;63;3664;26.30626008
4244;37;64;4244;0
4245;75;44;2989;10.60893509
4246;30;52;2301;30.39473876
4247;59;1;4268;44.91642284
4248;34;65;4244;10.34888962
4249;41;75;3040;44.05020702
4250;27;83;4045;35.59950289
4251;45;13;2693;24.10502458
4252;27;41;3531;4.750412103
4253;3;40;4507;12.50569837
4254;58;45;632;15.64579199
4255;41;26;2625;21.25525416
4256;21;66;4359;25.48331267
4257;62;94;3700;50.53692733
4258;50;14;2693;23.83318648
4259;73;-22;3565;18.59008815
4260;48;2;2693;68.84957996
4261;98;61;3966;69.8951529
4262;74;40;2989;17.95321477
4263;56;67;2526;23.02127897
4264;48;39;4009;13.69043558
4265;147;-8;3032;10.25059591
4266;46;66;4168;15.97605735
4267;94;46;3966;27.73707568
4268;65;-8;4268;0
4269;64;75;3700;20.69996163
4270;39;35;65;33.11683581
4271;20;18;3675;16.22187705
4272;100;33;3966;44.3757445
4273;73;-3;3565;30.8687498
4274;49;24;2693;15.58957887
4275;102;74;2783;27.26840011
4276;40;90;3761;38.81055603
4277;31;55;2301;39.41646678
4278;32;84;4045;29.97745762
4279;87;32;3966;63.12194828
4280;-1;28;2205;8.25817884
4281;64;12;2504;20.31415661
4282;1;46;2122;46.01395272
4283;71;13;2504;39.80832763
4284;19;30;3015;20.12802617
4285;37;100;3055;19.48124627
4286;18;-39;2152;35.98510822
4287;52;27;2693;39.57098845
4288;12;-26;2152;42.85165993
4289;62;9;2504;33.09230186
4290;27;71;4359;28.52851683
4291;79;68;3175;35.17808376
4292;63;84;3700;23.99024458
4293;86;56;3564;53.25143661
4294;53;14;2693;30.98852954
4295;101;10;3131;108.2534019
4296;6;-32;2152;74.83665007
4297;133;30;3943;37.68379655
4298;151;59;3720;103.2142029
4299;36;35;65;38.95456435
4300;35;32;3403;30.3315196
4301;48;75;4016;12.68072445
4302;79;66;3175;35.31391979
4303;47;97;951;28.76469233
4304;52;9;2693;37.40360665
4305;69;59;3481;23.54978887
4306;73;26;2504;35.95496905
4307;36;92;3055;26.29857877
4308;5;71;2122;29.9057841
4309;45;68;4183;13.29426479
4310;99;45;3966;12.58529058
4311;15;85;3616;29.27400418
4312;138;6;3854;59.32749644
4313;20;71;2122;18.67109425
4314;79;10;3131;49.36018076
4315;26;60;2301;28.50596468
4316;32;34;3403;22.39652946
4317;100;52;3966;27.72979239
4318;34;64;4244;7.646092349
4319;61;82;3700;16.21487871
4320;78;53;3564;29.86224213
4321;65;14;2504;16.69847402
4322;33;42;3531;22.83401227
4323;5;74;2122;21.63257764
4324;45;63;4168;14.54687222
4325;22;31;3015;9.829162101
4326;77;35;2989;36.48786051
4327;26;56;2301;18.24946014
4328;21;64;4359;30.4642214
4329;64;36;2365;17.15170526
4330;25;26;3015;15.27789089
4331;51;59;1999;23.09773475
4332;78;33;2989;41.34137762
4333;33;73;3040;4.897135019
4334;90;58;3664;41.59168606
4335;19;48;2122;39.96948346
4336;89;47;3966;37.16105187
4337;101;107;2516;68.15455232
4338;34;73;3040;7.338551171
4339;100;60;3664;12.35578754
4340;9;87;2122;53.35052476
4341;90;53;3664;40.72737484
4342;23;41;3531;5.179028245
4343;109;-19;4351;12.99198083
4344;72;59;3481;18.9425368
4345;65;92;3882;44.26292169
4346;101;51;3966;31.32426182
4347;93;79;2783;18.0530856
4348;20;40;3531;18.6159065
4349;80;13;3131;45.85741391
4350;61;85;3700;23.64936297
4351;111;-22;4351;0
4352;117;-19;4351;30.89515196
4353;120;36;3943;9.848696836
4354;43;57;4168;18.96890646
4355;41;54;2450;21.78416373
4356;55;48;4453;21.49382524
4357;16;44;2122;30.68645253
4358;99;46;3966;24.99008754
4359;31;66;4359;0
4360;88;26;3131;66.86811356
4361;11;85;3616;40.23982214
4362;57;66;2526;26.17064292
4363;9;46;2122;31.86732322
4364;100;90;2516;22.41369726
4365;34;36;3403;23.0425792
4366;22;26;3015;2.621090121
4367;90;46;3966;35.46203
4368;15;67;2122;28.45666645
4369;92;64;3664;31.47836535
4370;84;19;3131;44.07020082
4371;61;44;632;10.6474759
4372;15;52;2122;28.7921036
4373;53;21;2693;17.2705579
4374;97;88;2516;48.12273754
4375;82;32;2989;56.214819
4376;29;44;3531;17.63945487
4377;96;33;3966;30.33453841
4378;49;21;2693;7.642186449
4379;36;1;2153;40.14476371
4380;71;84;3761;68.43366674
4381;32;49;2450;25.30023015
4382;52;86;4016;26.8627121
4383;96;64;3664;31.53169871
4384;98;42;3966;2.473909357
4385;117;-16;4351;34.81510851
4386;34;63;4244;14.16759648
4387;52;73;2509;13.86463957
4388;19;37;3531;26.35627971
4389;43;44;65;10.64002526
4390;80;26;3131;84.21412562
4391;107;84;2516;33.7895218
4392;97;32;3966;39.33552979
4393;43;9;3780;37.25776456
4394;29;74;3040;18.02046315
4395;42;53;2450;25.35904417
4396;89;18;3131;57.88418856
4397;61;91;3700;39.37447258
4398;62;50;2400;15.60952841
4399;137;0;3032;78.95161558
4400;71;75;3481;32.79707144
4401;41;13;3780;24.81285424
4402;69;89;3700;52.00802179
4403;81;48;3564;21.50096464
4404;42;25;3847;13.75914992
4405;26;45;2301;9.98976285
4406;127;67;3720;86.56583483
4407;44;97;951;20.27067855
4408;26;21;3015;25.36213345
4409;53;46;4453;27.585859
4410;5;31;2205;26.32896126
4411;107;79;2516;35.25349837
4412;82;23;3131;49.45375879
4413;15;68;2122;28.95155326
4414;24;43;3531;19.17693275
4415;27;32;3403;13.91987396
4416;25;19;3675;27.42870384
4417;59;25;2504;24.51883005
4418;115;86;2516;24.61726815
4419;73;-11;3565;10.30208225
4420;63;32;4085;23.91807495
4421;49;13;2693;21.20968241
4422;78;30;2989;49.3387844
4423;23;82;4045;35.7672063
4424;56;17;2504;27.43774272
4425;61;51;4453;10.01138345
4426;51;88;4016;28.55525979
4427;102;60;3664;17.18264321
4428;23;69;4359;27.02517143
4429;38;19;2458;16.27561034
4430;77;25;3131;41.60864884
4431;60;65;2526;22.90124755
4432;13;60;2122;33.99643218
4433;66;43;2400;12.50043325
4434;27;44;3531;12.44209376
4435;74;29;4085;36.06314332
4436;51;92;4016;38.24694808
4437;39;15;2458;31.16372807
4438;55;33;2459;28.28483907
4439;41;100;3055;35.58176982
4440;129;40;3720;26.3408878
4441;0;27;2205;13.38823465
4442;23;24;3015;13.57430795
4443;78;43;2989;24.37773947
4444;77;88;3761;69.16461922
4445;56;91;3761;45.49741875
4446;97;67;2783;38.54506335
4447;16;34;3729;19.82790263
4448;28;76;3040;23.90876459
4449;82;37;2989;46.35658157
4450;28;31;3403;4.988911928
4451;32;28;2458;19.57815023
4452;40;91;3761;41.10034729
4453;59;51;4453;0
4454;105;57;3664;35.45025997
4455;129;2;3854;26.1898614
4456;98;23;3966;76.49172439
4457;85;37;3624;51.01131477
4458;13;15;4458;0
4459;63;83;3700;21.5134488
4460;40;93;3055;33.42782885
4461;123;38;3943;24.67521381
4462;102;55;3664;30.7013415
4463;40;28;2625;23.52707595
4464;27;86;4045;43.63404382
4465;71;65;3481;11.45651033
4466;82;22;3131;47.02258323
4467;126;-14;3854;28.67359502
4468;40;96;3055;26.4481007
4469;26;23;3015;20.11650965
4470;129;-25;4351;76.52001455
4471;99;39;3966;8.043927655
4472;37;52;2450;5.633033531
4473;149;-10;3032;10.50707055
4474;33;68;4359;9.969487575
4475;107;70;3148;7.903797334
4476;27;24;3015;20.17981159
4477;47;87;3761;21.57817932
4478;29;65;4359;25.35139717
4479;56;56;1999;15.41833313
4480;106;97;2516;28.02051058
4481;62;62;2526;20.47852435
4482;38;55;2450;14.42940546
4483;117;-13;4351;37.20377991
4484;59;82;3700;10.94203953
4485;15;42;2122;31.60618023
4486;60;58;1999;16.56485128
4487;59;9;2504;40.03371579
4488;123;-13;3854;49.00916181
4489;36;75;3761;35.27470177
4490;5;36;2205;38.82043487
4491;125;29;3943;19.76386389
4492;71;2;3131;39.36594106
4493;53;40;4009;19.21595159
4494;62;66;2526;10.10027366
4495;70;44;2989;2.692599091
4496;17;78;4045;8.967267387
4497;92;24;3966;65.33149002
4498;133;29;3943;40.4737363
4499;77;13;3131;37.84752616
4500;59;65;2526;20.35724064
4501;80;70;3175;45.0070182
4502;89;91;2783;58.44738031
4503;19;39;3531;20.34671329
4504;23;-7;2152;16.18624184
4505;32;44;3531;29.15204467
4506;41;21;3847;21.33995044
4507;3;35;4507;0
4508;10;78;4045;26.45962016
4509;40;26;2625;18.84739188
4510;73;68;3175;18.71333722
4511;25;12;3675;41.61423417
4512;75;42;3564;20.54347027
4513;65;11;2504;23.76560727
4514;88;91;2783;61.08744626
4515;46;91;3761;29.70790865
4516;61;33;4085;11.4776138
4517;68;35;2365;28.57369805
4518;90;91;2783;61.13906507
4519;67;25;2504;19.46899099
4520;78;82;3761;61.34524328
4521;58;26;2504;28.26973103
4522;76;14;3131;17.69416579
4523;89;39;3966;40.07521206
4524;62;67;2526;7.463904078
4525;103;17;3966;95.23830705
4526;-16;117;2122;70.85805185
4527;97;85;2516;50.77052527
