1,3,4,5,9,10,11,12,13,20,22,23,25
5.0,16.0,2004.0,98.0,20.0,3.0,18,41.0,0.0,1111.0,2150.0,806.0,637.0
719.0,90.0,2013.0,179.0,58.0,109.0,22,48.0,6.0,1200.0,2151.0,836.0,761.0
817.0,116.0,3017.0,204.0,125.0,212.0,34,159.0,19.0,1246.0,2152.0,1016.0,932.0
848.0,134.0,3028.0,207.0,144.0,234.0,38,180.0,21.0,1429.0,2153.0,2332.0,1239.0
908.0,143.0,3229.0,223.0,165.0,288.0,63,208.0,46.0,2193.0,2240.0,2433.0,1386.0
922.0,150.0,3478.0,269.0,176.0,424.0,65,270.0,85.0,2397.0,2244.0,2513.0,1549.0
927.0,160.0,3804.0,306.0,191.0,522.0,68,275.0,107.0,2409.0,2336.0,2567.0,1575.0
1314.0,181.0,4101.0,331.0,199.0,527.0,96,305.0,120.0,2469.0,2432.0,2608.0,1609.0
1325.0,192.0,4118.0,552.0,209.0,529.0,110,324.0,138.0,2532.0,2466.0,2683.0,1678.0
1476.0,241.0,4337.0,581.0,218.0,546.0,118,349.0,139.0,2557.0,2474.0,2800.0,2265.0
1684.0,264.0,4480.0,629.0,222.0,571.0,119,442.0,146.0,2671.0,2553.0,2809.0,2284.0
1866.0,271.0,204,662.0,249.0,618.0,122,559.0,156.0,2699.0,2575.0,2993.0,2322.0
1875.0,297.0,848,687.0,253.0,656.0,130,722.0,184.0,2872.0,2583.0,3011.0,2388.0
2086.0,303.0,908,931.0,257.0,666.0,147,951.0,197.0,2877.0,2648.0,3032.0,2392.0
2170.0,340.0,922,947.0,267.0,688.0,161,1125.0,217.0,2958.0,2650.0,3137.0,2480.0
2216.0,374.0,927,1247.0,294.0,693.0,162,1132.0,230.0,2995.0,2758.0,3187.0,2534.0
2233.0,380.0,1314,1478.0,325.0,725.0,196,1428.0,240.0,3068.0,2826.0,3410.0,2596.0
2245.0,398.0,1325,1822.0,329.0,815.0,202,1562.0,276.0,3281.0,2855.0,3437.0,2599.0
2291.0,435.0,1684,2092.0,354.0,860.0,210,1688.0,314.0,3305.0,2947.0,3483.0,2610.0
2323.0,450.0,1866,2102.0,413.0,945.0,213,1883.0,362.0,3471.0,3026.0,3609.0,2612.0
2357.0,479.0,1875,2103.0,414.0,1378.0,216,1959.0,369.0,3491.0,3034.0,3687.0,2620.0
2372.0,506.0,2216,2104.0,428.0,2137.0,229,2113.0,393.0,3497.0,3052.0,3709.0,2645.0
2384.0,535.0,2233,2105.0,439.0,2138.0,235,2114.0,404.0,3586.0,3056.0,3721.0,2690.0
2443.0,541.0,2263,2106.0,478.0,2139.0,238,2115.0,438.0,3707.0,3155.0,3776.0,2698.0
2445.0,556.0,2291,2107.0,500.0,2140.0,242,2116.0,471.0,3807.0,3163.0,4065.0,2744.0
2472.0,567.0,2292,2108.0,507.0,2141.0,247,2117.0,608.0,3849.0,3211.0,4146.0,2839.0
2494.0,576.0,2357,2109.0,548.0,2142.0,250,2118.0,631.0,3854.0,3221.0,4161.0,2841.0
2495.0,589.0,2411,2173.0,562.0,2168.0,255,2119.0,672.0,3899.0,3235.0,4202.0,3039.0
2506.0,632.0,2443,2175.0,579.0,2181.0,258,2120.0,721.0,3908.0,3366.0,4203.0,3060.0
2516.0,636.0,2445,2177.0,590.0,2225.0,268,2121.0,730.0,3916.0,3462.0,4265.0,3063.0
2597.0,653.0,2468,2195.0,594.0,2238.0,300,2122.0,739.0,3989.0,3492.0,4312.0,3135.0
2618.0,677.0,2516,2196.0,617.0,2294.0,332,2159.0,849.0,3998.0,3501.0,4399.0,3153.0
2635.0,682.0,2597,2209.0,623.0,2375.0,337,2160.0,896.0,4075.0,3506.0,4473.0,3183.0
2657.0,715.0,2611,2210.0,627.0,2383.0,343,2161.0,1149.0,4144.0,3507.0,1111,3299.0
2681.0,748.0,2635,2214.0,658.0,2386.0,353,2162.0,1539.0,4167.0,3557.0,1200,3359.0
2689.0,749.0,2657,2220.0,659.0,2475.0,355,2163.0,2123.0,4205.0,3574.0,1246,3369.0
2715.0,818.0,2685,2223.0,670.0,2500.0,356,2164.0,2184.0,4343.0,3647.0,1429,3378.0
2728.0,823.0,2715,2231.0,681.0,2504.0,357,2165.0,2206.0,4351.0,3692.0,2193,3387.0
2733.0,939.0,2728,2256.0,686.0,2530.0,360,2172.0,2208.0,4352.0,3750.0,2397,3431.0
2759.0,1208.0,2759,2263.0,695.0,2572.0,379,2191.0,2212.0,4385.0,3786.0,2409,3475.0
2783.0,1383.0,2783,2268.0,724.0,2598.0,412,2200.0,2226.0,4455.0,3816.0,2469,3552.0
2830.0,1448.0,2830,2283.0,728.0,2649.0,426,2207.0,2236.0,4467.0,3857.0,2532,3572.0
2884.0,1470.0,2884,2289.0,786.0,2676.0,465,2215.0,2250.0,4470.0,3888.0,2557,3617.0
2906.0,1582.0,2906,2292.0,844.0,2694.0,510,2230.0,2264.0,4483.0,4073.0,2671,3633.0
2959.0,1610.0,2972,2299.0,845.0,2721.0,551,2237.0,2273.0,4488.0,4096.0,2699,3643.0
2972.0,1999.0,2981,2314.0,877.0,2730.0,564,2252.0,2302.0,806,4135.0,2872,3694.0
2974.0,2110.0,3043,2316.0,963.0,2778.0,601,2254.0,2326.0,836,4212.0,2877,3720.0
2981.0,2111.0,3067,2325.0,1046.0,2788.0,606,2257.0,2331.0,1016,4286.0,2995,3735.0
3043.0,2112.0,3069,2352.0,1050.0,2798.0,615,2276.0,2344.0,2332,4288.0,3068,3746.0
3067.0,2178.0,3111,2354.0,1195.0,2824.0,628,2279.0,2346.0,2433,4296.0,3281,3815.0
3069.0,2180.0,3113,2356.0,1201.0,2879.0,639,2290.0,2350.0,2513,4379.0,3305,3817.0
3111.0,2187.0,3120,2373.0,1520.0,2902.0,640,2293.0,2361.0,2567,4504.0,3471,3860.0
3113.0,2189.0,3146,2378.0,1613.0,2903.0,644,2295.0,2364.0,2608,161,3491,3885.0
3125.0,2192.0,3148,2381.0,1702.0,2938.0,651,2298.0,2376.0,2683,412,3497,3943.0
3126.0,2194.0,3217,2404.0,1718.0,2942.0,654,2300.0,2380.0,2800,424,3586,3997.0
3148.0,2199.0,3232,2411.0,1776.0,2971.0,673,2306.0,2399.0,2809,618,3707,4012.0
3150.0,2202.0,3264,2417.0,1859.0,2992.0,710,2312.0,2416.0,2993,654,3807,4044.0
3217.0,2203.0,3306,2418.0,2001.0,3006.0,714,2320.0,2425.0,3011,1367,3849,4064.0
3347.0,2204.0,3357,2446.0,2059.0,3008.0,727,2367.0,2450.0,3032,2131,3854,4155.0
3357.0,2211.0,3389,2448.0,2100.0,3037.0,757,2368.0,2456.0,3137,2132,3908,4163.0
3389.0,2213.0,3399,2468.0,2101.0,3051.0,789,2369.0,2476.0,3187,2133,3916,4171.0
3399.0,2227.0,3445,2470.0,2143.0,3101.0,813,2374.0,2502.0,3350,2134,3989,4209.0
3445.0,2248.0,3484,2473.0,2144.0,3106.0,869,2379.0,2535.0,3410,2135,3998,4217.0
3519.0,2267.0,3520,2489.0,2145.0,3131.0,1367,2385.0,2556.0,3437,2136,4144,4234.0
3520.0,2274.0,3537,2514.0,2146.0,3132.0,1507,2391.0,2573.0,3483,2137,4167,4297.0
3569.0,2278.0,3569,2517.0,2147.0,3134.0,1946,2398.0,2574.0,3609,2154,4205,4298.0
3573.0,2287.0,3573,2542.0,2148.0,3147.0,2124,2407.0,2582.0,3687,2155,4352,4353.0
3605.0,2288.0,3605,2554.0,2149.0,3164.0,2125,2414.0,2590.0,3709,2167,4385,4406.0
3640.0,2321.0,3644,2561.0,2166.0,3170.0,2126,2422.0,2606.0,3721,2186,4455,4440.0
3644.0,2329.0,3693,2568.0,2171.0,3202.0,2127,2437.0,2615.0,3776,2198,4467,4461.0
3693.0,2335.0,3696,2611.0,2176.0,3242.0,2128,2460.0,2627.0,4065,2232,4470,4491.0
3696.0,2338.0,3747,2634.0,2179.0,3251.0,2129,2464.0,2632.0,4146,2234,4483,4498.0
3747.0,2341.0,3749,2651.0,2182.0,3254.0,2130,2496.0,2639.0,4161,2239,4488,5
3756.0,2342.0,3756,2669.0,2185.0,3259.0,2131,2523.0,2665.0,4202,2260,NA,58
3785.0,2359.0,3788,2679.0,2188.0,3282.0,2132,2544.0,2670.0,4203,2262,NA,125
3801.0,2365.0,3801,2685.0,2201.0,3289.0,2133,2569.0,2675.0,4265,2281,NA,218
3814.0,2366.0,3814,2697.0,2217.0,3313.0,2134,2571.0,2701.0,4295,2303,NA,253
3838.0,2371.0,3881,2703.0,2218.0,3348.0,2135,2604.0,2711.0,4312,2311,NA,329
3843.0,2382.0,3890,2741.0,2219.0,3350.0,2136,2607.0,2720.0,4399,2349,NA,414
3865.0,2393.0,3902,2757.0,2222.0,3356.0,2154,2614.0,2723.0,4473,2389,NA,428
3881.0,2400.0,3933,2762.0,2228.0,3415.0,2155,2623.0,2726.0,NA,2434,NA,681
3890.0,2401.0,3953,2764.0,2235.0,3426.0,2156,2638.0,2731.0,NA,2439,NA,719
3902.0,2413.0,3970,2782.0,2241.0,3458.0,2157,2646.0,2743.0,NA,2530,NA,786
3933.0,2438.0,4011,2787.0,2242.0,3464.0,2158,2656.0,2746.0,NA,2550,NA,817
3953.0,2452.0,4058,2821.0,2246.0,3509.0,2167,2666.0,2747.0,NA,2563,NA,844
3959.0,2454.0,4081,2834.0,2249.0,3517.0,2169,2667.0,2794.0,NA,2593,NA,848
4011.0,2457.0,4170,2842.0,2251.0,3524.0,2174,2674.0,2799.0,NA,2631,NA,908
4032.0,2478.0,4177,2853.0,2255.0,3534.0,2183,2678.0,2802.0,NA,2661,NA,931
4058.0,2485.0,4182,2873.0,2277.0,3553.0,2186,2686.0,2814.0,NA,2664,NA,963
4071.0,2488.0,4189,2880.0,2282.0,3554.0,2190,2688.0,2816.0,NA,2695,NA,1314
4081.0,2501.0,4229,2883.0,2297.0,3555.0,2197,2702.0,2827.0,NA,2713,NA,1325
4093.0,2505.0,4275,2894.0,2304.0,3558.0,2198,2708.0,2829.0,NA,2716,NA,1476
4170.0,2509.0,4347,2913.0,2305.0,3565.0,2205,2714.0,2831.0,NA,2750,NA,1478
4177.0,2512.0,4364,2935.0,2308.0,3566.0,2221,2722.0,2852.0,NA,2773,NA,1613
4189.0,2518.0,4374,2948.0,2309.0,3614.0,2224,2736.0,2854.0,NA,2785,NA,1866
4240.0,2521.0,4391,2973.0,2317.0,3623.0,2229,2749.0,2876.0,NA,2797,NA,1875
4261.0,2525.0,4411,3025.0,2324.0,3645.0,2232,2766.0,2885.0,NA,2808,NA,2086
4275.0,2526.0,4418,3033.0,2327.0,3652.0,2234,2769.0,2886.0,NA,2815,NA,2170
4339.0,2543.0,4444,3048.0,2328.0,3656.0,2239,2770.0,2887.0,NA,2924,NA,2185
4347.0,2549.0,4475,3050.0,2330.0,3666.0,2243,2780.0,2896.0,NA,2934,NA,2188
4364.0,2555.0,4502,3066.0,2333.0,3717.0,2247,2784.0,2904.0,NA,2943,NA,2210
4374.0,2562.0,4514,3070.0,2348.0,3718.0,2253,2803.0,2910.0,NA,2952,NA,2222
4383.0,2565.0,4518,3088.0,2351.0,3722.0,2258,2806.0,2914.0,NA,3027,NA,2242
4391.0,2585.0,4520,3096.0,2377.0,3757.0,2259,2822.0,2977.0,NA,3029,NA,2245
4411.0,2588.0,4527,3097.0,2387.0,3763.0,2260,2823.0,2986.0,NA,3036,NA,2251
4418.0,2592.0,NA,3120.0,2394.0,3777.0,2261,2840.0,2990.0,NA,3085,NA,2282
4427.0,2594.0,NA,3122.0,2395.0,3818.0,2262,2850.0,3005.0,NA,3117,NA,2291
4446.0,2602.0,NA,3142.0,2403.0,3867.0,2266,2851.0,3024.0,NA,3162,NA,2304
4454.0,2609.0,NA,3146.0,2406.0,3907.0,2269,2856.0,3040.0,NA,3277,NA,2323
4462.0,2626.0,NA,3161.0,2408.0,3920.0,2270,2858.0,3047.0,NA,3292,NA,2333
4475.0,2630.0,NA,3165.0,2415.0,3931.0,2271,2871.0,3059.0,NA,3315,NA,2348
4502.0,2633.0,NA,3166.0,2419.0,3937.0,2272,2881.0,3077.0,NA,3329,NA,2357
4514.0,2643.0,NA,3173.0,2421.0,3951.0,2275,2888.0,3078.0,NA,3342,NA,2372
4518.0,2644.0,NA,3181.0,2428.0,3954.0,2280,2889.0,3114.0,NA,3414,NA,2381
4527.0,2652.0,NA,3191.0,2436.0,3962.0,2281,2890.0,3115.0,NA,3424,NA,2384
16,2653.0,NA,3200.0,2441.0,3965.0,2285,2898.0,3124.0,NA,3441,NA,2421
58,2662.0,NA,3216.0,2442.0,3987.0,2286,2923.0,3156.0,NA,3503,NA,2428
90,2668.0,NA,3223.0,2444.0,3992.0,2296,2928.0,3169.0,NA,3509,NA,2442
98,2672.0,NA,3226.0,2449.0,4000.0,2301,2931.0,3184.0,NA,3567,NA,2443
116,2677.0,NA,3228.0,2451.0,4001.0,2303,2933.0,3195.0,NA,3582,NA,2463
125,2692.0,NA,3230.0,2455.0,4004.0,2307,2939.0,3198.0,NA,3593,NA,2472
150,2705.0,NA,3232.0,2459.0,4013.0,2310,2941.0,3208.0,NA,3614,NA,2477
165,2709.0,NA,3252.0,2463.0,4026.0,2311,2953.0,3213.0,NA,3621,NA,2481
179,2712.0,NA,3257.0,2465.0,4037.0,2313,2961.0,3236.0,NA,3623,NA,2490
204,2718.0,NA,3264.0,2467.0,4050.0,2315,2987.0,3243.0,NA,3629,NA,2494
207,2725.0,NA,3273.0,2477.0,4098.0,2318,3012.0,3268.0,NA,3653,NA,2495
218,2729.0,NA,3290.0,2479.0,4110.0,2319,3020.0,3269.0,NA,3665,NA,2506
223,2732.0,NA,3294.0,2481.0,4132.0,2334,3022.0,3274.0,NA,3675,NA,2510
241,2742.0,NA,3295.0,2483.0,4147.0,2337,3038.0,3287.0,NA,3697,NA,2516
253,2748.0,NA,3306.0,2490.0,4160.0,2339,3041.0,3308.0,NA,3715,NA,2564
269,2752.0,NA,3321.0,2491.0,4180.0,2340,3055.0,3328.0,NA,3745,NA,2578
294,2765.0,NA,3358.0,2493.0,4194.0,2343,3064.0,3336.0,NA,3764,NA,2580
297,2767.0,NA,3383.0,2498.0,4211.0,2345,3072.0,3337.0,NA,3769,NA,2586
306,2772.0,NA,3394.0,2503.0,4213.0,2347,3080.0,3341.0,NA,3780,NA,2587
329,2775.0,NA,3406.0,2507.0,4224.0,2349,3082.0,3361.0,NA,3837,NA,2597
331,2801.0,NA,3408.0,2510.0,4231.0,2353,3089.0,3363.0,NA,3858,NA,2600
340,2810.0,NA,3412.0,2515.0,4247.0,2355,3100.0,3371.0,NA,3869,NA,2618
354,2819.0,NA,3433.0,2519.0,4259.0,2358,3105.0,3372.0,NA,3903,NA,2624
374,2835.0,NA,3443.0,2522.0,4260.0,2360,3110.0,3392.0,NA,3914,NA,2635
413,2836.0,NA,3454.0,2527.0,4268.0,2362,3130.0,3400.0,NA,3917,NA,2647
414,2838.0,NA,3463.0,2528.0,4273.0,2363,3136.0,3411.0,NA,3920,NA,2657
428,2844.0,NA,3481.0,2529.0,4281.0,2370,3140.0,3419.0,NA,3930,NA,2679
435,2857.0,NA,3484.0,2531.0,4283.0,2389,3149.0,3461.0,NA,3945,NA,2681
439,2859.0,NA,3511.0,2536.0,4289.0,2390,3152.0,3466.0,NA,4054,NA,2682
450,2860.0,NA,3513.0,2540.0,4294.0,2396,3154.0,3470.0,NA,4067,NA,2689
500,2861.0,NA,3522.0,2545.0,4295.0,2402,3180.0,3480.0,NA,4079,NA,2715
506,2865.0,NA,3525.0,2547.0,4304.0,2405,3194.0,3487.0,NA,4103,NA,2728
507,2882.0,NA,3537.0,2551.0,4314.0,2410,3201.0,3499.0,NA,4128,NA,2733
552,2892.0,NA,3538.0,2552.0,4321.0,2412,3203.0,3518.0,NA,4139,NA,2737
556,2895.0,NA,3541.0,2564.0,4349.0,2420,3204.0,3543.0,NA,4160,NA,2740
567,2897.0,NA,3544.0,2570.0,4419.0,2423,3205.0,3550.0,NA,4231,NA,2745
576,2901.0,NA,3580.0,2578.0,4424.0,2424,3207.0,3556.0,NA,4251,NA,2764
581,2907.0,NA,3581.0,2580.0,4487.0,2426,3245.0,3571.0,NA,4260,NA,2783
590,2908.0,NA,3589.0,2586.0,4492.0,2427,3246.0,3576.0,NA,4271,NA,2789
594,2911.0,NA,3603.0,2587.0,4499.0,2429,3258.0,3587.0,NA,4304,NA,2807
627,2916.0,NA,3615.0,2591.0,4513.0,2430,3272.0,3618.0,NA,4393,NA,2821
629,2918.0,NA,3658.0,2595.0,4522.0,2431,3275.0,3638.0,NA,4401,NA,2830
636,2920.0,NA,3661.0,2600.0,22,2434,3279.0,3654.0,NA,4408,NA,2832
653,2927.0,NA,3664.0,2603.0,38,2435,3316.0,3689.0,NA,4416,NA,2845
662,2945.0,NA,3685.0,2605.0,96,2439,3326.0,3691.0,NA,4437,NA,2884
681,2951.0,NA,3719.0,2616.0,161,2440,3330.0,3742.0,NA,4458,NA,2891
687,2963.0,NA,3734.0,2622.0,176,2447,3333.0,3761.0,NA,4511,NA,2946
715,2980.0,NA,3740.0,2624.0,191,2453,3343.0,3792.0,NA,NA,NA,2950
724,2982.0,NA,3749.0,2629.0,199,2458,3344.0,3820.0,NA,NA,NA,2954
749,2984.0,NA,3773.0,2636.0,222,2461,3346.0,3826.0,NA,NA,NA,2956
786,2991.0,NA,3788.0,2641.0,235,2462,3351.0,3856.0,NA,NA,NA,2959
844,3003.0,NA,3790.0,2647.0,238,2471,3354.0,3895.0,NA,NA,NA,2974
931,3009.0,NA,3806.0,2658.0,257,2482,3360.0,3947.0,NA,NA,NA,2981
947,3013.0,NA,3819.0,2673.0,343,2484,3381.0,3979.0,NA,NA,NA,3069
963,3016.0,NA,3848.0,2682.0,357,2486,3396.0,3995.0,NA,NA,NA,3070
1247,3042.0,NA,3870.0,2696.0,548,2487,3417.0,4002.0,NA,NA,NA,3079
1386,3044.0,NA,3882.0,2700.0,562,2492,3421.0,4015.0,NA,NA,NA,3111
1470,3065.0,NA,3884.0,2704.0,579,2497,3423.0,4016.0,NA,NA,NA,3113
1478,3081.0,NA,3900.0,2710.0,606,2499,3430.0,4025.0,NA,NA,NA,3125
1582,3083.0,NA,3913.0,2717.0,617,2508,3453.0,4029.0,NA,NA,NA,3126
1718,3086.0,NA,3927.0,2719.0,623,2511,3495.0,4033.0,NA,NA,NA,3144
1822,3087.0,NA,3941.0,2734.0,654,2520,3516.0,4039.0,NA,NA,NA,3148
1859,3090.0,NA,3950.0,2737.0,658,2524,3521.0,4041.0,NA,NA,NA,3150
2004,3094.0,NA,3952.0,2740.0,714,2533,3527.0,4042.0,NA,NA,NA,3174
2013,3095.0,NA,3963.0,2745.0,727,2537,3529.0,4048.0,NA,NA,NA,3199
2092,3103.0,NA,3969.0,2751.0,728,2538,3548.0,4060.0,NA,NA,NA,3217
2100,3116.0,NA,3970.0,2755.0,757,2539,3549.0,4078.0,NA,NA,NA,3218
2101,3118.0,NA,3983.0,2763.0,845,2541,3559.0,4106.0,NA,NA,NA,3229
2102,3123.0,NA,3991.0,2768.0,877,2546,3560.0,4116.0,NA,NA,NA,3250
2103,3128.0,NA,4005.0,2777.0,1046,2548,3568.0,4117.0,NA,NA,NA,3252
2104,3133.0,NA,4008.0,2789.0,1050,2550,3575.0,4126.0,NA,NA,NA,3297
2105,3139.0,NA,4021.0,2791.0,1201,2558,3592.0,4138.0,NA,NA,NA,3331
2106,3141.0,NA,4038.0,2805.0,1367,2559,3613.0,4141.0,NA,NA,NA,3347
2107,3159.0,NA,4087.0,2807.0,1520,2560,3616.0,4166.0,NA,NA,NA,3357
2108,3175.0,NA,4108.0,2817.0,1702,2563,3622.0,4168.0,NA,NA,NA,3389
2109,3186.0,NA,4121.0,2820.0,1776,2566,3627.0,4178.0,NA,NA,NA,3393
2110,3188.0,NA,4130.0,2828.0,2001,2576,3630.0,4183.0,NA,NA,NA,3439
2148,3190.0,NA,4182.0,2832.0,2059,2577,3632.0,4185.0,NA,NA,NA,3443
2149,3197.0,NA,4226.0,2837.0,2135,2579,3636.0,4187.0,NA,NA,NA,3445
2173,3212.0,NA,4227.0,2845.0,2136,2581,3637.0,4199.0,NA,NA,NA,3504
2175,3222.0,NA,4229.0,2846.0,2143,2584,3648.0,4219.0,NA,NA,NA,3508
2177,3227.0,NA,4242.0,2847.0,2144,2589,3659.0,4220.0,NA,NA,NA,3511
2185,3237.0,NA,4243.0,2849.0,2145,2593,3660.0,4228.0,NA,NA,NA,3519
2188,3247.0,NA,4257.0,2864.0,2146,2601,3683.0,4244.0,NA,NA,NA,3520
2192,3249.0,NA,4291.0,2866.0,2166,2613,3698.0,4248.0,NA,NA,NA,3569
2194,3253.0,NA,4293.0,2868.0,2198,2617,3701.0,4249.0,NA,NA,NA,3570
2195,3284.0,NA,4302.0,2891.0,2241,2619,3704.0,4266.0,NA,NA,NA,3573
2196,3291.0,NA,4334.0,2899.0,2255,2621,3710.0,4277.0,NA,NA,NA,3577
2199,3298.0,NA,4344.0,2900.0,2266,2625,3725.0,4301.0,NA,NA,NA,3640
2201,3300.0,NA,4345.0,2905.0,2296,2628,3730.0,4309.0,NA,NA,NA,3644
2209,3304.0,NA,4369.0,2909.0,2297,2631,3752.0,4315.0,NA,NA,NA,3664
2210,3307.0,NA,4380.0,2912.0,2303,2637,3765.0,4318.0,NA,NA,NA,3671
2213,3311.0,NA,4400.0,2917.0,2311,2640,3779.0,4324.0,NA,NA,NA,3674
2214,3323.0,NA,4402.0,2922.0,2315,2642,3794.0,4327.0,NA,NA,NA,3685
2217,3335.0,NA,4444.0,2929.0,2317,2654,3802.0,4333.0,NA,NA,NA,3686
2218,3339.0,NA,4465.0,2930.0,2324,2655,3805.0,4338.0,NA,NA,NA,3693
2220,3340.0,NA,4501.0,2936.0,2327,2659,3808.0,4354.0,NA,NA,NA,3696
2222,3365.0,NA,4510.0,2946.0,2330,2660,3811.0,4355.0,NA,NA,NA,3703
2223,3368.0,NA,4520.0,2950.0,2340,2661,3827.0,4359.0,NA,NA,NA,3728
2228,3373.0,NA,0,2954.0,2347,2663,3829.0,4386.0,NA,NA,NA,3751
2231,3382.0,NA,5,2955.0,2351,2664,3836.0,4395.0,NA,NA,NA,3756
2242,3385.0,NA,6,2956.0,2377,2680,3840.0,4472.0,NA,NA,NA,3768
2248,3390.0,NA,16,2957.0,2387,2684,3846.0,4474.0,NA,NA,NA,3785
2251,3395.0,NA,20,2960.0,2389,2687,3850.0,4478.0,NA,NA,NA,3790
2256,3398.0,NA,48,2962.0,2402,2691,3876.0,4482.0,NA,NA,NA,3797
2263,3405.0,NA,58,2964.0,2403,2693,3877.0,4489.0,NA,NA,NA,3801
2268,3413.0,NA,85,2965.0,2406,2695,3892.0,16,NA,NA,NA,3803
2274,3420.0,NA,90,2966.0,2408,2706,3904.0,34,NA,NA,NA,3814
2277,3422.0,NA,107,2967.0,2409,2707,3905.0,41,NA,NA,NA,3828
2278,3425.0,NA,116,2970.0,2415,2713,3915.0,48,NA,NA,NA,3838
2282,3429.0,NA,120,2979.0,2424,2716,3918.0,63,NA,NA,NA,3843
2283,3434.0,NA,125,2989.0,2435,2724,3922.0,65,NA,NA,NA,3865
2287,3436.0,NA,134,2997.0,2436,2727,3928.0,68,NA,NA,NA,3881
2289,3438.0,NA,138,2998.0,2441,2735,3929.0,90,NA,NA,NA,3889
2292,3440.0,NA,139,3002.0,2482,2738,3944.0,98,NA,NA,NA,3890
2299,3450.0,NA,143,3004.0,2491,2739,3946.0,110,NA,NA,NA,3896
2304,3451.0,NA,144,3010.0,2493,2750,3967.0,116,NA,NA,NA,3933
2305,3452.0,NA,146,3021.0,2515,2753,3980.0,118,NA,NA,NA,3952
2308,3456.0,NA,150,3030.0,2522,2754,3996.0,119,NA,NA,NA,3953
2314,3459.0,NA,156,3031.0,2527,2756,3999.0,122,NA,NA,NA,3959
2316,3477.0,NA,160,3035.0,2528,2760,4034.0,130,NA,NA,NA,3966
2321,3479.0,NA,165,3046.0,2529,2761,4045.0,134,NA,NA,NA,3973
2325,3482.0,NA,181,3054.0,2545,2771,4062.0,143,NA,NA,NA,3975
2328,3494.0,NA,192,3061.0,2547,2773,4069.0,144,NA,NA,NA,3977
2329,3496.0,NA,209,3073.0,2559,2774,4070.0,147,NA,NA,NA,3986
2333,3500.0,NA,218,3074.0,2563,2776,4074.0,150,NA,NA,NA,4008
2335,3505.0,NA,222,3075.0,2570,2779,4083.0,159,NA,NA,NA,4011
2341,3512.0,NA,230,3076.0,2591,2781,4088.0,160,NA,NA,NA,4022
2348,3515.0,NA,240,3079.0,2605,2785,4095.0,162,NA,NA,NA,4032
2352,3530.0,NA,241,3092.0,2629,2786,4099.0,180,NA,NA,NA,4071
2354,3545.0,NA,247,3093.0,2641,2790,4112.0,181,NA,NA,NA,4081
2356,3597.0,NA,249,3102.0,2659,2792,4113.0,192,NA,NA,NA,4093
2371,3602.0,NA,253,3104.0,2660,2793,4127.0,196,NA,NA,NA,4149
2373,3604.0,NA,257,3107.0,2663,2795,4129.0,202,NA,NA,NA,4169
2378,3606.0,NA,264,3108.0,2687,2796,4151.0,207,NA,NA,NA,4170
2381,3626.0,NA,267,3109.0,2693,2797,4153.0,208,NA,NA,NA,4177
2393,3628.0,NA,271,3127.0,2700,2804,4159.0,213,NA,NA,NA,4189
2404,3651.0,NA,276,3129.0,2710,2808,4162.0,216,NA,NA,NA,4216
2411,3662.0,NA,294,3138.0,2713,2811,4181.0,222,NA,NA,NA,4218
2413,3668.0,NA,297,3143.0,2716,2812,4184.0,223,NA,NA,NA,4225
2417,3672.0,NA,303,3144.0,2717,2813,4191.0,229,NA,NA,NA,4240
2418,3680.0,NA,314,3145.0,2750,2815,4195.0,235,NA,NA,NA,4261
2419,3688.0,NA,324,3168.0,2758,2818,4198.0,238,NA,NA,NA,4267
2421,3690.0,NA,325,3174.0,2768,2825,4207.0,241,NA,NA,NA,4272
2428,3695.0,NA,329,3182.0,2786,2833,4250.0,242,NA,NA,NA,4275
2438,3700.0,NA,332,3185.0,2791,2843,4256.0,247,NA,NA,NA,4310
2442,3705.0,NA,340,3196.0,2793,2848,4276.0,249,NA,NA,NA,4317
2444,3712.0,NA,354,3199.0,2797,2862,4278.0,250,NA,NA,NA,4334
2446,3731.0,NA,362,3218.0,2805,2863,4285.0,255,NA,NA,NA,4339
2448,3739.0,NA,369,3220.0,2815,2867,4290.0,258,NA,NA,NA,4341
2454,3744.0,NA,374,3224.0,2820,2869,4303.0,264,NA,NA,NA,4346
2455,3782.0,NA,380,3233.0,2846,2870,4307.0,268,NA,NA,NA,4358
2457,3784.0,NA,393,3234.0,2849,2874,4308.0,270,NA,NA,NA,4369
2463,3789.0,NA,398,3238.0,2866,2875,4311.0,271,NA,NA,NA,4383
2465,3796.0,NA,404,3239.0,2868,2878,4313.0,275,NA,NA,NA,4384
2467,3798.0,NA,413,3250.0,2909,2893,4323.0,294,NA,NA,NA,4391
2468,3799.0,NA,414,3255.0,2915,2915,4328.0,297,NA,NA,NA,4411
2470,3809.0,NA,428,3260.0,2917,2919,4340.0,300,NA,NA,NA,4418
2473,3810.0,NA,435,3263.0,2919,2921,4361.0,303,NA,NA,NA,4427
2477,3824.0,NA,439,3265.0,2930,2924,4368.0,305,NA,NA,NA,4446
2478,3825.0,NA,450,3266.0,2955,2925,4394.0,306,NA,NA,NA,4454
2479,3835.0,NA,471,3270.0,2958,2926,4407.0,324,NA,NA,NA,4462
2480,3851.0,NA,478,3271.0,2962,2932,4413.0,325,NA,NA,NA,4471
2481,3852.0,NA,479,3278.0,2965,2934,4423.0,331,NA,NA,NA,4475
2483,3853.0,NA,500,3280.0,2966,2937,4428.0,332,NA,NA,NA,NA
2489,3862.0,NA,506,3286.0,2967,2940,4432.0,337,NA,NA,NA,NA
2490,3872.0,NA,507,3288.0,2979,2943,4436.0,340,NA,NA,NA,NA
2501,3880.0,NA,510,3293.0,2996,2944,4439.0,343,NA,NA,NA,NA
2505,3898.0,NA,535,3296.0,2998,2949,4448.0,349,NA,NA,NA,NA
2507,3901.0,NA,541,3297.0,3002,2952,4452.0,353,NA,NA,NA,NA
2510,3911.0,NA,556,3301.0,3010,2968,4460.0,354,NA,NA,NA,NA
2514,3921.0,NA,567,3302.0,3021,2969,4464.0,355,NA,NA,NA,NA
2517,3925.0,NA,576,3309.0,3030,2975,4468.0,356,NA,NA,NA,NA
2526,3926.0,NA,579,3310.0,3046,2976,4477.0,360,NA,NA,NA,NA
2536,3939.0,NA,589,3312.0,3058,2978,4496.0,374,NA,NA,NA,NA
2540,3957.0,NA,590,3318.0,3068,2983,4508.0,379,NA,NA,NA,NA
2542,3981.0,NA,594,3327.0,3074,2985,4515.0,380,NA,NA,NA,NA
2552,3982.0,NA,617,3331.0,3075,2988,4526.0,398,NA,NA,NA,NA
2554,3984.0,NA,623,3334.0,3084,2994,0,412,NA,NA,NA,NA
2561,3985.0,NA,627,3352.0,3092,2996,6,413,NA,NA,NA,NA
2562,3988.0,NA,631,3353.0,3093,2999,19,426,NA,NA,NA,NA
2564,3990.0,NA,632,3377.0,3104,3000,21,435,NA,NA,NA,NA
2565,4003.0,NA,636,3384.0,3108,3001,34,439,NA,NA,NA,NA
2568,4014.0,NA,653,3388.0,3109,3007,46,442,NA,NA,NA,NA
2578,4020.0,NA,658,3391.0,3112,3014,65,450,NA,NA,NA,NA
2580,4036.0,NA,659,3393.0,3119,3015,68,465,NA,NA,NA,NA
2585,4057.0,NA,670,3397.0,3129,3018,85,478,NA,NA,NA,NA
2586,4061.0,NA,677,3404.0,3138,3019,90,479,NA,NA,NA,NA
2587,4063.0,NA,681,3407.0,3143,3023,107,500,NA,NA,NA,NA
2595,4091.0,NA,682,3416.0,3145,3027,118,506,NA,NA,NA,NA
2602,4092.0,NA,686,3418.0,3162,3029,120,510,NA,NA,NA,NA
2603,4100.0,NA,695,3428.0,3167,3036,134,535,NA,NA,NA,NA
2609,4125.0,NA,715,3432.0,3182,3045,138,541,NA,NA,NA,NA
2611,4133.0,NA,719,3435.0,3185,3049,139,548,NA,NA,NA,NA
2616,4156.0,NA,724,3439.0,3193,3053,143,551,NA,NA,NA,NA
2620,4176.0,NA,730,3446.0,3196,3057,146,556,NA,NA,NA,NA
2624,4215.0,NA,739,3449.0,3210,3058,156,559,NA,NA,NA,NA
2626,4221.0,NA,748,3465.0,3214,3062,160,564,NA,NA,NA,NA
2634,4222.0,NA,749,3467.0,3221,3071,162,567,NA,NA,NA,NA
2636,4223.0,NA,786,3468.0,3224,3084,181,576,NA,NA,NA,NA
2644,4230.0,NA,817,3473.0,3235,3085,184,581,NA,NA,NA,NA
2647,4236.0,NA,818,3474.0,3238,3091,192,589,NA,NA,NA,NA
2651,4254.0,NA,823,3476.0,3239,3098,196,590,NA,NA,NA,NA
2653,4263.0,NA,844,3493.0,3248,3099,197,594,NA,NA,NA,NA
2662,4269.0,NA,848,3498.0,3265,3112,202,601,NA,NA,NA,NA
2668,4292.0,NA,877,3504.0,3280,3117,217,606,NA,NA,NA,NA
2669,4305.0,NA,896,3508.0,3288,3119,229,615,NA,NA,NA,NA
2673,4319.0,NA,908,3523.0,3302,3121,230,627,NA,NA,NA,NA
2679,4331.0,NA,922,3526.0,3309,3151,240,628,NA,NA,NA,NA
2682,4350.0,NA,927,3532.0,3318,3157,242,629,NA,NA,NA,NA
2685,4356.0,NA,939,3533.0,3324,3158,258,632,NA,NA,NA,NA
2696,4362.0,NA,951,3539.0,3327,3160,268,636,NA,NA,NA,NA
2697,4371.0,NA,963,3540.0,3338,3162,271,639,NA,NA,NA,NA
2703,4382.0,NA,1046,3542.0,3376,3167,276,640,NA,NA,NA,NA
2705,4387.0,NA,1050,3561.0,3377,3171,314,644,NA,NA,NA,NA
2709,4397.0,NA,1149,3562.0,3384,3172,337,651,NA,NA,NA,NA
2718,4398.0,NA,1195,3563.0,3388,3176,362,653,NA,NA,NA,NA
2719,4409.0,NA,1201,3564.0,3409,3177,369,659,NA,NA,NA,NA
2725,4425.0,NA,1208,3570.0,3414,3178,393,662,NA,NA,NA,NA
2732,4426.0,NA,1314,3577.0,3435,3179,404,670,NA,NA,NA,NA
2734,4431.0,NA,1325,3578.0,3446,3189,426,673,NA,NA,NA,NA
2737,4445.0,NA,1383,3579.0,3449,3192,438,677,NA,NA,NA,NA
2740,4453.0,NA,1448,3584.0,3462,3193,465,682,NA,NA,NA,NA
2741,4459.0,NA,1470,3585.0,3467,3206,471,687,NA,NA,NA,NA
2744,4479.0,NA,1476,3588.0,3476,3209,506,695,NA,NA,NA,NA
2745,4481.0,NA,1520,3591.0,3493,3210,510,710,NA,NA,NA,NA
2748,4484.0,NA,1539,3594.0,3498,3214,535,715,NA,NA,NA,NA
2752,4486.0,NA,1582,3595.0,3501,3215,551,722,NA,NA,NA,NA
2757,4494.0,NA,1610,3599.0,3503,3219,564,748,NA,NA,NA,NA
2762,4500.0,NA,1684,3600.0,3526,3225,608,749,NA,NA,NA,NA
2764,4524.0,NA,1688,3601.0,3532,3231,628,757,NA,NA,NA,NA
2767,0.0,NA,1702,3607.0,3533,3240,631,789,NA,NA,NA,NA
2782,6.0,NA,1718,3608.0,3539,3241,644,813,NA,NA,NA,NA
2787,19.0,NA,1776,3610.0,3563,3244,651,818,NA,NA,NA,NA
2789,20.0,NA,1859,3619.0,3579,3248,653,823,NA,NA,NA,NA
2807,21.0,NA,1866,3620.0,3584,3256,672,869,NA,NA,NA,NA
2821,46.0,NA,1875,3624.0,3585,3261,682,939,NA,NA,NA,NA
2832,48.0,NA,1999,3639.0,3588,3262,721,947,NA,NA,NA,NA
2834,58.0,NA,2001,3642.0,3593,3267,730,951,NA,NA,NA,NA
2835,63.0,NA,2059,3646.0,3594,3276,739,1125,NA,NA,NA,NA
2838,65.0,NA,2086,3649.0,3595,3277,748,1132,NA,NA,NA,NA
2839,68.0,NA,2100,3655.0,3598,3283,823,1201,NA,NA,NA,NA
2842,85.0,NA,2101,3657.0,3599,3285,849,1208,NA,NA,NA,NA
2845,98.0,NA,2110,3669.0,3600,3292,896,1247,NA,NA,NA,NA
2847,107.0,NA,2111,3671.0,3601,3303,939,1383,NA,NA,NA,NA
2853,118.0,NA,2112,3673.0,3608,3314,1149,1428,NA,NA,NA,NA
2860,119.0,NA,2113,3674.0,3631,3315,1208,1448,NA,NA,NA,NA
2861,120.0,NA,2114,3677.0,3634,3317,1383,1470,NA,NA,NA,NA
2864,122.0,NA,2145,3679.0,3639,3319,1448,1507,NA,NA,NA,NA
2873,130.0,NA,2146,3681.0,3642,3320,1539,1562,NA,NA,NA,NA
2880,138.0,NA,2147,3682.0,3650,3322,1582,1582,NA,NA,NA,NA
2882,139.0,NA,2148,3686.0,3655,3324,1610,1610,NA,NA,NA,NA
2883,144.0,NA,2149,3703.0,3677,3325,2110,1688,NA,NA,NA,NA
2891,146.0,NA,2170,3708.0,3678,3329,2111,1822,NA,NA,NA,NA
2894,156.0,NA,2171,3713.0,3682,3332,2112,1883,NA,NA,NA,NA
2897,159.0,NA,2176,3716.0,3708,3338,2123,1946,NA,NA,NA,NA
2905,162.0,NA,2178,3723.0,3716,3342,2124,1959,NA,NA,NA,NA
2911,165.0,NA,2179,3727.0,3723,3345,2125,1999,NA,NA,NA,NA
2912,176.0,NA,2180,3728.0,3736,3349,2126,2092,NA,NA,NA,NA
2913,179.0,NA,2182,3733.0,3737,3355,2157,2105,NA,NA,NA,NA
2920,184.0,NA,2184,3736.0,3758,3362,2158,2106,NA,NA,NA,NA
2922,191.0,NA,2185,3737.0,3759,3364,2174,2107,NA,NA,NA,NA
2927,196.0,NA,2187,3741.0,3762,3367,2178,2108,NA,NA,NA,NA
2929,197.0,NA,2188,3748.0,3769,3370,2184,2109,NA,NA,NA,NA
2935,199.0,NA,2189,3751.0,3772,3374,2187,2110,NA,NA,NA,NA
2936,202.0,NA,2192,3754.0,3775,3375,2189,2111,NA,NA,NA,NA
2946,204.0,NA,2194,3759.0,3787,3376,2197,2112,NA,NA,NA,NA
2948,207.0,NA,2199,3760.0,3821,3379,2199,2113,NA,NA,NA,NA
2950,208.0,NA,2201,3762.0,3831,3380,2203,2114,NA,NA,NA,NA
2954,209.0,NA,2202,3766.0,3832,3386,2206,2115,NA,NA,NA,NA
2956,213.0,NA,2203,3767.0,3834,3401,2208,2116,NA,NA,NA,NA
2964,216.0,NA,2204,3768.0,3844,3402,2211,2117,NA,NA,NA,NA
2970,217.0,NA,2206,3772.0,3847,3403,2212,2118,NA,NA,NA,NA
2973,218.0,NA,2208,3775.0,3861,3409,2213,2119,NA,NA,NA,NA
2991,222.0,NA,2211,3793.0,3869,3414,2226,2120,NA,NA,NA,NA
2997,223.0,NA,2212,3797.0,3875,3424,2236,2121,NA,NA,NA,NA
3004,229.0,NA,2213,3803.0,3879,3427,2250,2122,NA,NA,NA,NA
3013,230.0,NA,2216,3812.0,3887,3441,2258,2124,NA,NA,NA,NA
3016,235.0,NA,2217,3823.0,3894,3442,2264,2125,NA,NA,NA,NA
3017,238.0,NA,2218,3828.0,3899,3444,2269,2126,NA,NA,NA,NA
3025,240.0,NA,2219,3831.0,3903,3447,2270,2127,NA,NA,NA,NA
3028,242.0,NA,2222,3832.0,3906,3448,2273,2128,NA,NA,NA,NA
3031,247.0,NA,2226,3834.0,3912,3455,2278,2129,NA,NA,NA,NA
3033,249.0,NA,2227,3839.0,3923,3457,2286,2130,NA,NA,NA,NA
3048,253.0,NA,2228,3844.0,3932,3460,2287,2156,NA,NA,NA,NA
3050,255.0,NA,2233,3845.0,3934,3469,2301,2157,NA,NA,NA,NA
3061,257.0,NA,2235,3855.0,3935,3472,2302,2158,NA,NA,NA,NA
3066,258.0,NA,2236,3861.0,3936,3485,2307,2159,NA,NA,NA,NA
3070,267.0,NA,2242,3863.0,3968,3486,2313,2160,NA,NA,NA,NA
3073,268.0,NA,2245,3866.0,3971,3488,2318,2165,NA,NA,NA,NA
3079,269.0,NA,2246,3875.0,3993,3489,2321,2167,NA,NA,NA,NA
3081,270.0,NA,2247,3879.0,3998,3490,2326,2169,NA,NA,NA,NA
3083,275.0,NA,2248,3887.0,4023,3502,2331,2171,NA,NA,NA,NA
3086,276.0,NA,2249,3889.0,4035,3503,2337,2172,NA,NA,NA,NA
3088,294.0,NA,2251,3896.0,4040,3510,2339,2173,NA,NA,NA,NA
3090,300.0,NA,2255,3906.0,4043,3514,2343,2174,NA,NA,NA,NA
3096,305.0,NA,2267,3909.0,4073,3528,2344,2175,NA,NA,NA,NA
3097,306.0,NA,2273,3912.0,4075,3531,2345,2177,NA,NA,NA,NA
3102,314.0,NA,2274,3919.0,4082,3535,2346,2178,NA,NA,NA,NA
3103,324.0,NA,2277,3923.0,4085,3536,2350,2179,NA,NA,NA,NA
3107,325.0,NA,2278,3924.0,4089,3546,2360,2180,NA,NA,NA,NA
3116,329.0,NA,2282,3932.0,4103,3547,2361,2183,NA,NA,NA,NA
3120,331.0,NA,2287,3934.0,4104,3551,2362,2187,NA,NA,NA,NA
3122,332.0,NA,2288,3935.0,4109,3567,2364,2189,NA,NA,NA,NA
3128,337.0,NA,2291,3936.0,4115,3582,2366,2190,NA,NA,NA,NA
3133,349.0,NA,2297,3949.0,4128,3583,2370,2192,NA,NA,NA,NA
3141,353.0,NA,2304,3956.0,4140,3590,2376,2194,NA,NA,NA,NA
3142,354.0,NA,2305,3961.0,4145,3593,2380,2195,NA,NA,NA,NA
3144,356.0,NA,2308,3966.0,4150,3596,2382,2197,NA,NA,NA,NA
3146,357.0,NA,2309,3972.0,4165,3598,2390,2199,NA,NA,NA,NA
3153,360.0,NA,2310,3973.0,4173,3611,2399,2200,NA,NA,NA,NA
3159,362.0,NA,2312,3975.0,4174,3612,2405,2201,NA,NA,NA,NA
3161,369.0,NA,2313,3977.0,4193,3621,2416,2202,NA,NA,NA,NA
3165,379.0,NA,2317,3986.0,4196,3625,2425,2203,NA,NA,NA,NA
3166,393.0,NA,2320,3993.0,4197,3629,2430,2204,NA,NA,NA,NA
3168,404.0,NA,2321,3994.0,4200,3631,2440,2209,NA,NA,NA,NA
3173,413.0,NA,2323,4022.0,4208,3634,2450,2211,NA,NA,NA,NA
3174,414.0,NA,2324,4023.0,4239,3635,2453,2213,NA,NA,NA,NA
3175,426.0,NA,2327,4030.0,4251,3641,2456,2215,NA,NA,NA,NA
3181,428.0,NA,2328,4035.0,4258,3650,2461,2217,NA,NA,NA,NA
3183,438.0,NA,2329,4040.0,4274,3653,2476,2218,NA,NA,NA,NA
3186,439.0,NA,2331,4043.0,4279,3663,2478,2219,NA,NA,NA,NA
3188,442.0,NA,2333,4046.0,4287,3665,2485,2220,NA,NA,NA,NA
3190,465.0,NA,2335,4049.0,4306,3667,2486,2221,NA,NA,NA,NA
3191,471.0,NA,2338,4053.0,4326,3670,2487,2223,NA,NA,NA,NA
3199,478.0,NA,2341,4082.0,4332,3675,2497,2224,NA,NA,NA,NA
3200,500.0,NA,2342,4084.0,4343,3676,2501,2227,NA,NA,NA,NA
3212,507.0,NA,2344,4085.0,4351,3678,2502,2228,NA,NA,NA,NA
3216,510.0,NA,2346,4089.0,4360,3684,2508,2229,NA,NA,NA,NA
3218,548.0,NA,2348,4109.0,4370,3697,2509,2230,NA,NA,NA,NA
3220,551.0,NA,2350,4115.0,4373,3699,2512,2231,NA,NA,NA,NA
3222,552.0,NA,2357,4124.0,4375,3702,2518,2234,NA,NA,NA,NA
3223,559.0,NA,2359,4134.0,4378,3706,2521,2237,NA,NA,NA,NA
3226,564.0,NA,2361,4140.0,4379,3711,2525,2243,NA,NA,NA,NA
3228,581.0,NA,2365,4145.0,4390,3714,2535,2246,NA,NA,NA,NA
3229,590.0,NA,2366,4149.0,4393,3715,2537,2247,NA,NA,NA,NA
3230,594.0,NA,2369,4165.0,4396,3724,2541,2248,NA,NA,NA,NA
3232,606.0,NA,2371,4169.0,4401,3726,2543,2249,NA,NA,NA,NA
3233,608.0,NA,2372,4172.0,4412,3729,2549,2252,NA,NA,NA,NA
3234,615.0,NA,2376,4173.0,4417,3732,2556,2254,NA,NA,NA,NA
3249,623.0,NA,2377,4174.0,4420,3738,2558,2256,NA,NA,NA,NA
3250,627.0,NA,2379,4190.0,4421,3743,2560,2257,NA,NA,NA,NA
3252,628.0,NA,2382,4193.0,4422,3745,2562,2258,NA,NA,NA,NA
3253,629.0,NA,2384,4196.0,4430,3753,2568,2259,NA,NA,NA,NA
3257,631.0,NA,2387,4197.0,4435,3755,2573,2261,NA,NA,NA,NA
3260,639.0,NA,2393,4201.0,4437,3758,2574,2266,NA,NA,NA,NA
3264,640.0,NA,2394,4206.0,4456,3764,2576,2267,NA,NA,NA,NA
3266,644.0,NA,2395,4210.0,4466,3769,2581,2269,NA,NA,NA,NA
3270,651.0,NA,2400,4216.0,4497,3770,2582,2270,NA,NA,NA,NA
3271,658.0,NA,2401,4218.0,4506,3771,2590,2271,NA,NA,NA,NA
3273,659.0,NA,2413,4225.0,4516,3774,2601,2272,NA,NA,NA,NA
3278,662.0,NA,2416,4232.0,4517,3778,2602,2274,NA,NA,NA,NA
3286,670.0,NA,2419,4233.0,4519,3780,2606,2275,NA,NA,NA,NA
3290,672.0,NA,2421,4235.0,4521,3781,2615,2276,NA,NA,NA,NA
3293,681.0,NA,2425,4245.0,4525,3783,2619,2278,NA,NA,NA,NA
3294,686.0,NA,2428,4262.0,NA,3787,2621,2279,NA,NA,NA,NA
3295,687.0,NA,2436,4267.0,NA,3791,2626,2280,NA,NA,NA,NA
3298,695.0,NA,2437,4272.0,NA,3795,2627,2285,NA,NA,NA,NA
3300,710.0,NA,2438,4279.0,NA,3800,2632,2286,NA,NA,NA,NA
3301,714.0,NA,2441,4306.0,NA,3813,2639,2287,NA,NA,NA,NA
3304,721.0,NA,2442,4310.0,NA,3821,2652,2288,NA,NA,NA,NA
3306,722.0,NA,2443,4317.0,NA,3822,2653,2290,NA,NA,NA,NA
3312,724.0,NA,2444,4320.0,NA,3830,2662,2292,NA,NA,NA,NA
3321,728.0,NA,2445,4326.0,NA,3833,2665,2293,NA,NA,NA,NA
3323,730.0,NA,2449,4329.0,NA,3837,2668,2295,NA,NA,NA,NA
3331,739.0,NA,2451,4332.0,NA,3841,2670,2296,NA,NA,NA,NA
3334,757.0,NA,2452,4336.0,NA,3842,2672,2298,NA,NA,NA,NA
3335,786.0,NA,2454,4341.0,NA,3847,2675,2299,NA,NA,NA,NA
3353,789.0,NA,2455,4346.0,NA,3858,2677,2300,NA,NA,NA,NA
3358,813.0,NA,2456,4358.0,NA,3859,2680,2301,NA,NA,NA,NA
3365,849.0,NA,2457,4360.0,NA,3864,2684,2305,NA,NA,NA,NA
3368,869.0,NA,2459,4367.0,NA,3868,2692,2306,NA,NA,NA,NA
3382,877.0,NA,2462,4370.0,NA,3869,2701,2307,NA,NA,NA,NA
3383,896.0,NA,2463,4375.0,NA,3871,2709,2308,NA,NA,NA,NA
3385,922.0,NA,2465,4377.0,NA,3873,2711,2310,NA,NA,NA,NA
3390,927.0,NA,2467,4384.0,NA,3874,2720,2312,NA,NA,NA,NA
3391,931.0,NA,2472,4390.0,NA,3878,2723,2313,NA,NA,NA,NA
3393,947.0,NA,2477,4392.0,NA,3883,2726,2314,NA,NA,NA,NA
3394,951.0,NA,2478,4396.0,NA,3886,2727,2316,NA,NA,NA,NA
3397,963.0,NA,2479,4403.0,NA,3891,2731,2318,NA,NA,NA,NA
3398,1046.0,NA,2481,4412.0,NA,3893,2742,2319,NA,NA,NA,NA
3404,1125.0,NA,2483,4417.0,NA,3894,2743,2320,NA,NA,NA,NA
3405,1132.0,NA,2485,4420.0,NA,3897,2746,2321,NA,NA,NA,NA
3406,1149.0,NA,2488,4422.0,NA,3903,2747,2325,NA,NA,NA,NA
3408,1201.0,NA,2490,4430.0,NA,3910,2748,2329,NA,NA,NA,NA
3412,1247.0,NA,2493,4433.0,NA,3914,2752,2334,NA,NA,NA,NA
3416,1428.0,NA,2494,4435.0,NA,3917,2753,2335,NA,NA,NA,NA
3425,1478.0,NA,2495,4443.0,NA,3930,2754,2337,NA,NA,NA,NA
3428,1507.0,NA,2498,4449.0,NA,3938,2767,2338,NA,NA,NA,NA
3429,1539.0,NA,2501,4456.0,NA,3940,2772,2339,NA,NA,NA,NA
3431,1562.0,NA,2503,4457.0,NA,3942,2776,2340,NA,NA,NA,NA
3432,1688.0,NA,2505,4466.0,NA,3945,2794,2341,NA,NA,NA,NA
3433,1702.0,NA,2506,4471.0,NA,3948,2795,2342,NA,NA,NA,NA
3436,1718.0,NA,2507,4495.0,NA,3955,2796,2343,NA,NA,NA,NA
3438,1822.0,NA,2509,4497.0,NA,3958,2799,2345,NA,NA,NA,NA
3439,1859.0,NA,2510,4512.0,NA,3960,2801,2352,NA,NA,NA,NA
3443,1883.0,NA,2512,4516.0,NA,3964,2802,2353,NA,NA,NA,NA
3452,1946.0,NA,2515,4517.0,NA,3968,2810,2354,NA,NA,NA,NA
3454,1959.0,NA,2516,4519.0,NA,3971,2812,2355,NA,NA,NA,NA
3463,2001.0,NA,2518,4523.0,NA,3974,2813,2356,NA,NA,NA,NA
3465,2059.0,NA,2519,4525.0,NA,3976,2814,2358,NA,NA,NA,NA
3473,2092.0,NA,2520,3,NA,3978,2816,2359,NA,NA,NA,NA
3474,2100.0,NA,2521,5,NA,4006,2819,2360,NA,NA,NA,NA
3477,2101.0,NA,2525,16,NA,4007,2827,2362,NA,NA,NA,NA
3478,2102.0,NA,2526,38,NA,4009,2829,2363,NA,NA,NA,NA
3481,2103.0,NA,2527,65,NA,4010,2831,2365,NA,NA,NA,NA
3482,2104.0,NA,2528,68,NA,4017,2836,2366,NA,NA,NA,NA
3484,2105.0,NA,2531,90,NA,4018,2844,2367,NA,NA,NA,NA
3494,2106.0,NA,2535,98,NA,4019,2852,2368,NA,NA,NA,NA
3500,2107.0,NA,2536,109,NA,4024,2854,2369,NA,NA,NA,NA
3504,2108.0,NA,2540,116,NA,4027,2859,2370,NA,NA,NA,NA
3505,2109.0,NA,2543,119,NA,4028,2860,2371,NA,NA,NA,NA
3508,2113.0,NA,2545,120,NA,4031,2865,2373,NA,NA,NA,NA
3511,2114.0,NA,2549,138,NA,4047,2867,2374,NA,NA,NA,NA
3513,2115.0,NA,2551,139,NA,4051,2876,2378,NA,NA,NA,NA
3515,2116.0,NA,2552,143,NA,4052,2882,2379,NA,NA,NA,NA
3522,2117.0,NA,2555,146,NA,4054,2885,2382,NA,NA,NA,NA
3523,2118.0,NA,2556,150,NA,4055,2886,2385,NA,NA,NA,NA
3525,2119.0,NA,2562,160,NA,4056,2887,2390,NA,NA,NA,NA
3530,2121.0,NA,2564,179,NA,4059,2896,2391,NA,NA,NA,NA
3537,2145.0,NA,2565,192,NA,4066,2904,2393,NA,NA,NA,NA
3538,2146.0,NA,2574,207,NA,4067,2908,2396,NA,NA,NA,NA
3541,2147.0,NA,2578,212,NA,4068,2910,2398,NA,NA,NA,NA
3542,2148.0,NA,2580,223,NA,4072,2914,2400,NA,NA,NA,NA
3544,2149.0,NA,2582,234,NA,4076,2916,2401,NA,NA,NA,NA
3545,2165.0,NA,2585,235,NA,4077,2918,2402,NA,NA,NA,NA
3561,2171.0,NA,2586,238,NA,4079,2927,2405,NA,NA,NA,NA
3564,2172.0,NA,2587,241,NA,4080,2944,2410,NA,NA,NA,NA
3570,2173.0,NA,2588,247,NA,4086,2977,2412,NA,NA,NA,NA
3572,2174.0,NA,2592,255,NA,4090,2978,2413,NA,NA,NA,NA
3577,2175.0,NA,2594,264,NA,4094,2980,2414,NA,NA,NA,NA
3578,2176.0,NA,2595,269,NA,4097,2982,2418,NA,NA,NA,NA
3580,2177.0,NA,2597,271,NA,4102,2983,2419,NA,NA,NA,NA
3581,2179.0,NA,2602,288,NA,4103,2984,2420,NA,NA,NA,NA
3589,2182.0,NA,2603,297,NA,4104,2986,2422,NA,NA,NA,NA
3591,2184.0,NA,2605,303,NA,4105,2988,2423,NA,NA,NA,NA
3603,2185.0,NA,2609,306,NA,4107,2990,2424,NA,NA,NA,NA
3604,2190.0,NA,2615,314,NA,4111,2994,2426,NA,NA,NA,NA
3606,2195.0,NA,2616,331,NA,4114,3000,2427,NA,NA,NA,NA
3607,2196.0,NA,2618,332,NA,4119,3005,2429,NA,NA,NA,NA
3615,2200.0,NA,2622,340,NA,4120,3016,2430,NA,NA,NA,NA
3620,2201.0,NA,2624,353,NA,4122,3024,2431,NA,NA,NA,NA
3624,2206.0,NA,2626,356,NA,4123,3040,2435,NA,NA,NA,NA
3628,2208.0,NA,2627,357,NA,4128,3044,2437,NA,NA,NA,NA
3643,2209.0,NA,2630,360,NA,4131,3047,2438,NA,NA,NA,NA
3646,2210.0,NA,2632,362,NA,4136,3059,2440,NA,NA,NA,NA
3651,2212.0,NA,2633,374,NA,4137,3065,2447,NA,NA,NA,NA
3657,2214.0,NA,2635,379,NA,4139,3071,2449,NA,NA,NA,NA
3658,2215.0,NA,2636,380,NA,4142,3077,2452,NA,NA,NA,NA
3661,2216.0,NA,2639,393,NA,4143,3078,2453,NA,NA,NA,NA
3664,2217.0,NA,2642,398,NA,4148,3098,2454,NA,NA,NA,NA
3668,2218.0,NA,2643,435,NA,4150,3099,2455,NA,NA,NA,NA
3669,2219.0,NA,2644,450,NA,4152,3103,2457,NA,NA,NA,NA
3671,2220.0,NA,2647,479,NA,4154,3114,2458,NA,NA,NA,NA
3673,2222.0,NA,2652,506,NA,4157,3115,2459,NA,NA,NA,NA
3674,2223.0,NA,2653,510,NA,4158,3124,2460,NA,NA,NA,NA
3680,2224.0,NA,2657,522,NA,4164,3139,2461,NA,NA,NA,NA
3681,2226.0,NA,2658,527,NA,4175,3151,2462,NA,NA,NA,NA
3685,2228.0,NA,2662,535,NA,4179,3156,2464,NA,NA,NA,NA
3686,2229.0,NA,2665,541,NA,4186,3169,2467,NA,NA,NA,NA
3700,2230.0,NA,2668,546,NA,4188,3176,2470,NA,NA,NA,NA
3703,2231.0,NA,2670,552,NA,4192,3177,2473,NA,NA,NA,NA
3719,2233.0,NA,2672,556,NA,4200,3178,2478,NA,NA,NA,NA
3727,2235.0,NA,2673,567,NA,4204,3184,2482,NA,NA,NA,NA
3728,2236.0,NA,2677,571,NA,4208,3189,2483,NA,NA,NA,NA
3731,2237.0,NA,2681,576,NA,4214,3195,2484,NA,NA,NA,NA
3734,2242.0,NA,2682,581,NA,4237,3198,2485,NA,NA,NA,NA
3739,2243.0,NA,2689,589,NA,4238,3208,2486,NA,NA,NA,NA
3740,2246.0,NA,2692,606,NA,4239,3209,2487,NA,NA,NA,NA
3741,2247.0,NA,2696,629,NA,4241,3212,2488,NA,NA,NA,NA
3748,2249.0,NA,2700,632,NA,4246,3213,2489,NA,NA,NA,NA
3749,2250.0,NA,2704,636,NA,4251,3215,2492,NA,NA,NA,NA
3751,2251.0,NA,2705,637,NA,4252,3219,2493,NA,NA,NA,NA
3754,2255.0,NA,2709,640,NA,4253,3222,2496,NA,NA,NA,NA
3766,2256.0,NA,2712,653,NA,4255,3227,2497,NA,NA,NA,NA
3767,2258.0,NA,2715,656,NA,4258,3236,2498,NA,NA,NA,NA
3768,2261.0,NA,2717,662,NA,4264,3243,2499,NA,NA,NA,NA
3773,2263.0,NA,2718,677,NA,4270,3244,2501,NA,NA,NA,NA
3784,2264.0,NA,2719,687,NA,4271,3261,2503,NA,NA,NA,NA
3788,2266.0,NA,2720,688,NA,4274,3262,2505,NA,NA,NA,NA
3789,2268.0,NA,2725,693,NA,4280,3267,2508,NA,NA,NA,NA
3790,2271.0,NA,2728,714,NA,4282,3268,2509,NA,NA,NA,NA
3796,2272.0,NA,2729,715,NA,4284,3269,2511,NA,NA,NA,NA
3797,2273.0,NA,2731,719,NA,4287,3274,2512,NA,NA,NA,NA
3798,2275.0,NA,2732,725,NA,4299,3283,2517,NA,NA,NA,NA
3803,2277.0,NA,2733,727,NA,4300,3284,2518,NA,NA,NA,NA
3804,2279.0,NA,2734,748,NA,4316,3287,2519,NA,NA,NA,NA
3806,2280.0,NA,2737,749,NA,4322,3291,2520,NA,NA,NA,NA
3809,2282.0,NA,2740,757,NA,4325,3303,2521,NA,NA,NA,NA
3812,2283.0,NA,2742,815,NA,4330,3308,2523,NA,NA,NA,NA
3815,2285.0,NA,2745,817,NA,4335,3311,2524,NA,NA,NA,NA
3819,2289.0,NA,2746,818,NA,4342,3322,2525,NA,NA,NA,NA
3825,2292.0,NA,2747,860,NA,4348,3328,2526,NA,NA,NA,NA
3828,2293.0,NA,2748,922,NA,4357,3336,2527,NA,NA,NA,NA
3835,2296.0,NA,2751,931,NA,4363,3337,2533,NA,NA,NA,NA
3848,2298.0,NA,2752,932,NA,4365,3339,2537,NA,NA,NA,NA
3851,2299.0,NA,2755,939,NA,4366,3340,2538,NA,NA,NA,NA
3852,2300.0,NA,2759,947,NA,4372,3341,2539,NA,NA,NA,NA
3855,2301.0,NA,2763,1208,NA,4373,3349,2541,NA,NA,NA,NA
3862,2302.0,NA,2765,1247,NA,4376,3361,2543,NA,NA,NA,NA
3863,2304.0,NA,2767,1378,NA,4378,3363,2544,NA,NA,NA,NA
3866,2305.0,NA,2772,1470,NA,4381,3371,2546,NA,NA,NA,NA
3870,2306.0,NA,2775,1476,NA,4388,3372,2547,NA,NA,NA,NA
3880,2307.0,NA,2777,1478,NA,4389,3373,2548,NA,NA,NA,NA
3882,2308.0,NA,2783,1549,NA,4393,3382,2549,NA,NA,NA,NA
3884,2309.0,NA,2789,1582,NA,4401,3386,2551,NA,NA,NA,NA
3889,2310.0,NA,2799,1678,NA,4404,3392,2552,NA,NA,NA,NA
3896,2312.0,NA,2801,1822,NA,4405,3400,2555,NA,NA,NA,NA
3900,2313.0,NA,2802,1946,NA,4408,3405,2558,NA,NA,NA,NA
3909,2314.0,NA,2804,1999,NA,4410,3411,2559,NA,NA,NA,NA
3913,2316.0,NA,2807,2086,NA,4414,3419,2560,NA,NA,NA,NA
3921,2317.0,NA,2810,2102,NA,4415,3420,2562,NA,NA,NA,NA
3927,2318.0,NA,2817,2103,NA,4416,3429,2565,NA,NA,NA,NA
3939,2319.0,NA,2819,2104,NA,4421,3436,2566,NA,NA,NA,NA
3941,2320.0,NA,2823,2105,NA,4429,3438,2568,NA,NA,NA,NA
3949,2324.0,NA,2828,2106,NA,4434,3451,2569,NA,NA,NA,NA
3950,2325.0,NA,2829,2107,NA,4437,3452,2571,NA,NA,NA,NA
3952,2326.0,NA,2830,2138,NA,4438,3455,2576,NA,NA,NA,NA
3956,2327.0,NA,2832,2139,NA,4441,3461,2577,NA,NA,NA,NA
3963,2328.0,NA,2835,2140,NA,4442,3466,2579,NA,NA,NA,NA
3966,2331.0,NA,2836,2141,NA,4447,3470,2581,NA,NA,NA,NA
3969,2333.0,NA,2837,2142,NA,4450,3472,2584,NA,NA,NA,NA
3970,2337.0,NA,2838,2168,NA,4451,3479,2585,NA,NA,NA,NA
3975,2340.0,NA,2844,2170,NA,4458,3480,2588,NA,NA,NA,NA
3977,2343.0,NA,2845,2173,NA,4463,3486,2589,NA,NA,NA,NA
3981,2344.0,NA,2847,2175,NA,4469,3487,2592,NA,NA,NA,NA
3982,2345.0,NA,2854,2177,NA,4476,3489,2594,NA,NA,NA,NA
3983,2346.0,NA,2857,2180,NA,4485,3499,2601,NA,NA,NA,NA
3984,2348.0,NA,2859,2181,NA,4490,3505,2602,NA,NA,NA,NA
3985,2350.0,NA,2860,2189,NA,4493,3518,2604,NA,NA,NA,NA
3986,2351.0,NA,2861,2192,NA,4503,3531,2607,NA,NA,NA,NA
3990,2352.0,NA,2864,2194,NA,4505,3535,2609,NA,NA,NA,NA
3991,2354.0,NA,2865,2195,NA,4506,3543,2613,NA,NA,NA,NA
4003,2355.0,NA,2868,2196,NA,4507,3550,2614,NA,NA,NA,NA
4005,2356.0,NA,2876,2199,NA,4509,3556,2617,NA,NA,NA,NA
4008,2358.0,NA,2882,2202,NA,4511,3571,2619,NA,NA,NA,NA
4012,2360.0,NA,2884,2203,NA,4521,3576,2621,NA,NA,NA,NA
4020,2361.0,NA,2885,2204,NA,0,3587,2622,NA,NA,NA,NA
4021,2364.0,NA,2886,2206,NA,6,3596,2623,NA,NA,NA,NA
4022,2368.0,NA,2889,2209,NA,19,3597,2625,NA,NA,NA,NA
4038,2369.0,NA,2891,2210,NA,21,3602,2626,NA,NA,NA,NA
4044,2373.0,NA,2892,2211,NA,41,3604,2628,NA,NA,NA,NA
4049,2374.0,NA,2895,2213,NA,46,3611,2630,NA,NA,NA,NA
4064,2376.0,NA,2896,2214,NA,85,3618,2633,NA,NA,NA,NA
4087,2378.0,NA,2897,2216,NA,107,3628,2634,NA,NA,NA,NA
4091,2379.0,NA,2899,2220,NA,109,3638,2636,NA,NA,NA,NA
4092,2380.0,NA,2900,2225,NA,116,3651,2638,NA,NA,NA,NA
4101,2381.0,NA,2901,2227,NA,120,3654,2640,NA,NA,NA,NA
4108,2385.0,NA,2904,2231,NA,138,3662,2642,NA,NA,NA,NA
4118,2387.0,NA,2905,2233,NA,139,3670,2643,NA,NA,NA,NA
4121,2391.0,NA,2906,2238,NA,143,3676,2644,NA,NA,NA,NA
4125,2395.0,NA,2907,2243,NA,144,3684,2646,NA,NA,NA,NA
4130,2396.0,NA,2908,2245,NA,146,3688,2651,NA,NA,NA,NA
4133,2399.0,NA,2909,2247,NA,150,3689,2652,NA,NA,NA,NA
4134,2402.0,NA,2910,2248,NA,156,3690,2653,NA,NA,NA,NA
4149,2404.0,NA,2911,2256,NA,160,3691,2654,NA,NA,NA,NA
4156,2405.0,NA,2912,2263,NA,176,3695,2655,NA,NA,NA,NA
4169,2410.0,NA,2916,2265,NA,180,3700,2656,NA,NA,NA,NA
4176,2411.0,NA,2918,2266,NA,181,3705,2658,NA,NA,NA,NA
4182,2414.0,NA,2920,2267,NA,184,3726,2659,NA,NA,NA,NA
4190,2416.0,NA,2922,2268,NA,191,3731,2662,NA,NA,NA,NA
4201,2417.0,NA,2927,2271,NA,192,3738,2666,NA,NA,NA,NA
4209,2418.0,NA,2929,2272,NA,197,3739,2667,NA,NA,NA,NA
4210,2419.0,NA,2936,2274,NA,208,3742,2668,NA,NA,NA,NA
4215,2420.0,NA,2945,2278,NA,212,3744,2669,NA,NA,NA,NA
4218,2421.0,NA,2946,2283,NA,217,3755,2672,NA,NA,NA,NA
4221,2422.0,NA,2950,2287,NA,222,3761,2673,NA,NA,NA,NA
4225,2423.0,NA,2951,2288,NA,230,3778,2674,NA,NA,NA,NA
4227,2424.0,NA,2954,2289,NA,240,3784,2677,NA,NA,NA,NA
4229,2425.0,NA,2956,2296,NA,249,3792,2678,NA,NA,NA,NA
4232,2427.0,NA,2957,2299,NA,264,3796,2680,NA,NA,NA,NA
4236,2428.0,NA,2959,2310,NA,270,3799,2684,NA,NA,NA,NA
4242,2430.0,NA,2960,2313,NA,271,3813,2686,NA,NA,NA,NA
4243,2431.0,NA,2961,2314,NA,275,3820,2687,NA,NA,NA,NA
4245,2435.0,NA,2962,2322,NA,276,3826,2688,NA,NA,NA,NA
4257,2437.0,NA,2963,2323,NA,294,3833,2691,NA,NA,NA,NA
4267,2442.0,NA,2964,2325,NA,303,3852,2692,NA,NA,NA,NA
4269,2444.0,NA,2965,2329,NA,314,3856,2693,NA,NA,NA,NA
4291,2445.0,NA,2966,2335,NA,325,3862,2696,NA,NA,NA,NA
4292,2446.0,NA,2967,2338,NA,354,3872,2697,NA,NA,NA,NA
4293,2447.0,NA,2970,2341,NA,362,3873,2702,NA,NA,NA,NA
4302,2448.0,NA,2972,2342,NA,369,3878,2703,NA,NA,NA,NA
4305,2449.0,NA,2974,2347,NA,374,3880,2705,NA,NA,NA,NA
4310,2450.0,NA,2975,2354,NA,380,3886,2706,NA,NA,NA,NA
4317,2451.0,NA,2980,2355,NA,393,3891,2707,NA,NA,NA,NA
4319,2453.0,NA,2981,2356,NA,398,3893,2708,NA,NA,NA,NA
4320,2455.0,NA,2982,2359,NA,404,3895,2709,NA,NA,NA,NA
4334,2456.0,NA,2984,2365,NA,424,3897,2712,NA,NA,NA,NA
4336,2459.0,NA,2989,2366,NA,435,3901,2714,NA,NA,NA,NA
4337,2460.0,NA,2990,2371,NA,438,3911,2718,NA,NA,NA,NA
4341,2461.0,NA,2991,2372,NA,450,3913,2719,NA,NA,NA,NA
4344,2462.0,NA,2997,2373,NA,471,3926,2722,NA,NA,NA,NA
4345,2463.0,NA,2998,2375,NA,478,3939,2724,NA,NA,NA,NA
4346,2464.0,NA,3002,2381,NA,479,3942,2725,NA,NA,NA,NA
4350,2465.0,NA,3003,2382,NA,506,3947,2727,NA,NA,NA,NA
4358,2467.0,NA,3004,2383,NA,527,3958,2729,NA,NA,NA,NA
4367,2468.0,NA,3005,2384,NA,535,3960,2732,NA,NA,NA,NA
4369,2470.0,NA,3009,2386,NA,541,3978,2734,NA,NA,NA,NA
4380,2472.0,NA,3013,2392,NA,548,3979,2735,NA,NA,NA,NA
4384,2473.0,NA,3016,2393,NA,559,3982,2736,NA,NA,NA,NA
4397,2476.0,NA,3021,2400,NA,567,3985,2738,NA,NA,NA,NA
4400,2477.0,NA,3022,2401,NA,589,3988,2739,NA,NA,NA,NA
4402,2479.0,NA,3030,2402,NA,590,3990,2741,NA,NA,NA,NA
4403,2481.0,NA,3031,2404,NA,608,3995,2742,NA,NA,NA,NA
4406,2483.0,NA,3035,2413,NA,618,4002,2748,NA,NA,NA,NA
4431,2484.0,NA,3042,2417,NA,623,4007,2749,NA,NA,NA,NA
4443,2486.0,NA,3043,2418,NA,627,4014,2751,NA,NA,NA,NA
4444,2489.0,NA,3044,2423,NA,631,4015,2752,NA,NA,NA,NA
4459,2490.0,NA,3047,2424,NA,632,4016,2753,NA,NA,NA,NA
4465,2492.0,NA,3054,2435,NA,636,4018,2754,NA,NA,NA,NA
4471,2493.0,NA,3059,2438,NA,653,4020,2755,NA,NA,NA,NA
4480,2496.0,NA,3061,2445,NA,658,4024,2756,NA,NA,NA,NA
4481,2498.0,NA,3065,2446,NA,659,4025,2761,NA,NA,NA,NA
4484,2499.0,NA,3067,2447,NA,670,4029,2762,NA,NA,NA,NA
4494,2502.0,NA,3069,2448,NA,672,4033,2763,NA,NA,NA,NA
4500,2503.0,NA,3073,2452,NA,677,4036,2765,NA,NA,NA,NA
4501,2504.0,NA,3074,2454,NA,682,4039,2766,NA,NA,NA,NA
4510,2506.0,NA,3075,2457,NA,686,4041,2767,NA,NA,NA,NA
4512,2507.0,NA,3076,2462,NA,695,4042,2770,NA,NA,NA,NA
4520,2510.0,NA,3077,2468,NA,721,4048,2771,NA,NA,NA,NA
4523,2514.0,NA,3078,2470,NA,725,4052,2772,NA,NA,NA,NA
4524,2515.0,NA,3079,2472,NA,728,4055,2774,NA,NA,NA,NA
NA,2517.0,NA,3081,2475,NA,730,4057,2775,NA,NA,NA,NA
NA,2519.0,NA,3083,2488,NA,739,4059,2776,NA,NA,NA,NA
NA,2520.0,NA,3086,2489,NA,748,4060,2777,NA,NA,NA,NA
NA,2522.0,NA,3087,2492,NA,749,4061,2779,NA,NA,NA,NA
NA,2523.0,NA,3089,2494,NA,818,4066,2780,NA,NA,NA,NA
NA,2527.0,NA,3090,2495,NA,849,4068,2781,NA,NA,NA,NA
NA,2528.0,NA,3094,2500,NA,896,4072,2782,NA,NA,NA,NA
NA,2531.0,NA,3095,2504,NA,939,4077,2784,NA,NA,NA,NA
NA,2533.0,NA,3102,2505,NA,1201,4078,2786,NA,NA,NA,NA
NA,2535.0,NA,3103,2506,NA,1208,4092,2790,NA,NA,NA,NA
NA,2536.0,NA,3107,2512,NA,1383,4100,2792,NA,NA,NA,NA
NA,2539.0,NA,3109,2514,NA,1428,4105,2793,NA,NA,NA,NA
NA,2540.0,NA,3111,2517,NA,1470,4106,2795,NA,NA,NA,NA
NA,2542.0,NA,3113,2520,NA,1539,4107,2796,NA,NA,NA,NA
NA,2544.0,NA,3114,2526,NA,1582,4116,2801,NA,NA,NA,NA
NA,2545.0,NA,3115,2533,NA,1610,4117,2803,NA,NA,NA,NA
NA,2546.0,NA,3116,2534,NA,1702,4119,2804,NA,NA,NA,NA
NA,2547.0,NA,3118,2542,NA,1883,4126,2806,NA,NA,NA,NA
NA,2548.0,NA,3123,2543,NA,1959,4138,2810,NA,NA,NA,NA
NA,2551.0,NA,3124,2546,NA,1999,4141,2811,NA,NA,NA,NA
NA,2552.0,NA,3125,2554,NA,2059,4142,2812,NA,NA,NA,NA
NA,2554.0,NA,3126,2555,NA,2117,4148,2813,NA,NA,NA,NA
NA,2556.0,NA,3128,2559,NA,2118,4152,2818,NA,NA,NA,NA
NA,2558.0,NA,3129,2561,NA,2119,4166,2819,NA,NA,NA,NA
NA,2559.0,NA,3133,2562,NA,2120,4168,2822,NA,NA,NA,NA
NA,2561.0,NA,3139,2565,NA,2121,4178,2823,NA,NA,NA,NA
NA,2564.0,NA,3141,2572,NA,2122,4179,2825,NA,NA,NA,NA
NA,2568.0,NA,3144,2577,NA,2123,4183,2828,NA,NA,NA,NA
NA,2573.0,NA,3145,2584,NA,2137,4185,2833,NA,NA,NA,NA
NA,2574.0,NA,3148,2585,NA,2138,4187,2834,NA,NA,NA,NA
NA,2577.0,NA,3150,2588,NA,2139,4199,2835,NA,NA,NA,NA
NA,2579.0,NA,3156,2592,NA,2140,4214,2836,NA,NA,NA,NA
NA,2580.0,NA,3159,2594,NA,2141,4215,2837,NA,NA,NA,NA
NA,2582.0,NA,3160,2598,NA,2153,4219,2838,NA,NA,NA,NA
NA,2584.0,NA,3167,2609,NA,2159,4220,2840,NA,NA,NA,NA
NA,2589.0,NA,3168,2611,NA,2165,4222,2842,NA,NA,NA,NA
NA,2590.0,NA,3169,2618,NA,2168,4228,2843,NA,NA,NA,NA
NA,2595.0,NA,3171,2630,NA,2171,4237,2844,NA,NA,NA,NA
NA,2603.0,NA,3174,2632,NA,2179,4244,2847,NA,NA,NA,NA
NA,2605.0,NA,3175,2633,NA,2180,4246,2848,NA,NA,NA,NA
NA,2606.0,NA,3185,2635,NA,2181,4248,2850,NA,NA,NA,NA
NA,2611.0,NA,3186,2640,NA,2184,4249,2851,NA,NA,NA,NA
NA,2613.0,NA,3188,2642,NA,2187,4252,2853,NA,NA,NA,NA
NA,2615.0,NA,3190,2643,NA,2189,4257,2856,NA,NA,NA,NA
NA,2616.0,NA,3197,2644,NA,2192,4263,2857,NA,NA,NA,NA
NA,2622.0,NA,3198,2649,NA,2194,4266,2859,NA,NA,NA,NA
NA,2623.0,NA,3199,2651,NA,2199,4269,2860,NA,NA,NA,NA
NA,2624.0,NA,3212,2652,NA,2202,4277,2861,NA,NA,NA,NA
NA,2625.0,NA,3217,2653,NA,2203,4282,2862,NA,NA,NA,NA
NA,2627.0,NA,3218,2660,NA,2204,4292,2863,NA,NA,NA,NA
NA,2628.0,NA,3220,2662,NA,2206,4301,2864,NA,NA,NA,NA
NA,2629.0,NA,3222,2663,NA,2208,4309,2865,NA,NA,NA,NA
NA,2632.0,NA,3227,2668,NA,2211,4315,2867,NA,NA,NA,NA
NA,2634.0,NA,3229,2669,NA,2212,4318,2869,NA,NA,NA,NA
NA,2636.0,NA,3233,2672,NA,2215,4319,2870,NA,NA,NA,NA
NA,2639.0,NA,3234,2676,NA,2218,4322,2871,NA,NA,NA,NA
NA,2640.0,NA,3237,2679,NA,2219,4324,2873,NA,NA,NA,NA
NA,2642.0,NA,3238,2681,NA,2226,4327,2874,NA,NA,NA,NA
NA,2646.0,NA,3247,2685,NA,2227,4331,2875,NA,NA,NA,NA
NA,2647.0,NA,3249,2687,NA,2228,4333,2878,NA,NA,NA,NA
NA,2651.0,NA,3250,2689,NA,2236,4335,2880,NA,NA,NA,NA
NA,2656.0,NA,3253,2693,NA,2237,4338,2881,NA,NA,NA,NA
NA,2658.0,NA,3255,2694,NA,2238,4342,2882,NA,NA,NA,NA
NA,2659.0,NA,3260,2697,NA,2246,4348,2883,NA,NA,NA,NA
NA,2663.0,NA,3263,2703,NA,2248,4350,2888,NA,NA,NA,NA
NA,2665.0,NA,3265,2705,NA,2249,4354,2889,NA,NA,NA,NA
NA,2666.0,NA,3266,2712,NA,2250,4355,2890,NA,NA,NA,NA
NA,2667.0,NA,3268,2715,NA,2254,4357,2892,NA,NA,NA,NA
NA,2669.0,NA,3270,2718,NA,2264,4359,2894,NA,NA,NA,NA
NA,2670.0,NA,3271,2720,NA,2267,4362,2895,NA,NA,NA,NA
NA,2673.0,NA,3274,2721,NA,2273,4363,2897,NA,NA,NA,NA
NA,2674.0,NA,3275,2724,NA,2274,4372,2898,NA,NA,NA,NA
NA,2675.0,NA,3278,2725,NA,2276,4376,2899,NA,NA,NA,NA
NA,2678.0,NA,3284,2729,NA,2278,4381,2901,NA,NA,NA,NA
NA,2679.0,NA,3285,2730,NA,2279,4382,2907,NA,NA,NA,NA
NA,2680.0,NA,3286,2732,NA,2287,4386,2908,NA,NA,NA,NA
NA,2682.0,NA,3288,2733,NA,2288,4387,2911,NA,NA,NA,NA
NA,2685.0,NA,3291,2741,NA,2302,4395,2915,NA,NA,NA,NA
NA,2686.0,NA,3293,2742,NA,2306,4397,2916,NA,NA,NA,NA
NA,2687.0,NA,3296,2747,NA,2308,4405,2918,NA,NA,NA,NA
NA,2696.0,NA,3298,2752,NA,2326,4414,2920,NA,NA,NA,NA
NA,2697.0,NA,3300,2754,NA,2331,4426,2921,NA,NA,NA,NA
NA,2700.0,NA,3301,2757,NA,2338,4431,2922,NA,NA,NA,NA
NA,2701.0,NA,3304,2759,NA,2341,4434,2923,NA,NA,NA,NA
NA,2702.0,NA,3307,2762,NA,2342,4445,2925,NA,NA,NA,NA
NA,2703.0,NA,3309,2764,NA,2344,4459,2927,NA,NA,NA,NA
NA,2704.0,NA,3310,2765,NA,2346,4472,2928,NA,NA,NA,NA
NA,2707.0,NA,3311,2775,NA,2350,4474,2929,NA,NA,NA,NA
NA,2710.0,NA,3312,2778,NA,2351,4478,2931,NA,NA,NA,NA
NA,2711.0,NA,3318,2782,NA,2359,4479,2932,NA,NA,NA,NA
NA,2714.0,NA,3323,2783,NA,2361,4482,2933,NA,NA,NA,NA
NA,2717.0,NA,3327,2786,NA,2364,4484,2935,NA,NA,NA,NA
NA,2719.0,NA,3328,2787,NA,2365,4485,2936,NA,NA,NA,NA
NA,2720.0,NA,3331,2788,NA,2366,4489,2937,NA,NA,NA,NA
NA,2723.0,NA,3334,2793,NA,2367,4500,2939,NA,NA,NA,NA
NA,2724.0,NA,3335,2798,NA,2371,4505,2940,NA,NA,NA,NA
NA,2726.0,NA,3337,2801,NA,2374,4524,2941,NA,NA,NA,NA
NA,2731.0,NA,3339,2802,NA,2376,NA,2943,NA,NA,NA,NA
NA,2734.0,NA,3340,2804,NA,2380,NA,2944,NA,NA,NA,NA
NA,2736.0,NA,3341,2819,NA,2382,NA,2945,NA,NA,NA,NA
NA,2737.0,NA,3347,2821,NA,2383,NA,2948,NA,NA,NA,NA
NA,2739.0,NA,3352,2833,NA,2391,NA,2949,NA,NA,NA,NA
NA,2740.0,NA,3353,2834,NA,2393,NA,2951,NA,NA,NA,NA
NA,2741.0,NA,3355,2835,NA,2398,NA,2953,NA,NA,NA,NA
NA,2743.0,NA,3357,2836,NA,2399,NA,2955,NA,NA,NA,NA
NA,2745.0,NA,3365,2838,NA,2400,NA,2961,NA,NA,NA,NA
NA,2746.0,NA,3368,2842,NA,2401,NA,2963,NA,NA,NA,NA
NA,2747.0,NA,3371,2853,NA,2413,NA,2964,NA,NA,NA,NA
NA,2749.0,NA,3372,2857,NA,2416,NA,2965,NA,NA,NA,NA
NA,2751.0,NA,3373,2859,NA,2419,NA,2968,NA,NA,NA,NA
NA,2753.0,NA,3382,2860,NA,2425,NA,2969,NA,NA,NA,NA
NA,2754.0,NA,3384,2861,NA,2438,NA,2970,NA,NA,NA,NA
NA,2755.0,NA,3385,2863,NA,2449,NA,2975,NA,NA,NA,NA
NA,2756.0,NA,3388,2875,NA,2450,NA,2976,NA,NA,NA,NA
NA,2757.0,NA,3389,2878,NA,2452,NA,2978,NA,NA,NA,NA
NA,2759.0,NA,3390,2879,NA,2455,NA,2980,NA,NA,NA,NA
NA,2761.0,NA,3391,2880,NA,2456,NA,2982,NA,NA,NA,NA
NA,2762.0,NA,3393,2883,NA,2457,NA,2983,NA,NA,NA,NA
NA,2763.0,NA,3395,2886,NA,2459,NA,2984,NA,NA,NA,NA
NA,2764.0,NA,3397,2892,NA,2464,NA,2985,NA,NA,NA,NA
NA,2768.0,NA,3398,2894,NA,2466,NA,2987,NA,NA,NA,NA
NA,2770.0,NA,3399,2895,NA,2475,NA,2988,NA,NA,NA,NA
NA,2774.0,NA,3400,2897,NA,2476,NA,2989,NA,NA,NA,NA
NA,2777.0,NA,3401,2901,NA,2478,NA,2991,NA,NA,NA,NA
NA,2779.0,NA,3404,2902,NA,2483,NA,2994,NA,NA,NA,NA
NA,2780.0,NA,3405,2903,NA,2488,NA,2997,NA,NA,NA,NA
NA,2782.0,NA,3407,2907,NA,2493,NA,2999,NA,NA,NA,NA
NA,2783.0,NA,3411,2908,NA,2496,NA,3000,NA,NA,NA,NA
NA,2786.0,NA,3413,2911,NA,2498,NA,3001,NA,NA,NA,NA
NA,2787.0,NA,3416,2913,NA,2501,NA,3003,NA,NA,NA,NA
NA,2790.0,NA,3418,2915,NA,2502,NA,3007,NA,NA,NA,NA
NA,2793.0,NA,3420,2916,NA,2503,NA,3009,NA,NA,NA,NA
NA,2794.0,NA,3422,2918,NA,2504,NA,3012,NA,NA,NA,NA
NA,2796.0,NA,3425,2919,NA,2505,NA,3013,NA,NA,NA,NA
NA,2799.0,NA,3428,2920,NA,2509,NA,3014,NA,NA,NA,NA
NA,2802.0,NA,3429,2921,NA,2512,NA,3015,NA,NA,NA,NA
NA,2803.0,NA,3432,2932,NA,2519,NA,3016,NA,NA,NA,NA
NA,2804.0,NA,3434,2938,NA,2521,NA,3018,NA,NA,NA,NA
NA,2805.0,NA,3436,2940,NA,2522,NA,3019,NA,NA,NA,NA
NA,2807.0,NA,3438,2942,NA,2525,NA,3020,NA,NA,NA,NA
NA,2811.0,NA,3439,2945,NA,2526,NA,3021,NA,NA,NA,NA
NA,2814.0,NA,3440,2948,NA,2527,NA,3022,NA,NA,NA,NA
NA,2816.0,NA,3445,2949,NA,2530,NA,3023,NA,NA,NA,NA
NA,2817.0,NA,3450,2951,NA,2535,NA,3025,NA,NA,NA,NA
NA,2820.0,NA,3451,2959,NA,2543,NA,3033,NA,NA,NA,NA
NA,2821.0,NA,3452,2963,NA,2547,NA,3038,NA,NA,NA,NA
NA,2823.0,NA,3456,2971,NA,2551,NA,3041,NA,NA,NA,NA
NA,2827.0,NA,3459,2973,NA,2555,NA,3042,NA,NA,NA,NA
NA,2828.0,NA,3461,2974,NA,2556,NA,3044,NA,NA,NA,NA
NA,2829.0,NA,3465,2975,NA,2565,NA,3045,NA,NA,NA,NA
NA,2831.0,NA,3466,2976,NA,2569,NA,3048,NA,NA,NA,NA
NA,2833.0,NA,3467,2982,NA,2571,NA,3049,NA,NA,NA,NA
NA,2834.0,NA,3468,2984,NA,2572,NA,3053,NA,NA,NA,NA
NA,2837.0,NA,3473,2990,NA,2573,NA,3055,NA,NA,NA,NA
NA,2842.0,NA,3474,2991,NA,2574,NA,3057,NA,NA,NA,NA
NA,2843.0,NA,3477,2992,NA,2585,NA,3058,NA,NA,NA,NA
NA,2847.0,NA,3479,3003,NA,2588,NA,3061,NA,NA,NA,NA
NA,2851.0,NA,3482,3005,NA,2590,NA,3062,NA,NA,NA,NA
NA,2852.0,NA,3493,3006,NA,2591,NA,3064,NA,NA,NA,NA
NA,2853.0,NA,3494,3008,NA,2592,NA,3065,NA,NA,NA,NA
NA,2854.0,NA,3496,3009,NA,2594,NA,3071,NA,NA,NA,NA
NA,2862.0,NA,3498,3013,NA,2604,NA,3076,NA,NA,NA,NA
NA,2863.0,NA,3500,3019,NA,2606,NA,3080,NA,NA,NA,NA
NA,2864.0,NA,3504,3025,NA,2607,NA,3081,NA,NA,NA,NA
NA,2868.0,NA,3505,3033,NA,2609,NA,3082,NA,NA,NA,NA
NA,2870.0,NA,3508,3037,NA,2614,NA,3083,NA,NA,NA,NA
NA,2873.0,NA,3512,3042,NA,2615,NA,3084,NA,NA,NA,NA
NA,2874.0,NA,3515,3043,NA,2622,NA,3086,NA,NA,NA,NA
NA,2875.0,NA,3518,3044,NA,2623,NA,3087,NA,NA,NA,NA
NA,2876.0,NA,3519,3045,NA,2627,NA,3088,NA,NA,NA,NA
NA,2878.0,NA,3520,3047,NA,2630,NA,3089,NA,NA,NA,NA
NA,2880.0,NA,3523,3048,NA,2632,NA,3090,NA,NA,NA,NA
NA,2881.0,NA,3526,3050,NA,2633,NA,3091,NA,NA,NA,NA
NA,2883.0,NA,3530,3051,NA,2638,NA,3094,NA,NA,NA,NA
NA,2885.0,NA,3539,3067,NA,2639,NA,3095,NA,NA,NA,NA
NA,2886.0,NA,3540,3070,NA,2643,NA,3096,NA,NA,NA,NA
NA,2887.0,NA,3542,3078,NA,2644,NA,3097,NA,NA,NA,NA
NA,2888.0,NA,3543,3081,NA,2650,NA,3098,NA,NA,NA,NA
NA,2889.0,NA,3545,3083,NA,2652,NA,3099,NA,NA,NA,NA
NA,2890.0,NA,3550,3086,NA,2653,NA,3100,NA,NA,NA,NA
NA,2894.0,NA,3556,3087,NA,2656,NA,3103,NA,NA,NA,NA
NA,2896.0,NA,3561,3088,NA,2658,NA,3105,NA,NA,NA,NA
NA,2899.0,NA,3562,3090,NA,2665,NA,3107,NA,NA,NA,NA
NA,2900.0,NA,3564,3094,NA,2667,NA,3110,NA,NA,NA,NA
NA,2904.0,NA,3569,3095,NA,2668,NA,3116,NA,NA,NA,NA
NA,2905.0,NA,3570,3096,NA,2670,NA,3118,NA,NA,NA,NA
NA,2906.0,NA,3573,3101,NA,2672,NA,3119,NA,NA,NA,NA
NA,2909.0,NA,3577,3103,NA,2675,NA,3121,NA,NA,NA,NA
NA,2910.0,NA,3578,3106,NA,2677,NA,3122,NA,NA,NA,NA
NA,2912.0,NA,3584,3111,NA,2688,NA,3123,NA,NA,NA,NA
NA,2913.0,NA,3591,3116,NA,2701,NA,3128,NA,NA,NA,NA
NA,2914.0,NA,3595,3118,NA,2711,NA,3130,NA,NA,NA,NA
NA,2915.0,NA,3597,3119,NA,2712,NA,3133,NA,NA,NA,NA
NA,2921.0,NA,3599,3120,NA,2718,NA,3136,NA,NA,NA,NA
NA,2922.0,NA,3601,3122,NA,2719,NA,3139,NA,NA,NA,NA
NA,2923.0,NA,3602,3123,NA,2720,NA,3141,NA,NA,NA,NA
NA,2929.0,NA,3604,3125,NA,2722,NA,3142,NA,NA,NA,NA
NA,2931.0,NA,3605,3126,NA,2723,NA,3151,NA,NA,NA,NA
NA,2932.0,NA,3606,3128,NA,2725,NA,3152,NA,NA,NA,NA
NA,2933.0,NA,3607,3131,NA,2726,NA,3154,NA,NA,NA,NA
NA,2935.0,NA,3608,3132,NA,2729,NA,3157,NA,NA,NA,NA
NA,2936.0,NA,3610,3133,NA,2731,NA,3158,NA,NA,NA,NA
NA,2939.0,NA,3612,3134,NA,2732,NA,3159,NA,NA,NA,NA
NA,2940.0,NA,3618,3141,NA,2734,NA,3160,NA,NA,NA,NA
NA,2941.0,NA,3619,3142,NA,2742,NA,3165,NA,NA,NA,NA
NA,2944.0,NA,3620,3147,NA,2743,NA,3167,NA,NA,NA,NA
NA,2948.0,NA,3624,3148,NA,2746,NA,3171,NA,NA,NA,NA
NA,2949.0,NA,3626,3150,NA,2747,NA,3172,NA,NA,NA,NA
NA,2954.0,NA,3628,3156,NA,2751,NA,3173,NA,NA,NA,NA
NA,2955.0,NA,3640,3159,NA,2752,NA,3175,NA,NA,NA,NA
NA,2957.0,NA,3644,3160,NA,2755,NA,3176,NA,NA,NA,NA
NA,2961.0,NA,3646,3161,NA,2758,NA,3177,NA,NA,NA,NA
NA,2962.0,NA,3649,3164,NA,2763,NA,3178,NA,NA,NA,NA
NA,2964.0,NA,3651,3165,NA,2765,NA,3179,NA,NA,NA,NA
NA,2965.0,NA,3654,3166,NA,2768,NA,3180,NA,NA,NA,NA
NA,2966.0,NA,3657,3167,NA,2772,NA,3181,NA,NA,NA,NA
NA,2967.0,NA,3662,3169,NA,2775,NA,3186,NA,NA,NA,NA
NA,2968.0,NA,3668,3170,NA,2777,NA,3188,NA,NA,NA,NA
NA,2969.0,NA,3669,3171,NA,2778,NA,3189,NA,NA,NA,NA
NA,2970.0,NA,3671,3173,NA,2788,NA,3190,NA,NA,NA,NA
NA,2973.0,NA,3672,3175,NA,2794,NA,3191,NA,NA,NA,NA
NA,2975.0,NA,3673,3179,NA,2801,NA,3192,NA,NA,NA,NA
NA,2976.0,NA,3674,3181,NA,2802,NA,3194,NA,NA,NA,NA
NA,2977.0,NA,3677,3186,NA,2803,NA,3197,NA,NA,NA,NA
NA,2983.0,NA,3679,3188,NA,2805,NA,3201,NA,NA,NA,NA
NA,2986.0,NA,3680,3190,NA,2810,NA,3203,NA,NA,NA,NA
NA,2987.0,NA,3681,3191,NA,2814,NA,3204,NA,NA,NA,NA
NA,2988.0,NA,3686,3193,NA,2816,NA,3205,NA,NA,NA,NA
NA,2989.0,NA,3688,3197,NA,2819,NA,3207,NA,NA,NA,NA
NA,2990.0,NA,3689,3200,NA,2820,NA,3209,NA,NA,NA,NA
NA,2997.0,NA,3690,3202,NA,2827,NA,3210,NA,NA,NA,NA
NA,2998.0,NA,3693,3216,NA,2828,NA,3212,NA,NA,NA,NA
NA,3001.0,NA,3695,3217,NA,2829,NA,3215,NA,NA,NA,NA
NA,3002.0,NA,3696,3223,NA,2831,NA,3216,NA,NA,NA,NA
NA,3004.0,NA,3699,3226,NA,2835,NA,3219,NA,NA,NA,NA
NA,3005.0,NA,3700,3227,NA,2836,NA,3220,NA,NA,NA,NA
NA,3012.0,NA,3703,3230,NA,2837,NA,3222,NA,NA,NA,NA
NA,3018.0,NA,3705,3237,NA,2838,NA,3225,NA,NA,NA,NA
NA,3019.0,NA,3706,3241,NA,2847,NA,3226,NA,NA,NA,NA
NA,3021.0,NA,3708,3242,NA,2850,NA,3227,NA,NA,NA,NA
NA,3022.0,NA,3712,3247,NA,2852,NA,3228,NA,NA,NA,NA
NA,3023.0,NA,3713,3248,NA,2854,NA,3230,NA,NA,NA,NA
NA,3024.0,NA,3716,3249,NA,2856,NA,3231,NA,NA,NA,NA
NA,3025.0,NA,3727,3251,NA,2857,NA,3233,NA,NA,NA,NA
NA,3030.0,NA,3728,3252,NA,2859,NA,3234,NA,NA,NA,NA
NA,3031.0,NA,3730,3253,NA,2860,NA,3237,NA,NA,NA,NA
NA,3033.0,NA,3731,3254,NA,2864,NA,3240,NA,NA,NA,NA
NA,3035.0,NA,3733,3256,NA,2865,NA,3241,NA,NA,NA,NA
NA,3040.0,NA,3736,3257,NA,2871,NA,3244,NA,NA,NA,NA
NA,3041.0,NA,3739,3259,NA,2876,NA,3246,NA,NA,NA,NA
NA,3043.0,NA,3741,3261,NA,2881,NA,3247,NA,NA,NA,NA
NA,3045.0,NA,3742,3264,NA,2886,NA,3248,NA,NA,NA,NA
NA,3047.0,NA,3744,3273,NA,2887,NA,3249,NA,NA,NA,NA
NA,3048.0,NA,3747,3276,NA,2888,NA,3253,NA,NA,NA,NA
NA,3049.0,NA,3748,3282,NA,2892,NA,3256,NA,NA,NA,NA
NA,3050.0,NA,3751,3285,NA,2895,NA,3257,NA,NA,NA,NA
NA,3054.0,NA,3754,3289,NA,2897,NA,3258,NA,NA,NA,NA
NA,3057.0,NA,3756,3290,NA,2898,NA,3261,NA,NA,NA,NA
NA,3058.0,NA,3760,3294,NA,2899,NA,3262,NA,NA,NA,NA
NA,3059.0,NA,3761,3295,NA,2901,NA,3263,NA,NA,NA,NA
NA,3061.0,NA,3766,3298,NA,2902,NA,3266,NA,NA,NA,NA
NA,3064.0,NA,3767,3300,NA,2904,NA,3267,NA,NA,NA,NA
NA,3066.0,NA,3768,3304,NA,2907,NA,3272,NA,NA,NA,NA
NA,3067.0,NA,3775,3306,NA,2908,NA,3273,NA,NA,NA,NA
NA,3070.0,NA,3782,3307,NA,2910,NA,3275,NA,NA,NA,NA
NA,3071.0,NA,3784,3313,NA,2911,NA,3276,NA,NA,NA,NA
NA,3073.0,NA,3785,3321,NA,2914,NA,3279,NA,NA,NA,NA
NA,3075.0,NA,3789,3323,NA,2916,NA,3283,NA,NA,NA,NA
NA,3076.0,NA,3792,3324,NA,2918,NA,3284,NA,NA,NA,NA
NA,3077.0,NA,3793,3325,NA,2923,NA,3285,NA,NA,NA,NA
NA,3078.0,NA,3796,3335,NA,2928,NA,3290,NA,NA,NA,NA
NA,3080.0,NA,3797,3337,NA,2941,NA,3291,NA,NA,NA,NA
NA,3082.0,NA,3798,3338,NA,2945,NA,3292,NA,NA,NA,NA
NA,3088.0,NA,3799,3347,NA,2951,NA,3293,NA,NA,NA,NA
NA,3089.0,NA,3801,3348,NA,2955,NA,3294,NA,NA,NA,NA
NA,3091.0,NA,3803,3350,NA,2962,NA,3295,NA,NA,NA,NA
NA,3093.0,NA,3808,3355,NA,2963,NA,3296,NA,NA,NA,NA
NA,3096.0,NA,3809,3356,NA,2965,NA,3298,NA,NA,NA,NA
NA,3097.0,NA,3810,3357,NA,2966,NA,3300,NA,NA,NA,NA
NA,3098.0,NA,3812,3358,NA,2971,NA,3303,NA,NA,NA,NA
NA,3099.0,NA,3813,3365,NA,2977,NA,3304,NA,NA,NA,NA
NA,3102.0,NA,3814,3368,NA,2980,NA,3306,NA,NA,NA,NA
NA,3107.0,NA,3823,3372,NA,2982,NA,3307,NA,NA,NA,NA
NA,3108.0,NA,3824,3373,NA,2984,NA,3310,NA,NA,NA,NA
NA,3109.0,NA,3825,3375,NA,2986,NA,3311,NA,NA,NA,NA
NA,3110.0,NA,3826,3382,NA,2989,NA,3312,NA,NA,NA,NA
NA,3114.0,NA,3828,3383,NA,2990,NA,3314,NA,NA,NA,NA
NA,3115.0,NA,3831,3385,NA,2991,NA,3315,NA,NA,NA,NA
NA,3119.0,NA,3832,3387,NA,2992,NA,3316,NA,NA,NA,NA
NA,3120.0,NA,3834,3389,NA,3003,NA,3317,NA,NA,NA,NA
NA,3122.0,NA,3835,3390,NA,3005,NA,3319,NA,NA,NA,NA
NA,3124.0,NA,3836,3394,NA,3006,NA,3320,NA,NA,NA,NA
NA,3126.0,NA,3838,3395,NA,3008,NA,3321,NA,NA,NA,NA
NA,3129.0,NA,3839,3398,NA,3009,NA,3322,NA,NA,NA,NA
NA,3130.0,NA,3843,3399,NA,3013,NA,3323,NA,NA,NA,NA
NA,3136.0,NA,3845,3401,NA,3020,NA,3324,NA,NA,NA,NA
NA,3142.0,NA,3851,3405,NA,3021,NA,3325,NA,NA,NA,NA
NA,3144.0,NA,3852,3406,NA,3024,NA,3326,NA,NA,NA,NA
NA,3145.0,NA,3853,3408,NA,3040,NA,3330,NA,NA,NA,NA
NA,3146.0,NA,3855,3409,NA,3041,NA,3332,NA,NA,NA,NA
NA,3151.0,NA,3856,3412,NA,3042,NA,3333,NA,NA,NA,NA
NA,3152.0,NA,3862,3413,NA,3044,NA,3335,NA,NA,NA,NA
NA,3154.0,NA,3863,3415,NA,3047,NA,3339,NA,NA,NA,NA
NA,3156.0,NA,3865,3420,NA,3056,NA,3340,NA,NA,NA,NA
NA,3160.0,NA,3866,3422,NA,3059,NA,3343,NA,NA,NA,NA
NA,3161.0,NA,3872,3425,NA,3061,NA,3344,NA,NA,NA,NA
NA,3165.0,NA,3879,3426,NA,3076,NA,3346,NA,NA,NA,NA
NA,3166.0,NA,3880,3433,NA,3077,NA,3349,NA,NA,NA,NA
NA,3167.0,NA,3881,3434,NA,3078,NA,3351,NA,NA,NA,NA
NA,3168.0,NA,3887,3438,NA,3080,NA,3354,NA,NA,NA,NA
NA,3169.0,NA,3889,3440,NA,3081,NA,3355,NA,NA,NA,NA
NA,3171.0,NA,3890,3443,NA,3083,NA,3358,NA,NA,NA,NA
NA,3173.0,NA,3895,3445,NA,3086,NA,3360,NA,NA,NA,NA
NA,3174.0,NA,3896,3447,NA,3087,NA,3362,NA,NA,NA,NA
NA,3177.0,NA,3898,3450,NA,3090,NA,3364,NA,NA,NA,NA
NA,3178.0,NA,3901,3454,NA,3093,NA,3365,NA,NA,NA,NA
NA,3179.0,NA,3902,3456,NA,3094,NA,3367,NA,NA,NA,NA
NA,3181.0,NA,3906,3457,NA,3095,NA,3368,NA,NA,NA,NA
NA,3182.0,NA,3909,3458,NA,3100,NA,3370,NA,NA,NA,NA
NA,3184.0,NA,3911,3459,NA,3101,NA,3373,NA,NA,NA,NA
NA,3185.0,NA,3915,3460,NA,3103,NA,3375,NA,NA,NA,NA
NA,3191.0,NA,3919,3461,NA,3105,NA,3379,NA,NA,NA,NA
NA,3192.0,NA,3921,3463,NA,3107,NA,3380,NA,NA,NA,NA
NA,3193.0,NA,3924,3477,NA,3108,NA,3381,NA,NA,NA,NA
NA,3194.0,NA,3925,3479,NA,3109,NA,3382,NA,NA,NA,NA
NA,3195.0,NA,3926,3481,NA,3115,NA,3383,NA,NA,NA,NA
NA,3196.0,NA,3933,3482,NA,3116,NA,3385,NA,NA,NA,NA
NA,3198.0,NA,3938,3485,NA,3118,NA,3386,NA,NA,NA,NA
NA,3200.0,NA,3939,3494,NA,3122,NA,3388,NA,NA,NA,NA
NA,3201.0,NA,3947,3496,NA,3123,NA,3390,NA,NA,NA,NA
NA,3204.0,NA,3949,3500,NA,3124,NA,3394,NA,NA,NA,NA
NA,3205.0,NA,3953,3502,NA,3128,NA,3395,NA,NA,NA,NA
NA,3207.0,NA,3956,3505,NA,3129,NA,3396,NA,NA,NA,NA
NA,3208.0,NA,3957,3511,NA,3130,NA,3398,NA,NA,NA,NA
NA,3213.0,NA,3959,3512,NA,3133,NA,3401,NA,NA,NA,NA
NA,3216.0,NA,3961,3515,NA,3136,NA,3402,NA,NA,NA,NA
NA,3217.0,NA,3966,3517,NA,3139,NA,3403,NA,NA,NA,NA
NA,3220.0,NA,3972,3519,NA,3141,NA,3405,NA,NA,NA,NA
NA,3223.0,NA,3973,3522,NA,3152,NA,3406,NA,NA,NA,NA
NA,3226.0,NA,3975,3524,NA,3154,NA,3407,NA,NA,NA,NA
NA,3228.0,NA,3976,3525,NA,3156,NA,3408,NA,NA,NA,NA
NA,3230.0,NA,3977,3530,NA,3159,NA,3409,NA,NA,NA,NA
NA,3232.0,NA,3981,3534,NA,3169,NA,3412,NA,NA,NA,NA
NA,3233.0,NA,3982,3536,NA,3170,NA,3413,NA,NA,NA,NA
NA,3234.0,NA,3984,3538,NA,3175,NA,3416,NA,NA,NA,NA
NA,3236.0,NA,3985,3541,NA,3180,NA,3417,NA,NA,NA,NA
NA,3238.0,NA,3986,3544,NA,3182,NA,3418,NA,NA,NA,NA
NA,3240.0,NA,3988,3545,NA,3184,NA,3420,NA,NA,NA,NA
NA,3241.0,NA,3990,3551,NA,3185,NA,3421,NA,NA,NA,NA
NA,3243.0,NA,3994,3553,NA,3186,NA,3422,NA,NA,NA,NA
NA,3246.0,NA,3995,3554,NA,3190,NA,3423,NA,NA,NA,NA
NA,3248.0,NA,4003,3555,NA,3195,NA,3425,NA,NA,NA,NA
NA,3252.0,NA,4009,3558,NA,3196,NA,3427,NA,NA,NA,NA
NA,3256.0,NA,4011,3566,NA,3197,NA,3429,NA,NA,NA,NA
NA,3257.0,NA,4012,3569,NA,3198,NA,3430,NA,NA,NA,NA
NA,3258.0,NA,4014,3580,NA,3202,NA,3432,NA,NA,NA,NA
NA,3260.0,NA,4015,3581,NA,3203,NA,3433,NA,NA,NA,NA
NA,3261.0,NA,4016,3583,NA,3205,NA,3434,NA,NA,NA,NA
NA,3262.0,NA,4020,3589,NA,3208,NA,3436,NA,NA,NA,NA
NA,3263.0,NA,4022,3597,NA,3211,NA,3438,NA,NA,NA,NA
NA,3264.0,NA,4025,3598,NA,3213,NA,3440,NA,NA,NA,NA
NA,3265.0,NA,4030,3603,NA,3220,NA,3442,NA,NA,NA,NA
NA,3266.0,NA,4031,3604,NA,3221,NA,3444,NA,NA,NA,NA
NA,3268.0,NA,4032,3606,NA,3227,NA,3447,NA,NA,NA,NA
NA,3269.0,NA,4035,3612,NA,3233,NA,3448,NA,NA,NA,NA
NA,3270.0,NA,4036,3615,NA,3236,NA,3450,NA,NA,NA,NA
NA,3271.0,NA,4039,3626,NA,3237,NA,3451,NA,NA,NA,NA
NA,3272.0,NA,4042,3631,NA,3243,NA,3452,NA,NA,NA,NA
NA,3273.0,NA,4044,3640,NA,3246,NA,3453,NA,NA,NA,NA
NA,3274.0,NA,4046,3650,NA,3247,NA,3455,NA,NA,NA,NA
NA,3275.0,NA,4048,3651,NA,3249,NA,3456,NA,NA,NA,NA
NA,3276.0,NA,4049,3652,NA,3253,NA,3457,NA,NA,NA,NA
NA,3278.0,NA,4053,3656,NA,3259,NA,3459,NA,NA,NA,NA
NA,3279.0,NA,4057,3661,NA,3263,NA,3460,NA,NA,NA,NA
NA,3283.0,NA,4058,3664,NA,3268,NA,3463,NA,NA,NA,NA
NA,3285.0,NA,4060,3666,NA,3269,NA,3467,NA,NA,NA,NA
NA,3286.0,NA,4061,3667,NA,3274,NA,3468,NA,NA,NA,NA
NA,3287.0,NA,4063,3668,NA,3279,NA,3469,NA,NA,NA,NA
NA,3288.0,NA,4071,3672,NA,3282,NA,3472,NA,NA,NA,NA
NA,3290.0,NA,4081,3678,NA,3287,NA,3476,NA,NA,NA,NA
NA,3293.0,NA,4082,3680,NA,3288,NA,3477,NA,NA,NA,NA
NA,3294.0,NA,4084,3685,NA,3293,NA,3479,NA,NA,NA,NA
NA,3295.0,NA,4089,3690,NA,3296,NA,3481,NA,NA,NA,NA
NA,3296.0,NA,4091,3693,NA,3300,NA,3482,NA,NA,NA,NA
NA,3301.0,NA,4092,3694,NA,3304,NA,3485,NA,NA,NA,NA
NA,3306.0,NA,4093,3696,NA,3307,NA,3486,NA,NA,NA,NA
NA,3308.0,NA,4095,3699,NA,3308,NA,3488,NA,NA,NA,NA
NA,3310.0,NA,4100,3705,NA,3310,NA,3489,NA,NA,NA,NA
NA,3312.0,NA,4101,3706,NA,3311,NA,3490,NA,NA,NA,NA
NA,3320.0,NA,4105,3712,NA,3312,NA,3494,NA,NA,NA,NA
NA,3321.0,NA,4106,3717,NA,3313,NA,3495,NA,NA,NA,NA
NA,3324.0,NA,4116,3718,NA,3323,NA,3496,NA,NA,NA,NA
NA,3325.0,NA,4117,3719,NA,3326,NA,3500,NA,NA,NA,NA
NA,3326.0,NA,4124,3722,NA,3328,NA,3502,NA,NA,NA,NA
NA,3327.0,NA,4125,3731,NA,3335,NA,3505,NA,NA,NA,NA
NA,3328.0,NA,4133,3734,NA,3336,NA,3510,NA,NA,NA,NA
NA,3330.0,NA,4134,3735,NA,3337,NA,3512,NA,NA,NA,NA
NA,3332.0,NA,4138,3739,NA,3339,NA,3513,NA,NA,NA,NA
NA,3333.0,NA,4145,3740,NA,3340,NA,3514,NA,NA,NA,NA
NA,3334.0,NA,4149,3742,NA,3341,NA,3515,NA,NA,NA,NA
NA,3336.0,NA,4156,3744,NA,3344,NA,3521,NA,NA,NA,NA
NA,3337.0,NA,4165,3747,NA,3346,NA,3522,NA,NA,NA,NA
NA,3341.0,NA,4166,3757,NA,3348,NA,3525,NA,NA,NA,NA
NA,3344.0,NA,4168,3763,NA,3351,NA,3527,NA,NA,NA,NA
NA,3349.0,NA,4169,3771,NA,3354,NA,3528,NA,NA,NA,NA
NA,3352.0,NA,4170,3773,NA,3361,NA,3529,NA,NA,NA,NA
NA,3353.0,NA,4172,3777,NA,3363,NA,3530,NA,NA,NA,NA
NA,3355.0,NA,4176,3782,NA,3365,NA,3531,NA,NA,NA,NA
NA,3358.0,NA,4177,3785,NA,3366,NA,3535,NA,NA,NA,NA
NA,3360.0,NA,4183,3787,NA,3368,NA,3536,NA,NA,NA,NA
NA,3361.0,NA,4185,3788,NA,3371,NA,3538,NA,NA,NA,NA
NA,3363.0,NA,4186,3789,NA,3372,NA,3540,NA,NA,NA,NA
NA,3370.0,NA,4189,3790,NA,3373,NA,3541,NA,NA,NA,NA
NA,3371.0,NA,4190,3792,NA,3381,NA,3542,NA,NA,NA,NA
NA,3372.0,NA,4196,3798,NA,3382,NA,3544,NA,NA,NA,NA
NA,3375.0,NA,4199,3806,NA,3385,NA,3545,NA,NA,NA,NA
NA,3379.0,NA,4201,3809,NA,3388,NA,3548,NA,NA,NA,NA
NA,3380.0,NA,4206,3810,NA,3390,NA,3549,NA,NA,NA,NA
NA,3381.0,NA,4210,3813,NA,3392,NA,3551,NA,NA,NA,NA
NA,3383.0,NA,4215,3818,NA,3395,NA,3559,NA,NA,NA,NA
NA,3384.0,NA,4216,3819,NA,3398,NA,3560,NA,NA,NA,NA
NA,3388.0,NA,4218,3821,NA,3400,NA,3564,NA,NA,NA,NA
NA,3391.0,NA,4219,3824,NA,3405,NA,3568,NA,NA,NA,NA
NA,3392.0,NA,4221,3825,NA,3407,NA,3575,NA,NA,NA,NA
NA,3393.0,NA,4222,3826,NA,3411,NA,3580,NA,NA,NA,NA
NA,3394.0,NA,4223,3835,NA,3413,NA,3583,NA,NA,NA,NA
NA,3397.0,NA,4225,3838,NA,3418,NA,3584,NA,NA,NA,NA
NA,3399.0,NA,4228,3842,NA,3419,NA,3589,NA,NA,NA,NA
NA,3400.0,NA,4230,3843,NA,3420,NA,3590,NA,NA,NA,NA
NA,3401.0,NA,4232,3848,NA,3422,NA,3592,NA,NA,NA,NA
NA,3402.0,NA,4233,3851,NA,3423,NA,3595,NA,NA,NA,NA
NA,3403.0,NA,4235,3852,NA,3425,NA,3596,NA,NA,NA,NA
NA,3404.0,NA,4236,3853,NA,3426,NA,3597,NA,NA,NA,NA
NA,3406.0,NA,4240,3860,NA,3434,NA,3601,NA,NA,NA,NA
NA,3407.0,NA,4245,3862,NA,3440,NA,3602,NA,NA,NA,NA
NA,3408.0,NA,4249,3865,NA,3450,NA,3603,NA,NA,NA,NA
NA,3409.0,NA,4254,3867,NA,3453,NA,3604,NA,NA,NA,NA
NA,3411.0,NA,4261,3870,NA,3456,NA,3606,NA,NA,NA,NA
NA,3412.0,NA,4262,3874,NA,3459,NA,3611,NA,NA,NA,NA
NA,3416.0,NA,4263,3884,NA,3461,NA,3612,NA,NA,NA,NA
NA,3418.0,NA,4266,3885,NA,3462,NA,3613,NA,NA,NA,NA
NA,3419.0,NA,4267,3894,NA,3466,NA,3616,NA,NA,NA,NA
NA,3423.0,NA,4269,3898,NA,3467,NA,3622,NA,NA,NA,NA
NA,3428.0,NA,4272,3901,NA,3468,NA,3624,NA,NA,NA,NA
NA,3432.0,NA,4275,3902,NA,3470,NA,3625,NA,NA,NA,NA
NA,3433.0,NA,4279,3907,NA,3476,NA,3626,NA,NA,NA,NA
NA,3439.0,NA,4292,3911,NA,3477,NA,3627,NA,NA,NA,NA
NA,3442.0,NA,4301,3921,NA,3479,NA,3628,NA,NA,NA,NA
NA,3443.0,NA,4305,3925,NA,3480,NA,3629,NA,NA,NA,NA
NA,3444.0,NA,4309,3927,NA,3482,NA,3630,NA,NA,NA,NA
NA,3447.0,NA,4310,3931,NA,3487,NA,3631,NA,NA,NA,NA
NA,3454.0,NA,4317,3933,NA,3493,NA,3632,NA,NA,NA,NA
NA,3455.0,NA,4319,3937,NA,3494,NA,3635,NA,NA,NA,NA
NA,3457.0,NA,4320,3938,NA,3496,NA,3636,NA,NA,NA,NA
NA,3460.0,NA,4324,3939,NA,3499,NA,3637,NA,NA,NA,NA
NA,3461.0,NA,4326,3941,NA,3500,NA,3641,NA,NA,NA,NA
NA,3463.0,NA,4329,3943,NA,3501,NA,3646,NA,NA,NA,NA
NA,3465.0,NA,4331,3951,NA,3506,NA,3648,NA,NA,NA,NA
NA,3466.0,NA,4332,3952,NA,3509,NA,3649,NA,NA,NA,NA
NA,3467.0,NA,4336,3957,NA,3512,NA,3650,NA,NA,NA,NA
NA,3468.0,NA,4339,3959,NA,3515,NA,3651,NA,NA,NA,NA
NA,3469.0,NA,4341,3963,NA,3529,NA,3658,NA,NA,NA,NA
NA,3470.0,NA,4346,3965,NA,3530,NA,3659,NA,NA,NA,NA
NA,3473.0,NA,4347,3968,NA,3540,NA,3660,NA,NA,NA,NA
NA,3474.0,NA,4350,3969,NA,3542,NA,3662,NA,NA,NA,NA
NA,3476.0,NA,4354,3971,NA,3543,NA,3663,NA,NA,NA,NA
NA,3480.0,NA,4355,3974,NA,3545,NA,3667,NA,NA,NA,NA
NA,3481.0,NA,4356,3976,NA,3548,NA,3668,NA,NA,NA,NA
NA,3484.0,NA,4358,3981,NA,3550,NA,3670,NA,NA,NA,NA
NA,3485.0,NA,4362,3982,NA,3555,NA,3672,NA,NA,NA,NA
NA,3486.0,NA,4364,3983,NA,3556,NA,3673,NA,NA,NA,NA
NA,3487.0,NA,4367,3984,NA,3558,NA,3676,NA,NA,NA,NA
NA,3488.0,NA,4371,3985,NA,3560,NA,3679,NA,NA,NA,NA
NA,3489.0,NA,4374,3987,NA,3564,NA,3680,NA,NA,NA,NA
NA,3493.0,NA,4375,3988,NA,3568,NA,3681,NA,NA,NA,NA
NA,3495.0,NA,4377,3991,NA,3571,NA,3683,NA,NA,NA,NA
NA,3498.0,NA,4382,3992,NA,3575,NA,3684,NA,NA,NA,NA
NA,3499.0,NA,4383,4000,NA,3576,NA,3688,NA,NA,NA,NA
NA,3502.0,NA,4384,4001,NA,3584,NA,3690,NA,NA,NA,NA
NA,3504.0,NA,4387,4003,NA,3587,NA,3695,NA,NA,NA,NA
NA,3508.0,NA,4390,4005,NA,3592,NA,3699,NA,NA,NA,NA
NA,3511.0,NA,4391,4007,NA,3595,NA,3700,NA,NA,NA,NA
NA,3513.0,NA,4392,4008,NA,3597,NA,3701,NA,NA,NA,NA
NA,3514.0,NA,4395,4009,NA,3600,NA,3702,NA,NA,NA,NA
NA,3518.0,NA,4397,4012,NA,3601,NA,3704,NA,NA,NA,NA
NA,3522.0,NA,4398,4013,NA,3602,NA,3705,NA,NA,NA,NA
NA,3523.0,NA,4403,4014,NA,3604,NA,3706,NA,NA,NA,NA
NA,3525.0,NA,4409,4020,NA,3606,NA,3710,NA,NA,NA,NA
NA,3526.0,NA,4411,4021,NA,3618,NA,3711,NA,NA,NA,NA
NA,3531.0,NA,4418,4026,NA,3626,NA,3712,NA,NA,NA,NA
NA,3536.0,NA,4420,4028,NA,3627,NA,3713,NA,NA,NA,NA
NA,3537.0,NA,4422,4031,NA,3637,NA,3714,NA,NA,NA,NA
NA,3538.0,NA,4425,4032,NA,3638,NA,3715,NA,NA,NA,NA
NA,3539.0,NA,4426,4037,NA,3639,NA,3719,NA,NA,NA,NA
NA,3540.0,NA,4427,4038,NA,3648,NA,3724,NA,NA,NA,NA
NA,3541.0,NA,4431,4044,NA,3649,NA,3725,NA,NA,NA,NA
NA,3542.0,NA,4433,4050,NA,3654,NA,3726,NA,NA,NA,NA
NA,3543.0,NA,4435,4051,NA,3656,NA,3727,NA,NA,NA,NA
NA,3544.0,NA,4436,4063,NA,3659,NA,3729,NA,NA,NA,NA
NA,3548.0,NA,4443,4071,NA,3660,NA,3730,NA,NA,NA,NA
NA,3549.0,NA,4445,4081,NA,3666,NA,3731,NA,NA,NA,NA
NA,3550.0,NA,4446,4086,NA,3668,NA,3732,NA,NA,NA,NA
NA,3551.0,NA,4449,4087,NA,3672,NA,3733,NA,NA,NA,NA
NA,3556.0,NA,4453,4091,NA,3679,NA,3736,NA,NA,NA,NA
NA,3559.0,NA,4454,4093,NA,3680,NA,3738,NA,NA,NA,NA
NA,3560.0,NA,4457,4098,NA,3681,NA,3739,NA,NA,NA,NA
NA,3561.0,NA,4459,4104,NA,3683,NA,3740,NA,NA,NA,NA
NA,3562.0,NA,4462,4105,NA,3688,NA,3741,NA,NA,NA,NA
NA,3564.0,NA,4471,4108,NA,3689,NA,3743,NA,NA,NA,NA
NA,3568.0,NA,4475,4110,NA,3690,NA,3744,NA,NA,NA,NA
NA,3569.0,NA,4477,4114,NA,3691,NA,3752,NA,NA,NA,NA
NA,3570.0,NA,4479,4116,NA,3701,NA,3753,NA,NA,NA,NA
NA,3571.0,NA,4480,4117,NA,3705,NA,3754,NA,NA,NA,NA
NA,3576.0,NA,4481,4120,NA,3712,NA,3755,NA,NA,NA,NA
NA,3578.0,NA,4484,4121,NA,3713,NA,3760,NA,NA,NA,NA
NA,3580.0,NA,4486,4122,NA,3716,NA,3764,NA,NA,NA,NA
NA,3581.0,NA,4493,4123,NA,3718,NA,3765,NA,NA,NA,NA
NA,3583.0,NA,4494,4125,NA,3722,NA,3766,NA,NA,NA,NA
NA,3584.0,NA,4495,4130,NA,3733,NA,3770,NA,NA,NA,NA
NA,3587.0,NA,4500,4132,NA,3736,NA,3771,NA,NA,NA,NA
NA,3589.0,NA,4502,4133,NA,3739,NA,3774,NA,NA,NA,NA
NA,3591.0,NA,4512,4136,NA,3741,NA,3775,NA,NA,NA,NA
NA,3595.0,NA,4514,4147,NA,3742,NA,3778,NA,NA,NA,NA
NA,3598.0,NA,4515,4155,NA,3744,NA,3779,NA,NA,NA,NA
NA,3599.0,NA,4516,4156,NA,3752,NA,3781,NA,NA,NA,NA
NA,3600.0,NA,4517,4157,NA,3754,NA,3782,NA,NA,NA,NA
NA,3601.0,NA,4518,4164,NA,3759,NA,3783,NA,NA,NA,NA
NA,3603.0,NA,4523,4171,NA,3760,NA,3784,NA,NA,NA,NA
NA,3605.0,NA,4524,4176,NA,3761,NA,3789,NA,NA,NA,NA
NA,3607.0,NA,4527,4177,NA,3765,NA,3791,NA,NA,NA,NA
NA,3608.0,NA,NA,4182,NA,3775,NA,3793,NA,NA,NA,NA
NA,3610.0,NA,NA,4186,NA,3779,NA,3794,NA,NA,NA,NA
NA,3612.0,NA,NA,4194,NA,3782,NA,3795,NA,NA,NA,NA
NA,3615.0,NA,NA,4211,NA,3786,NA,3796,NA,NA,NA,NA
NA,3618.0,NA,NA,4213,NA,3789,NA,3798,NA,NA,NA,NA
NA,3619.0,NA,NA,4221,NA,3792,NA,3799,NA,NA,NA,NA
NA,3620.0,NA,NA,4223,NA,3793,NA,3800,NA,NA,NA,NA
NA,3624.0,NA,NA,4224,NA,3794,NA,3802,NA,NA,NA,NA
NA,3627.0,NA,NA,4227,NA,3796,NA,3805,NA,NA,NA,NA
NA,3630.0,NA,NA,4229,NA,3798,NA,3808,NA,NA,NA,NA
NA,3631.0,NA,NA,4230,NA,3799,NA,3809,NA,NA,NA,NA
NA,3636.0,NA,NA,4234,NA,3805,NA,3810,NA,NA,NA,NA
NA,3637.0,NA,NA,4236,NA,3809,NA,3811,NA,NA,NA,NA
NA,3638.0,NA,NA,4239,NA,3810,NA,3813,NA,NA,NA,NA
NA,3639.0,NA,NA,4240,NA,3811,NA,3819,NA,NA,NA,NA
NA,3641.0,NA,NA,4242,NA,3818,NA,3822,NA,NA,NA,NA
NA,3646.0,NA,NA,4243,NA,3820,NA,3824,NA,NA,NA,NA
NA,3649.0,NA,NA,4254,NA,3824,NA,3825,NA,NA,NA,NA
NA,3650.0,NA,NA,4261,NA,3825,NA,3827,NA,NA,NA,NA
NA,3654.0,NA,NA,4263,NA,3826,NA,3829,NA,NA,NA,NA
NA,3657.0,NA,NA,4264,NA,3829,NA,3830,NA,NA,NA,NA
NA,3658.0,NA,NA,4269,NA,3831,NA,3831,NA,NA,NA,NA
NA,3659.0,NA,NA,4274,NA,3834,NA,3833,NA,NA,NA,NA
NA,3661.0,NA,NA,4275,NA,3835,NA,3835,NA,NA,NA,NA
NA,3664.0,NA,NA,4281,NA,3839,NA,3836,NA,NA,NA,NA
NA,3667.0,NA,NA,4283,NA,3840,NA,3839,NA,NA,NA,NA
NA,3669.0,NA,NA,4287,NA,3844,NA,3840,NA,NA,NA,NA
NA,3673.0,NA,NA,4289,NA,3845,NA,3842,NA,NA,NA,NA
NA,3676.0,NA,NA,4291,NA,3851,NA,3845,NA,NA,NA,NA
NA,3677.0,NA,NA,4293,NA,3852,NA,3846,NA,NA,NA,NA
NA,3679.0,NA,NA,4294,NA,3853,NA,3847,NA,NA,NA,NA
NA,3681.0,NA,NA,4295,NA,3867,NA,3848,NA,NA,NA,NA
NA,3684.0,NA,NA,4302,NA,3877,NA,3850,NA,NA,NA,NA
NA,3685.0,NA,NA,4305,NA,3892,NA,3851,NA,NA,NA,NA
NA,3689.0,NA,NA,4314,NA,3895,NA,3852,NA,NA,NA,NA
NA,3691.0,NA,NA,4321,NA,3898,NA,3853,NA,NA,NA,NA
NA,3696.0,NA,NA,4331,NA,3901,NA,3855,NA,NA,NA,NA
NA,3699.0,NA,NA,4334,NA,3905,NA,3859,NA,NA,NA,NA
NA,3703.0,NA,NA,4339,NA,3906,NA,3862,NA,NA,NA,NA
NA,3704.0,NA,NA,4344,NA,3911,NA,3864,NA,NA,NA,NA
NA,3706.0,NA,NA,4347,NA,3918,NA,3868,NA,NA,NA,NA
NA,3710.0,NA,NA,4349,NA,3921,NA,3870,NA,NA,NA,NA
NA,3711.0,NA,NA,4353,NA,3923,NA,3871,NA,NA,NA,NA
NA,3713.0,NA,NA,4356,NA,3925,NA,3872,NA,NA,NA,NA
NA,3714.0,NA,NA,4362,NA,3926,NA,3873,NA,NA,NA,NA
NA,3716.0,NA,NA,4369,NA,3928,NA,3874,NA,NA,NA,NA
NA,3719.0,NA,NA,4371,NA,3929,NA,3876,NA,NA,NA,NA
NA,3723.0,NA,NA,4373,NA,3932,NA,3877,NA,NA,NA,NA
NA,3724.0,NA,NA,4378,NA,3934,NA,3878,NA,NA,NA,NA
NA,3725.0,NA,NA,4383,NA,3939,NA,3880,NA,NA,NA,NA
NA,3726.0,NA,NA,4389,NA,3946,NA,3883,NA,NA,NA,NA
NA,3727.0,NA,NA,4398,NA,3949,NA,3884,NA,NA,NA,NA
NA,3728.0,NA,NA,4400,NA,3951,NA,3886,NA,NA,NA,NA
NA,3730.0,NA,NA,4409,NA,3957,NA,3891,NA,NA,NA,NA
NA,3733.0,NA,NA,4424,NA,3962,NA,3892,NA,NA,NA,NA
NA,3734.0,NA,NA,4425,NA,3972,NA,3893,NA,NA,NA,NA
NA,3736.0,NA,NA,4427,NA,3979,NA,3897,NA,NA,NA,NA
NA,3738.0,NA,NA,4431,NA,3980,NA,3898,NA,NA,NA,NA
NA,3740.0,NA,NA,4438,NA,3981,NA,3900,NA,NA,NA,NA
NA,3741.0,NA,NA,4446,NA,3982,NA,3901,NA,NA,NA,NA
NA,3742.0,NA,NA,4453,NA,3984,NA,3904,NA,NA,NA,NA
NA,3747.0,NA,NA,4454,NA,3988,NA,3905,NA,NA,NA,NA
NA,3748.0,NA,NA,4461,NA,3995,NA,3909,NA,NA,NA,NA
NA,3749.0,NA,NA,4462,NA,3996,NA,3910,NA,NA,NA,NA
NA,3754.0,NA,NA,4465,NA,4002,NA,3911,NA,NA,NA,NA
NA,3755.0,NA,NA,4475,NA,4003,NA,3913,NA,NA,NA,NA
NA,3759.0,NA,NA,4479,NA,4014,NA,3915,NA,NA,NA,NA
NA,3760.0,NA,NA,4481,NA,4015,NA,3918,NA,NA,NA,NA
NA,3761.0,NA,NA,4486,NA,4016,NA,3921,NA,NA,NA,NA
NA,3765.0,NA,NA,4487,NA,4020,NA,3922,NA,NA,NA,NA
NA,3766.0,NA,NA,4492,NA,4025,NA,3925,NA,NA,NA,NA
NA,3767.0,NA,NA,4493,NA,4026,NA,3926,NA,NA,NA,NA
NA,3770.0,NA,NA,4494,NA,4029,NA,3927,NA,NA,NA,NA
NA,3771.0,NA,NA,4499,NA,4033,NA,3928,NA,NA,NA,NA
NA,3773.0,NA,NA,4500,NA,4034,NA,3929,NA,NA,NA,NA
NA,3775.0,NA,NA,4501,NA,4036,NA,3938,NA,NA,NA,NA
NA,3779.0,NA,NA,4510,NA,4037,NA,3939,NA,NA,NA,NA
NA,3781.0,NA,NA,4513,NA,4039,NA,3941,NA,NA,NA,NA
NA,3783.0,NA,NA,4520,NA,4041,NA,3942,NA,NA,NA,NA
NA,3788.0,NA,NA,4521,NA,4042,NA,3944,NA,NA,NA,NA
NA,3790.0,NA,NA,4522,NA,4045,NA,3946,NA,NA,NA,NA
NA,3792.0,NA,NA,4524,NA,4046,NA,3948,NA,NA,NA,NA
NA,3793.0,NA,NA,NA,NA,4048,NA,3949,NA,NA,NA,NA
NA,3795.0,NA,NA,NA,NA,4063,NA,3950,NA,NA,NA,NA
NA,3800.0,NA,NA,NA,NA,4073,NA,3955,NA,NA,NA,NA
NA,3802.0,NA,NA,NA,NA,4074,NA,3956,NA,NA,NA,NA
NA,3803.0,NA,NA,NA,NA,4078,NA,3957,NA,NA,NA,NA
NA,3805.0,NA,NA,NA,NA,4082,NA,3958,NA,NA,NA,NA
NA,3806.0,NA,NA,NA,NA,4084,NA,3960,NA,NA,NA,NA
NA,3808.0,NA,NA,NA,NA,4085,NA,3963,NA,NA,NA,NA
NA,3812.0,NA,NA,NA,NA,4088,NA,3967,NA,NA,NA,NA
NA,3813.0,NA,NA,NA,NA,4091,NA,3968,NA,NA,NA,NA
NA,3819.0,NA,NA,NA,NA,4098,NA,3969,NA,NA,NA,NA
NA,3820.0,NA,NA,NA,NA,4106,NA,3972,NA,NA,NA,NA
NA,3822.0,NA,NA,NA,NA,4110,NA,3974,NA,NA,NA,NA
NA,3823.0,NA,NA,NA,NA,4112,NA,3976,NA,NA,NA,NA
NA,3826.0,NA,NA,NA,NA,4116,NA,3978,NA,NA,NA,NA
NA,3831.0,NA,NA,NA,NA,4117,NA,3980,NA,NA,NA,NA
NA,3834.0,NA,NA,NA,NA,4125,NA,3981,NA,NA,NA,NA
NA,3836.0,NA,NA,NA,NA,4126,NA,3982,NA,NA,NA,NA
NA,3839.0,NA,NA,NA,NA,4133,NA,3984,NA,NA,NA,NA
NA,3840.0,NA,NA,NA,NA,4134,NA,3985,NA,NA,NA,NA
NA,3842.0,NA,NA,NA,NA,4135,NA,3988,NA,NA,NA,NA
NA,3844.0,NA,NA,NA,NA,4140,NA,3990,NA,NA,NA,NA
NA,3845.0,NA,NA,NA,NA,4141,NA,3991,NA,NA,NA,NA
NA,3847.0,NA,NA,NA,NA,4153,NA,3996,NA,NA,NA,NA
NA,3848.0,NA,NA,NA,NA,4156,NA,3999,NA,NA,NA,NA
NA,3855.0,NA,NA,NA,NA,4160,NA,4003,NA,NA,NA,NA
NA,3856.0,NA,NA,NA,NA,4165,NA,4005,NA,NA,NA,NA
NA,3863.0,NA,NA,NA,NA,4166,NA,4006,NA,NA,NA,NA
NA,3866.0,NA,NA,NA,NA,4168,NA,4007,NA,NA,NA,NA
NA,3870.0,NA,NA,NA,NA,4172,NA,4009,NA,NA,NA,NA
NA,3874.0,NA,NA,NA,NA,4176,NA,4010,NA,NA,NA,NA
NA,3882.0,NA,NA,NA,NA,4178,NA,4014,NA,NA,NA,NA
NA,3883.0,NA,NA,NA,NA,4183,NA,4017,NA,NA,NA,NA
NA,3884.0,NA,NA,NA,NA,4185,NA,4018,NA,NA,NA,NA
NA,3886.0,NA,NA,NA,NA,4187,NA,4019,NA,NA,NA,NA
NA,3887.0,NA,NA,NA,NA,4190,NA,4020,NA,NA,NA,NA
NA,3891.0,NA,NA,NA,NA,4193,NA,4021,NA,NA,NA,NA
NA,3892.0,NA,NA,NA,NA,4194,NA,4024,NA,NA,NA,NA
NA,3893.0,NA,NA,NA,NA,4195,NA,4027,NA,NA,NA,NA
NA,3894.0,NA,NA,NA,NA,4198,NA,4028,NA,NA,NA,NA
NA,3895.0,NA,NA,NA,NA,4199,NA,4031,NA,NA,NA,NA
NA,3896.0,NA,NA,NA,NA,4201,NA,4034,NA,NA,NA,NA
NA,3900.0,NA,NA,NA,NA,4207,NA,4036,NA,NA,NA,NA
NA,3902.0,NA,NA,NA,NA,4212,NA,4045,NA,NA,NA,NA
NA,3904.0,NA,NA,NA,NA,4219,NA,4046,NA,NA,NA,NA
NA,3905.0,NA,NA,NA,NA,4220,NA,4047,NA,NA,NA,NA
NA,3906.0,NA,NA,NA,NA,4223,NA,4051,NA,NA,NA,NA
NA,3909.0,NA,NA,NA,NA,4228,NA,4052,NA,NA,NA,NA
NA,3913.0,NA,NA,NA,NA,4230,NA,4055,NA,NA,NA,NA
NA,3915.0,NA,NA,NA,NA,4232,NA,4056,NA,NA,NA,NA
NA,3919.0,NA,NA,NA,NA,4235,NA,4057,NA,NA,NA,NA
NA,3924.0,NA,NA,NA,NA,4236,NA,4059,NA,NA,NA,NA
NA,3927.0,NA,NA,NA,NA,4244,NA,4061,NA,NA,NA,NA
NA,3928.0,NA,NA,NA,NA,4245,NA,4062,NA,NA,NA,NA
NA,3932.0,NA,NA,NA,NA,4248,NA,4063,NA,NA,NA,NA
NA,3934.0,NA,NA,NA,NA,4249,NA,4066,NA,NA,NA,NA
NA,3935.0,NA,NA,NA,NA,4254,NA,4068,NA,NA,NA,NA
NA,3938.0,NA,NA,NA,NA,4256,NA,4070,NA,NA,NA,NA
NA,3941.0,NA,NA,NA,NA,4260,NA,4072,NA,NA,NA,NA
NA,3942.0,NA,NA,NA,NA,4262,NA,4074,NA,NA,NA,NA
NA,3944.0,NA,NA,NA,NA,4263,NA,4076,NA,NA,NA,NA
NA,3946.0,NA,NA,NA,NA,4266,NA,4077,NA,NA,NA,NA
NA,3947.0,NA,NA,NA,NA,4277,NA,4080,NA,NA,NA,NA
NA,3949.0,NA,NA,NA,NA,4281,NA,4083,NA,NA,NA,NA
NA,3950.0,NA,NA,NA,NA,4289,NA,4084,NA,NA,NA,NA
NA,3951.0,NA,NA,NA,NA,4290,NA,4085,NA,NA,NA,NA
NA,3952.0,NA,NA,NA,NA,4294,NA,4086,NA,NA,NA,NA
NA,3956.0,NA,NA,NA,NA,4301,NA,4088,NA,NA,NA,NA
NA,3960.0,NA,NA,NA,NA,4304,NA,4090,NA,NA,NA,NA
NA,3961.0,NA,NA,NA,NA,4305,NA,4091,NA,NA,NA,NA
NA,3963.0,NA,NA,NA,NA,4306,NA,4092,NA,NA,NA,NA
NA,3968.0,NA,NA,NA,NA,4308,NA,4094,NA,NA,NA,NA
NA,3969.0,NA,NA,NA,NA,4309,NA,4095,NA,NA,NA,NA
NA,3970.0,NA,NA,NA,NA,4313,NA,4097,NA,NA,NA,NA
NA,3971.0,NA,NA,NA,NA,4315,NA,4099,NA,NA,NA,NA
NA,3972.0,NA,NA,NA,NA,4318,NA,4100,NA,NA,NA,NA
NA,3974.0,NA,NA,NA,NA,4321,NA,4102,NA,NA,NA,NA
NA,3975.0,NA,NA,NA,NA,4324,NA,4104,NA,NA,NA,NA
NA,3976.0,NA,NA,NA,NA,4327,NA,4105,NA,NA,NA,NA
NA,3979.0,NA,NA,NA,NA,4328,NA,4107,NA,NA,NA,NA
NA,3983.0,NA,NA,NA,NA,4329,NA,4111,NA,NA,NA,NA
NA,3986.0,NA,NA,NA,NA,4331,NA,4112,NA,NA,NA,NA
NA,3991.0,NA,NA,NA,NA,4333,NA,4114,NA,NA,NA,NA
NA,3994.0,NA,NA,NA,NA,4338,NA,4119,NA,NA,NA,NA
NA,3995.0,NA,NA,NA,NA,4354,NA,4120,NA,NA,NA,NA
NA,3996.0,NA,NA,NA,NA,4355,NA,4121,NA,NA,NA,NA
NA,3999.0,NA,NA,NA,NA,4356,NA,4122,NA,NA,NA,NA
NA,4002.0,NA,NA,NA,NA,4359,NA,4123,NA,NA,NA,NA
NA,4005.0,NA,NA,NA,NA,4362,NA,4125,NA,NA,NA,NA
NA,4006.0,NA,NA,NA,NA,4368,NA,4127,NA,NA,NA,NA
NA,4007.0,NA,NA,NA,NA,4371,NA,4130,NA,NA,NA,NA
NA,4008.0,NA,NA,NA,NA,4379,NA,4133,NA,NA,NA,NA
NA,4009.0,NA,NA,NA,NA,4386,NA,4134,NA,NA,NA,NA
NA,4010.0,NA,NA,NA,NA,4387,NA,4136,NA,NA,NA,NA
NA,4015.0,NA,NA,NA,NA,4394,NA,4137,NA,NA,NA,NA
NA,4016.0,NA,NA,NA,NA,4395,NA,4142,NA,NA,NA,NA
NA,4018.0,NA,NA,NA,NA,4398,NA,4148,NA,NA,NA,NA
NA,4019.0,NA,NA,NA,NA,4409,NA,4151,NA,NA,NA,NA
NA,4021.0,NA,NA,NA,NA,4413,NA,4152,NA,NA,NA,NA
NA,4022.0,NA,NA,NA,NA,4417,NA,4153,NA,NA,NA,NA
NA,4024.0,NA,NA,NA,NA,4420,NA,4154,NA,NA,NA,NA
NA,4025.0,NA,NA,NA,NA,4424,NA,4156,NA,NA,NA,NA
NA,4028.0,NA,NA,NA,NA,4425,NA,4157,NA,NA,NA,NA
NA,4029.0,NA,NA,NA,NA,4428,NA,4158,NA,NA,NA,NA
NA,4030.0,NA,NA,NA,NA,4431,NA,4159,NA,NA,NA,NA
NA,4031.0,NA,NA,NA,NA,4432,NA,4162,NA,NA,NA,NA
NA,4032.0,NA,NA,NA,NA,4433,NA,4164,NA,NA,NA,NA
NA,4033.0,NA,NA,NA,NA,4435,NA,4165,NA,NA,NA,NA
NA,4035.0,NA,NA,NA,NA,4448,NA,4172,NA,NA,NA,NA
NA,4038.0,NA,NA,NA,NA,4453,NA,4175,NA,NA,NA,NA
NA,4039.0,NA,NA,NA,NA,4472,NA,4176,NA,NA,NA,NA
NA,4041.0,NA,NA,NA,NA,4474,NA,4179,NA,NA,NA,NA
NA,4042.0,NA,NA,NA,NA,4478,NA,4181,NA,NA,NA,NA
NA,4046.0,NA,NA,NA,NA,4479,NA,4184,NA,NA,NA,NA
NA,4047.0,NA,NA,NA,NA,4481,NA,4186,NA,NA,NA,NA
NA,4048.0,NA,NA,NA,NA,4482,NA,4188,NA,NA,NA,NA
NA,4049.0,NA,NA,NA,NA,4486,NA,4190,NA,NA,NA,NA
NA,4051.0,NA,NA,NA,NA,4487,NA,4191,NA,NA,NA,NA
NA,4056.0,NA,NA,NA,NA,4489,NA,4192,NA,NA,NA,NA
NA,4059.0,NA,NA,NA,NA,4494,NA,4195,NA,NA,NA,NA
NA,4060.0,NA,NA,NA,NA,4495,NA,4198,NA,NA,NA,NA
NA,4062.0,NA,NA,NA,NA,4496,NA,4201,NA,NA,NA,NA
NA,4066.0,NA,NA,NA,NA,4500,NA,4204,NA,NA,NA,NA
NA,4068.0,NA,NA,NA,NA,4512,NA,4207,NA,NA,NA,NA
NA,4072.0,NA,NA,NA,NA,4513,NA,4214,NA,NA,NA,NA
NA,4076.0,NA,NA,NA,NA,4516,NA,4215,NA,NA,NA,NA
NA,4078.0,NA,NA,NA,NA,4517,NA,4221,NA,NA,NA,NA
NA,4080.0,NA,NA,NA,NA,4519,NA,4222,NA,NA,NA,NA
NA,4082.0,NA,NA,NA,NA,4524,NA,4223,NA,NA,NA,NA
NA,4083.0,NA,NA,NA,NA,NA,NA,4227,NA,NA,NA,NA
NA,4084.0,NA,NA,NA,NA,NA,NA,4230,NA,NA,NA,NA
NA,4085.0,NA,NA,NA,NA,NA,NA,4232,NA,NA,NA,NA
NA,4086.0,NA,NA,NA,NA,NA,NA,4235,NA,NA,NA,NA
NA,4087.0,NA,NA,NA,NA,NA,NA,4236,NA,NA,NA,NA
NA,4088.0,NA,NA,NA,NA,NA,NA,4237,NA,NA,NA,NA
NA,4090.0,NA,NA,NA,NA,NA,NA,4238,NA,NA,NA,NA
NA,4095.0,NA,NA,NA,NA,NA,NA,4241,NA,NA,NA,NA
NA,4099.0,NA,NA,NA,NA,NA,NA,4242,NA,NA,NA,NA
NA,4102.0,NA,NA,NA,NA,NA,NA,4245,NA,NA,NA,NA
NA,4104.0,NA,NA,NA,NA,NA,NA,4246,NA,NA,NA,NA
NA,4105.0,NA,NA,NA,NA,NA,NA,4250,NA,NA,NA,NA
NA,4106.0,NA,NA,NA,NA,NA,NA,4252,NA,NA,NA,NA
NA,4108.0,NA,NA,NA,NA,NA,NA,4253,NA,NA,NA,NA
NA,4111.0,NA,NA,NA,NA,NA,NA,4254,NA,NA,NA,NA
NA,4112.0,NA,NA,NA,NA,NA,NA,4255,NA,NA,NA,NA
NA,4114.0,NA,NA,NA,NA,NA,NA,4256,NA,NA,NA,NA
NA,4116.0,NA,NA,NA,NA,NA,NA,4257,NA,NA,NA,NA
NA,4117.0,NA,NA,NA,NA,NA,NA,4262,NA,NA,NA,NA
NA,4120.0,NA,NA,NA,NA,NA,NA,4263,NA,NA,NA,NA
NA,4121.0,NA,NA,NA,NA,NA,NA,4264,NA,NA,NA,NA
NA,4122.0,NA,NA,NA,NA,NA,NA,4269,NA,NA,NA,NA
NA,4123.0,NA,NA,NA,NA,NA,NA,4270,NA,NA,NA,NA
NA,4126.0,NA,NA,NA,NA,NA,NA,4274,NA,NA,NA,NA
NA,4127.0,NA,NA,NA,NA,NA,NA,4276,NA,NA,NA,NA
NA,4130.0,NA,NA,NA,NA,NA,NA,4278,NA,NA,NA,NA
NA,4134.0,NA,NA,NA,NA,NA,NA,4282,NA,NA,NA,NA
NA,4136.0,NA,NA,NA,NA,NA,NA,4284,NA,NA,NA,NA
NA,4138.0,NA,NA,NA,NA,NA,NA,4285,NA,NA,NA,NA
NA,4140.0,NA,NA,NA,NA,NA,NA,4287,NA,NA,NA,NA
NA,4141.0,NA,NA,NA,NA,NA,NA,4290,NA,NA,NA,NA
NA,4142.0,NA,NA,NA,NA,NA,NA,4291,NA,NA,NA,NA
NA,4145.0,NA,NA,NA,NA,NA,NA,4292,NA,NA,NA,NA
NA,4148.0,NA,NA,NA,NA,NA,NA,4299,NA,NA,NA,NA
NA,4153.0,NA,NA,NA,NA,NA,NA,4300,NA,NA,NA,NA
NA,4154.0,NA,NA,NA,NA,NA,NA,4302,NA,NA,NA,NA
NA,4157.0,NA,NA,NA,NA,NA,NA,4303,NA,NA,NA,NA
NA,4158.0,NA,NA,NA,NA,NA,NA,4305,NA,NA,NA,NA
NA,4162.0,NA,NA,NA,NA,NA,NA,4307,NA,NA,NA,NA
NA,4164.0,NA,NA,NA,NA,NA,NA,4308,NA,NA,NA,NA
NA,4165.0,NA,NA,NA,NA,NA,NA,4311,NA,NA,NA,NA
NA,4166.0,NA,NA,NA,NA,NA,NA,4313,NA,NA,NA,NA
NA,4168.0,NA,NA,NA,NA,NA,NA,4316,NA,NA,NA,NA
NA,4169.0,NA,NA,NA,NA,NA,NA,4319,NA,NA,NA,NA
NA,4172.0,NA,NA,NA,NA,NA,NA,4320,NA,NA,NA,NA
NA,4175.0,NA,NA,NA,NA,NA,NA,4322,NA,NA,NA,NA
NA,4177.0,NA,NA,NA,NA,NA,NA,4323,NA,NA,NA,NA
NA,4178.0,NA,NA,NA,NA,NA,NA,4325,NA,NA,NA,NA
NA,4179.0,NA,NA,NA,NA,NA,NA,4328,NA,NA,NA,NA
NA,4181.0,NA,NA,NA,NA,NA,NA,4329,NA,NA,NA,NA
NA,4182.0,NA,NA,NA,NA,NA,NA,4330,NA,NA,NA,NA
NA,4183.0,NA,NA,NA,NA,NA,NA,4331,NA,NA,NA,NA
NA,4184.0,NA,NA,NA,NA,NA,NA,4335,NA,NA,NA,NA
NA,4185.0,NA,NA,NA,NA,NA,NA,4340,NA,NA,NA,NA
NA,4186.0,NA,NA,NA,NA,NA,NA,4342,NA,NA,NA,NA
NA,4187.0,NA,NA,NA,NA,NA,NA,4344,NA,NA,NA,NA
NA,4188.0,NA,NA,NA,NA,NA,NA,4345,NA,NA,NA,NA
NA,4190.0,NA,NA,NA,NA,NA,NA,4348,NA,NA,NA,NA
NA,4191.0,NA,NA,NA,NA,NA,NA,4350,NA,NA,NA,NA
NA,4193.0,NA,NA,NA,NA,NA,NA,4356,NA,NA,NA,NA
NA,4196.0,NA,NA,NA,NA,NA,NA,4357,NA,NA,NA,NA
NA,4199.0,NA,NA,NA,NA,NA,NA,4361,NA,NA,NA,NA
NA,4201.0,NA,NA,NA,NA,NA,NA,4362,NA,NA,NA,NA
NA,4207.0,NA,NA,NA,NA,NA,NA,4363,NA,NA,NA,NA
NA,4210.0,NA,NA,NA,NA,NA,NA,4365,NA,NA,NA,NA
NA,4219.0,NA,NA,NA,NA,NA,NA,4366,NA,NA,NA,NA
NA,4220.0,NA,NA,NA,NA,NA,NA,4368,NA,NA,NA,NA
NA,4225.0,NA,NA,NA,NA,NA,NA,4371,NA,NA,NA,NA
NA,4226.0,NA,NA,NA,NA,NA,NA,4372,NA,NA,NA,NA
NA,4227.0,NA,NA,NA,NA,NA,NA,4376,NA,NA,NA,NA
NA,4228.0,NA,NA,NA,NA,NA,NA,4378,NA,NA,NA,NA
NA,4229.0,NA,NA,NA,NA,NA,NA,4380,NA,NA,NA,NA
NA,4232.0,NA,NA,NA,NA,NA,NA,4381,NA,NA,NA,NA
NA,4233.0,NA,NA,NA,NA,NA,NA,4382,NA,NA,NA,NA
NA,4235.0,NA,NA,NA,NA,NA,NA,4387,NA,NA,NA,NA
NA,4238.0,NA,NA,NA,NA,NA,NA,4388,NA,NA,NA,NA
NA,4240.0,NA,NA,NA,NA,NA,NA,4389,NA,NA,NA,NA
NA,4242.0,NA,NA,NA,NA,NA,NA,4394,NA,NA,NA,NA
NA,4243.0,NA,NA,NA,NA,NA,NA,4397,NA,NA,NA,NA
NA,4244.0,NA,NA,NA,NA,NA,NA,4398,NA,NA,NA,NA
NA,4245.0,NA,NA,NA,NA,NA,NA,4400,NA,NA,NA,NA
NA,4246.0,NA,NA,NA,NA,NA,NA,4402,NA,NA,NA,NA
NA,4248.0,NA,NA,NA,NA,NA,NA,4404,NA,NA,NA,NA
NA,4249.0,NA,NA,NA,NA,NA,NA,4405,NA,NA,NA,NA
NA,4250.0,NA,NA,NA,NA,NA,NA,4407,NA,NA,NA,NA
NA,4252.0,NA,NA,NA,NA,NA,NA,4409,NA,NA,NA,NA
NA,4255.0,NA,NA,NA,NA,NA,NA,4413,NA,NA,NA,NA
NA,4256.0,NA,NA,NA,NA,NA,NA,4414,NA,NA,NA,NA
NA,4257.0,NA,NA,NA,NA,NA,NA,4415,NA,NA,NA,NA
NA,4261.0,NA,NA,NA,NA,NA,NA,4417,NA,NA,NA,NA
NA,4262.0,NA,NA,NA,NA,NA,NA,4420,NA,NA,NA,NA
NA,4264.0,NA,NA,NA,NA,NA,NA,4423,NA,NA,NA,NA
NA,4266.0,NA,NA,NA,NA,NA,NA,4425,NA,NA,NA,NA
NA,4267.0,NA,NA,NA,NA,NA,NA,4426,NA,NA,NA,NA
NA,4270.0,NA,NA,NA,NA,NA,NA,4428,NA,NA,NA,NA
NA,4274.0,NA,NA,NA,NA,NA,NA,4429,NA,NA,NA,NA
NA,4276.0,NA,NA,NA,NA,NA,NA,4431,NA,NA,NA,NA
NA,4277.0,NA,NA,NA,NA,NA,NA,4432,NA,NA,NA,NA
NA,4278.0,NA,NA,NA,NA,NA,NA,4433,NA,NA,NA,NA
NA,4279.0,NA,NA,NA,NA,NA,NA,4434,NA,NA,NA,NA
NA,4287.0,NA,NA,NA,NA,NA,NA,4436,NA,NA,NA,NA
NA,4290.0,NA,NA,NA,NA,NA,NA,4438,NA,NA,NA,NA
NA,4291.0,NA,NA,NA,NA,NA,NA,4439,NA,NA,NA,NA
NA,4293.0,NA,NA,NA,NA,NA,NA,4442,NA,NA,NA,NA
NA,4299.0,NA,NA,NA,NA,NA,NA,4443,NA,NA,NA,NA
NA,4300.0,NA,NA,NA,NA,NA,NA,4445,NA,NA,NA,NA
NA,4301.0,NA,NA,NA,NA,NA,NA,4447,NA,NA,NA,NA
NA,4302.0,NA,NA,NA,NA,NA,NA,4448,NA,NA,NA,NA
NA,4303.0,NA,NA,NA,NA,NA,NA,4450,NA,NA,NA,NA
NA,4306.0,NA,NA,NA,NA,NA,NA,4451,NA,NA,NA,NA
NA,4307.0,NA,NA,NA,NA,NA,NA,4452,NA,NA,NA,NA
NA,4309.0,NA,NA,NA,NA,NA,NA,4453,NA,NA,NA,NA
NA,4313.0,NA,NA,NA,NA,NA,NA,4459,NA,NA,NA,NA
NA,4315.0,NA,NA,NA,NA,NA,NA,4460,NA,NA,NA,NA
NA,4316.0,NA,NA,NA,NA,NA,NA,4463,NA,NA,NA,NA
NA,4317.0,NA,NA,NA,NA,NA,NA,4464,NA,NA,NA,NA
NA,4318.0,NA,NA,NA,NA,NA,NA,4465,NA,NA,NA,NA
NA,4320.0,NA,NA,NA,NA,NA,NA,4468,NA,NA,NA,NA
NA,4322.0,NA,NA,NA,NA,NA,NA,4469,NA,NA,NA,NA
NA,4324.0,NA,NA,NA,NA,NA,NA,4476,NA,NA,NA,NA
NA,4326.0,NA,NA,NA,NA,NA,NA,4477,NA,NA,NA,NA
NA,4327.0,NA,NA,NA,NA,NA,NA,4479,NA,NA,NA,NA
NA,4328.0,NA,NA,NA,NA,NA,NA,4481,NA,NA,NA,NA
NA,4329.0,NA,NA,NA,NA,NA,NA,4484,NA,NA,NA,NA
NA,4332.0,NA,NA,NA,NA,NA,NA,4485,NA,NA,NA,NA
NA,4333.0,NA,NA,NA,NA,NA,NA,4486,NA,NA,NA,NA
NA,4334.0,NA,NA,NA,NA,NA,NA,4493,NA,NA,NA,NA
NA,4335.0,NA,NA,NA,NA,NA,NA,4494,NA,NA,NA,NA
NA,4336.0,NA,NA,NA,NA,NA,NA,4495,NA,NA,NA,NA
NA,4338.0,NA,NA,NA,NA,NA,NA,4496,NA,NA,NA,NA
NA,4339.0,NA,NA,NA,NA,NA,NA,4500,NA,NA,NA,NA
NA,4341.0,NA,NA,NA,NA,NA,NA,4501,NA,NA,NA,NA
NA,4342.0,NA,NA,NA,NA,NA,NA,4503,NA,NA,NA,NA
NA,4344.0,NA,NA,NA,NA,NA,NA,4505,NA,NA,NA,NA
NA,4345.0,NA,NA,NA,NA,NA,NA,4506,NA,NA,NA,NA
NA,4347.0,NA,NA,NA,NA,NA,NA,4508,NA,NA,NA,NA
NA,4354.0,NA,NA,NA,NA,NA,NA,4509,NA,NA,NA,NA
NA,4355.0,NA,NA,NA,NA,NA,NA,4510,NA,NA,NA,NA
NA,4359.0,NA,NA,NA,NA,NA,NA,4512,NA,NA,NA,NA
NA,4365.0,NA,NA,NA,NA,NA,NA,4515,NA,NA,NA,NA
NA,4367.0,NA,NA,NA,NA,NA,NA,4516,NA,NA,NA,NA
NA,4369.0,NA,NA,NA,NA,NA,NA,4517,NA,NA,NA,NA
NA,4373.0,NA,NA,NA,NA,NA,NA,4521,NA,NA,NA,NA
NA,4375.0,NA,NA,NA,NA,NA,NA,4524,NA,NA,NA,NA
NA,4376.0,NA,NA,NA,NA,NA,NA,NA,NA,NA,NA,NA
NA,4378.0,NA,NA,NA,NA,NA,NA,NA,NA,NA,NA,NA
NA,4380.0,NA,NA,NA,NA,NA,NA,NA,NA,NA,NA,NA
NA,4381.0,NA,NA,NA,NA,NA,NA,NA,NA,NA,NA,NA
NA,4383.0,NA,NA,NA,NA,NA,NA,NA,NA,NA,NA,NA
NA,4386.0,NA,NA,NA,NA,NA,NA,NA,NA,NA,NA,NA
NA,4389.0,NA,NA,NA,NA,NA,NA,NA,NA,NA,NA,NA
NA,4390.0,NA,NA,NA,NA,NA,NA,NA,NA,NA,NA,NA
NA,4394.0,NA,NA,NA,NA,NA,NA,NA,NA,NA,NA,NA
NA,4395.0,NA,NA,NA,NA,NA,NA,NA,NA,NA,NA,NA
NA,4400.0,NA,NA,NA,NA,NA,NA,NA,NA,NA,NA,NA
NA,4402.0,NA,NA,NA,NA,NA,NA,NA,NA,NA,NA,NA
NA,4403.0,NA,NA,NA,NA,NA,NA,NA,NA,NA,NA,NA
NA,4404.0,NA,NA,NA,NA,NA,NA,NA,NA,NA,NA,NA
NA,4405.0,NA,NA,NA,NA,NA,NA,NA,NA,NA,NA,NA
NA,4407.0,NA,NA,NA,NA,NA,NA,NA,NA,NA,NA,NA
NA,4414.0,NA,NA,NA,NA,NA,NA,NA,NA,NA,NA,NA
NA,4417.0,NA,NA,NA,NA,NA,NA,NA,NA,NA,NA,NA
NA,4420.0,NA,NA,NA,NA,NA,NA,NA,NA,NA,NA,NA
NA,4422.0,NA,NA,NA,NA,NA,NA,NA,NA,NA,NA,NA
NA,4423.0,NA,NA,NA,NA,NA,NA,NA,NA,NA,NA,NA
NA,4428.0,NA,NA,NA,NA,NA,NA,NA,NA,NA,NA,NA
NA,4430.0,NA,NA,NA,NA,NA,NA,NA,NA,NA,NA,NA
NA,4433.0,NA,NA,NA,NA,NA,NA,NA,NA,NA,NA,NA
NA,4434.0,NA,NA,NA,NA,NA,NA,NA,NA,NA,NA,NA
NA,4435.0,NA,NA,NA,NA,NA,NA,NA,NA,NA,NA,NA
NA,4436.0,NA,NA,NA,NA,NA,NA,NA,NA,NA,NA,NA
NA,4438.0,NA,NA,NA,NA,NA,NA,NA,NA,NA,NA,NA
NA,4439.0,NA,NA,NA,NA,NA,NA,NA,NA,NA,NA,NA
NA,4443.0,NA,NA,NA,NA,NA,NA,NA,NA,NA,NA,NA
NA,4444.0,NA,NA,NA,NA,NA,NA,NA,NA,NA,NA,NA
NA,4446.0,NA,NA,NA,NA,NA,NA,NA,NA,NA,NA,NA
NA,4448.0,NA,NA,NA,NA,NA,NA,NA,NA,NA,NA,NA
NA,4449.0,NA,NA,NA,NA,NA,NA,NA,NA,NA,NA,NA
NA,4452.0,NA,NA,NA,NA,NA,NA,NA,NA,NA,NA,NA
NA,4457.0,NA,NA,NA,NA,NA,NA,NA,NA,NA,NA,NA
NA,4460.0,NA,NA,NA,NA,NA,NA,NA,NA,NA,NA,NA
NA,4463.0,NA,NA,NA,NA,NA,NA,NA,NA,NA,NA,NA
NA,4464.0,NA,NA,NA,NA,NA,NA,NA,NA,NA,NA,NA
NA,4465.0,NA,NA,NA,NA,NA,NA,NA,NA,NA,NA,NA
NA,4468.0,NA,NA,NA,NA,NA,NA,NA,NA,NA,NA,NA
NA,4472.0,NA,NA,NA,NA,NA,NA,NA,NA,NA,NA,NA
NA,4474.0,NA,NA,NA,NA,NA,NA,NA,NA,NA,NA,NA
NA,4477.0,NA,NA,NA,NA,NA,NA,NA,NA,NA,NA,NA
NA,4478.0,NA,NA,NA,NA,NA,NA,NA,NA,NA,NA,NA
NA,4482.0,NA,NA,NA,NA,NA,NA,NA,NA,NA,NA,NA
NA,4489.0,NA,NA,NA,NA,NA,NA,NA,NA,NA,NA,NA
NA,4493.0,NA,NA,NA,NA,NA,NA,NA,NA,NA,NA,NA
NA,4495.0,NA,NA,NA,NA,NA,NA,NA,NA,NA,NA,NA
NA,4501.0,NA,NA,NA,NA,NA,NA,NA,NA,NA,NA,NA
NA,4502.0,NA,NA,NA,NA,NA,NA,NA,NA,NA,NA,NA
NA,4505.0,NA,NA,NA,NA,NA,NA,NA,NA,NA,NA,NA
NA,4509.0,NA,NA,NA,NA,NA,NA,NA,NA,NA,NA,NA
NA,4510.0,NA,NA,NA,NA,NA,NA,NA,NA,NA,NA,NA
NA,4512.0,NA,NA,NA,NA,NA,NA,NA,NA,NA,NA,NA
NA,4514.0,NA,NA,NA,NA,NA,NA,NA,NA,NA,NA,NA
NA,4515.0,NA,NA,NA,NA,NA,NA,NA,NA,NA,NA,NA
NA,4516.0,NA,NA,NA,NA,NA,NA,NA,NA,NA,NA,NA
NA,4517.0,NA,NA,NA,NA,NA,NA,NA,NA,NA,NA,NA
NA,4518.0,NA,NA,NA,NA,NA,NA,NA,NA,NA,NA,NA
NA,4519.0,NA,NA,NA,NA,NA,NA,NA,NA,NA,NA,NA
NA,4520.0,NA,NA,NA,NA,NA,NA,NA,NA,NA,NA,NA
NA,4521.0,NA,NA,NA,NA,NA,NA,NA,NA,NA,NA,NA
NA,4523.0,NA,NA,NA,NA,NA,NA,NA,NA,NA,NA,NA
