1,3,4,5,9,10,11,12,13,20,22,23,25
5,16,2004,98,20,3,18,41,0,1111,2150,806,637
719,90,2013,179,58,109,22,48,6,1200,2151,836,761
817,116,3017,204,125,212,34,159,19,1246,2152,1016,932
848,134,3028,207,144,234,38,180,21,1429,2153,2332,1239
908,143,3229,223,165,288,63,208,46,2193,2240,2433,1386
922,150,3478,269,176,424,65,270,85,2397,2244,2513,1549
927,160,3804,306,191,522,68,275,107,2409,2336,2567,1575
1314,181,4101,331,199,527,96,305,120,2469,2432,2608,1609
1325,192,4118,552,209,529,110,324,138,2532,2466,2683,1678
1476,241,4337,581,218,546,118,349,139,2557,2474,2800,2265
1684,264,4480,629,222,571,119,442,146,2671,2553,2809,2284
1866,271,848,662,249,618,122,559,156,2699,2575,2993,2322
1875,297,908,687,253,656,130,722,184,2872,2583,3011,2388
2086,303,1314,931,257,666,147,951,197,2877,2648,3032,2392
2170,340,1325,947,267,688,161,1125,217,2958,2650,3137,2480
2216,374,1684,1247,294,693,162,1132,230,2995,2758,3187,2534
2233,380,1866,1478,325,725,196,1428,240,3068,2826,3410,2596
2245,398,1875,1822,329,815,202,1562,276,3281,2855,3437,2599
2291,435,2291,2092,354,860,210,1688,314,3305,2947,3483,2610
2323,450,2357,2102,413,945,213,1883,362,3471,3026,3609,2612
2357,479,2443,2103,414,1378,216,1959,369,3491,3034,3687,2620
2372,506,2516,2104,428,2137,229,2113,393,3497,3052,3709,2645
2384,535,2597,2105,439,2138,235,2114,404,3586,3056,3721,2690
2443,541,2657,2106,478,2139,238,2115,438,3707,3155,3776,2698
2445,556,2728,2107,500,2140,242,2116,471,3807,3163,4065,2744
2472,567,2830,2108,507,2141,247,2117,608,3849,3211,4146,2839
2494,576,2884,2109,548,2142,250,2118,631,3854,3221,4161,2841
2495,589,2972,2173,562,2168,255,2119,672,3899,3235,4202,3039
2506,632,2981,2175,579,2181,258,2120,721,3908,3366,4203,3060
2516,636,3069,2177,590,2225,268,2121,730,3916,3462,4265,3063
2597,653,3520,2195,594,2238,300,2122,739,3989,3492,4312,3135
2618,677,3573,2196,617,2294,332,2159,849,3998,3501,4399,3153
2635,682,3644,2209,623,2375,337,2160,896,4075,3506,4473,3183
2657,715,3756,2210,627,2383,343,2161,1149,4144,3507,1200,3299
2681,748,3814,2214,658,2386,353,2162,1539,4167,3557,1429,3359
2689,749,3890,2220,659,2475,355,2163,2123,4205,3574,2469,3369
2715,818,4011,2223,670,2500,356,2164,2184,4343,3647,2532,3378
2728,823,4058,2231,681,2504,357,2165,2206,4351,3692,2872,3387
2733,939,4189,2256,686,2530,360,2172,2208,4352,3750,3305,3431
2759,1208,4364,2263,695,2572,379,2191,2212,4385,3786,3497,3475
2783,1383,4374,2268,724,2598,412,2200,2226,4455,3816,4455,3552
2830,1448,4391,2283,728,2649,426,2207,2236,4467,3857,4467,3572
2884,1470,4418,2289,786,2676,465,2215,2250,4470,3888,NA,3617
2906,1582,4502,2292,844,2694,510,2230,2264,4483,4073,NA,3633
2959,1610,4514,2299,845,2721,551,2237,2273,4488,4096,NA,3643
2972,1999,4518,2314,877,2730,564,2252,2302,806,4135,NA,3694
2974,2110,4527,2316,963,2778,601,2254,2326,1016,4212,NA,3720
2981,2111,NA,2325,1046,2788,606,2257,2331,2332,4286,NA,3735
3043,2112,NA,2352,1050,2798,615,2276,2344,2433,4288,NA,3746
3067,2178,NA,2354,1195,2824,628,2279,2346,2513,4296,NA,3815
3069,2180,NA,2356,1201,2879,639,2290,2350,2608,4379,NA,3817
3111,2187,NA,2373,1520,2902,640,2293,2361,2800,4504,NA,3860
3113,2189,NA,2378,1613,2903,644,2295,2364,2809,NA,NA,3885
3125,2192,NA,2381,1702,2938,651,2298,2376,2993,NA,NA,3943
3126,2194,NA,2404,1718,2942,654,2300,2380,3032,NA,NA,3997
3148,2199,NA,2411,1776,2971,673,2306,2399,3187,NA,NA,4012
3150,2202,NA,2417,1859,2992,710,2312,2416,3776,NA,NA,4044
3217,2203,NA,2418,2001,3006,714,2320,2425,4161,NA,NA,4064
3347,2204,NA,2446,2059,3008,727,2367,2450,4202,NA,NA,4155
3357,2211,NA,2448,2100,3037,757,2368,2456,4203,NA,NA,4163
3389,2213,NA,2468,2101,3051,789,2369,2476,4265,NA,NA,4171
3399,2227,NA,2470,2143,3101,813,2374,2502,4399,NA,NA,4209
3445,2248,NA,2473,2144,3106,869,2379,2535,NA,NA,NA,4217
3519,2267,NA,2489,2145,3131,1367,2385,2556,NA,NA,NA,4234
3520,2274,NA,2514,2146,3132,1507,2391,2573,NA,NA,NA,4297
3569,2278,NA,2517,2147,3134,1946,2398,2574,NA,NA,NA,4298
3573,2287,NA,2542,2148,3147,2124,2407,2582,NA,NA,NA,4353
3605,2288,NA,2554,2149,3164,2125,2414,2590,NA,NA,NA,4406
3640,2321,NA,2561,2166,3170,2126,2422,2606,NA,NA,NA,4440
3644,2329,NA,2568,2171,3202,2127,2437,2615,NA,NA,NA,4461
3693,2335,NA,2611,2176,3242,2128,2460,2627,NA,NA,NA,4491
3696,2338,NA,2634,2179,3251,2129,2464,2632,NA,NA,NA,4498
3747,2341,NA,2651,2182,3254,2130,2496,2639,NA,NA,NA,719
3756,2342,NA,2669,2185,3259,2131,2523,2665,NA,NA,NA,817
3785,2359,NA,2679,2188,3282,2132,2544,2670,NA,NA,NA,1476
3801,2365,NA,2685,2201,3289,2133,2569,2675,NA,NA,NA,2086
3814,2366,NA,2697,2217,3313,2134,2571,2701,NA,NA,NA,2170
3838,2371,NA,2703,2218,3348,2135,2604,2711,NA,NA,NA,2245
3843,2382,NA,2741,2219,3350,2136,2607,2720,NA,NA,NA,2323
3865,2393,NA,2757,2222,3356,2154,2614,2723,NA,NA,NA,2372
3881,2400,NA,2762,2228,3415,2155,2623,2726,NA,NA,NA,2494
3890,2401,NA,2764,2235,3426,2156,2638,2731,NA,NA,NA,2495
3902,2413,NA,2782,2241,3458,2157,2646,2743,NA,NA,NA,2578
3933,2438,NA,2787,2242,3464,2158,2656,2746,NA,NA,NA,2618
3953,2452,NA,2821,2246,3509,2167,2666,2747,NA,NA,NA,2681
3959,2454,NA,2834,2249,3517,2169,2667,2794,NA,NA,NA,2689
4011,2457,NA,2842,2251,3524,2174,2674,2799,NA,NA,NA,2733
4032,2478,NA,2853,2255,3534,2183,2678,2802,NA,NA,NA,2974
4058,2485,NA,2873,2277,3553,2186,2686,2814,NA,NA,NA,3111
4071,2488,NA,2880,2282,3554,2190,2688,2816,NA,NA,NA,3125
4081,2501,NA,2883,2297,3555,2197,2702,2827,NA,NA,NA,3150
4093,2505,NA,2894,2304,3558,2198,2708,2829,NA,NA,NA,3347
4170,2509,NA,2913,2305,3565,2205,2714,2831,NA,NA,NA,3357
4177,2512,NA,2935,2308,3566,2221,2722,2852,NA,NA,NA,3389
4189,2518,NA,2948,2309,3614,2224,2736,2854,NA,NA,NA,3445
4240,2521,NA,2973,2317,3623,2229,2749,2876,NA,NA,NA,3519
4261,2525,NA,3025,2324,3645,2232,2766,2885,NA,NA,NA,3640
4275,2526,NA,3033,2327,3652,2234,2769,2886,NA,NA,NA,3671
4339,2543,NA,3048,2328,3656,2239,2770,2887,NA,NA,NA,3674
4347,2549,NA,3050,2330,3666,2243,2780,2896,NA,NA,NA,3686
4364,2555,NA,3066,2333,3717,2247,2784,2904,NA,NA,NA,3785
4374,2562,NA,3070,2348,3718,2253,2803,2910,NA,NA,NA,3801
4383,2565,NA,3088,2351,3722,2258,2806,2914,NA,NA,NA,3828
4391,2585,NA,3096,2377,3757,2259,2822,2977,NA,NA,NA,3838
4411,2588,NA,3097,2387,3763,2260,2823,2986,NA,NA,NA,3843
4418,2592,NA,3120,2394,3777,2261,2840,2990,NA,NA,NA,3865
4427,2594,NA,3122,2395,3818,2262,2850,3005,NA,NA,NA,3881
4446,2602,NA,3142,2403,3867,2266,2851,3024,NA,NA,NA,3889
4454,2609,NA,3146,2406,3907,2269,2856,3040,NA,NA,NA,3933
4462,2626,NA,3161,2408,3920,2270,2858,3047,NA,NA,NA,3959
4475,2630,NA,3165,2415,3931,2271,2871,3059,NA,NA,NA,4071
4502,2633,NA,3166,2419,3937,2272,2881,3077,NA,NA,NA,4081
4514,2643,NA,3173,2421,3951,2275,2888,3078,NA,NA,NA,4149
4518,2644,NA,3181,2428,3954,2280,2889,3114,NA,NA,NA,4170
4527,2652,NA,3191,2436,3962,2281,2890,3115,NA,NA,NA,4427
98,2653,NA,3200,2441,3965,2285,2898,3124,NA,NA,NA,4454
179,2662,NA,3216,2442,3987,2286,2923,3156,NA,NA,NA,4462
207,2668,NA,3223,2444,3992,2296,2928,3169,NA,NA,NA,4475
218,2672,NA,3226,2449,4000,2301,2931,3184,NA,NA,NA,NA
253,2677,NA,3228,2451,4001,2303,2933,3195,NA,NA,NA,NA
269,2692,NA,3230,2455,4004,2307,2939,3198,NA,NA,NA,NA
306,2705,NA,3232,2459,4013,2310,2941,3208,NA,NA,NA,NA
428,2709,NA,3252,2463,4026,2311,2953,3213,NA,NA,NA,NA
552,2712,NA,3257,2465,4037,2313,2961,3236,NA,NA,NA,NA
581,2718,NA,3264,2467,4050,2315,2987,3243,NA,NA,NA,NA
629,2725,NA,3273,2477,4098,2318,3012,3268,NA,NA,NA,NA
662,2729,NA,3290,2479,4110,2319,3020,3269,NA,NA,NA,NA
687,2732,NA,3294,2481,4132,2334,3022,3274,NA,NA,NA,NA
931,2742,NA,3295,2483,4147,2337,3038,3287,NA,NA,NA,NA
963,2748,NA,3306,2490,4160,2339,3041,3308,NA,NA,NA,NA
1247,2752,NA,3321,2491,4180,2340,3055,3328,NA,NA,NA,NA
1478,2765,NA,3358,2493,4194,2343,3064,3336,NA,NA,NA,NA
2101,2767,NA,3383,2498,4211,2345,3072,3337,NA,NA,NA,NA
2102,2772,NA,3394,2503,4213,2347,3080,3341,NA,NA,NA,NA
2103,2775,NA,3406,2507,4224,2349,3082,3361,NA,NA,NA,NA
2104,2801,NA,3408,2510,4231,2353,3089,3363,NA,NA,NA,NA
2105,2810,NA,3412,2515,4247,2355,3100,3371,NA,NA,NA,NA
2106,2819,NA,3433,2519,4259,2358,3105,3372,NA,NA,NA,NA
2107,2835,NA,3443,2522,4260,2360,3110,3392,NA,NA,NA,NA
2108,2836,NA,3454,2527,4268,2362,3130,3400,NA,NA,NA,NA
2173,2838,NA,3463,2528,4273,2363,3136,3411,NA,NA,NA,NA
2175,2844,NA,3481,2529,4281,2370,3140,3419,NA,NA,NA,NA
2185,2857,NA,3484,2531,4283,2389,3149,3461,NA,NA,NA,NA
2188,2859,NA,3511,2536,4289,2390,3152,3466,NA,NA,NA,NA
2196,2860,NA,3513,2540,4294,2396,3154,3470,NA,NA,NA,NA
2209,2861,NA,3522,2545,4295,2402,3180,3480,NA,NA,NA,NA
2210,2865,NA,3525,2547,4304,2405,3194,3487,NA,NA,NA,NA
2214,2882,NA,3537,2551,4314,2410,3201,3499,NA,NA,NA,NA
2220,2892,NA,3538,2552,4321,2412,3203,3518,NA,NA,NA,NA
2222,2895,NA,3541,2564,4349,2420,3204,3543,NA,NA,NA,NA
2231,2897,NA,3544,2570,4419,2423,3205,3550,NA,NA,NA,NA
2242,2901,NA,3580,2578,4424,2424,3207,3556,NA,NA,NA,NA
2251,2907,NA,3581,2580,4487,2426,3245,3571,NA,NA,NA,NA
2263,2908,NA,3589,2586,4492,2427,3246,3576,NA,NA,NA,NA
2268,2911,NA,3603,2587,4499,2429,3258,3587,NA,NA,NA,NA
2283,2916,NA,3615,2591,4513,2430,3272,3618,NA,NA,NA,NA
2289,2918,NA,3658,2595,4522,2431,3275,3638,NA,NA,NA,NA
2292,2920,NA,3661,2600,2143,2434,3279,3654,NA,NA,NA,NA
2304,2927,NA,3664,2603,2166,2435,3316,3689,NA,NA,NA,NA
2314,2945,NA,3685,2605,2330,2439,3326,3691,NA,NA,NA,NA
2325,2951,NA,3719,2616,2403,2440,3330,3742,NA,NA,NA,NA
2348,2963,NA,3734,2622,2415,2447,3333,3761,NA,NA,NA,NA
2356,2980,NA,3740,2624,2522,2453,3343,3792,NA,NA,NA,NA
2381,2982,NA,3749,2629,2529,2458,3344,3820,NA,NA,NA,NA
2404,2984,NA,3773,2636,2591,2461,3346,3826,NA,NA,NA,NA
2411,2991,NA,3788,2641,2768,2462,3351,3856,NA,NA,NA,NA
2417,3003,NA,3790,2647,2791,2471,3354,3895,NA,NA,NA,NA
2418,3009,NA,3806,2658,2849,2482,3360,3947,NA,NA,NA,NA
2442,3013,NA,3819,2673,2866,2484,3381,3979,NA,NA,NA,NA
2446,3016,NA,3848,2682,2930,2486,3396,3995,NA,NA,NA,NA
2448,3042,NA,3870,2696,3010,2487,3417,4002,NA,NA,NA,NA
2468,3044,NA,3882,2700,3104,2492,3421,4015,NA,NA,NA,NA
2470,3065,NA,3884,2704,3108,2497,3423,4016,NA,NA,NA,NA
2477,3081,NA,3900,2710,3143,2499,3430,4025,NA,NA,NA,NA
2479,3083,NA,3913,2717,3182,2508,3453,4029,NA,NA,NA,NA
2481,3086,NA,3927,2719,3224,2511,3495,4033,NA,NA,NA,NA
2489,3087,NA,3941,2734,3239,2520,3516,4039,NA,NA,NA,NA
2490,3090,NA,3950,2737,3280,2524,3521,4041,NA,NA,NA,NA
2514,3094,NA,3952,2740,3435,2533,3527,4042,NA,NA,NA,NA
2542,3095,NA,3963,2745,3446,2537,3529,4048,NA,NA,NA,NA
2554,3103,NA,3969,2751,3533,2538,3548,4060,NA,NA,NA,NA
2561,3116,NA,3970,2755,3563,2539,3549,4078,NA,NA,NA,NA
2578,3118,NA,3983,2763,3585,2541,3559,4106,NA,NA,NA,NA
2580,3123,NA,3991,2768,3600,2546,3560,4116,NA,NA,NA,NA
2611,3128,NA,4005,2777,3642,2548,3568,4117,NA,NA,NA,NA
2624,3133,NA,4008,2789,3682,2550,3575,4126,NA,NA,NA,NA
2647,3139,NA,4021,2791,3844,2558,3592,4138,NA,NA,NA,NA
2669,3141,NA,4038,2805,3861,2559,3613,4141,NA,NA,NA,NA
2673,3159,NA,4087,2807,3875,2560,3616,4166,NA,NA,NA,NA
2679,3175,NA,4108,2817,3912,2563,3622,4168,NA,NA,NA,NA
2682,3186,NA,4121,2820,3923,2566,3627,4178,NA,NA,NA,NA
2685,3188,NA,4130,2828,3932,2576,3630,4183,NA,NA,NA,NA
2703,3190,NA,4182,2832,3993,2577,3632,4185,NA,NA,NA,NA
2737,3197,NA,4226,2837,4043,2579,3636,4187,NA,NA,NA,NA
2741,3212,NA,4227,2845,4109,2581,3637,4199,NA,NA,NA,NA
2757,3222,NA,4229,2846,4115,2584,3648,4219,NA,NA,NA,NA
2764,3227,NA,4242,2847,4173,2589,3659,4220,NA,NA,NA,NA
2782,3237,NA,4243,2849,4174,2593,3660,4228,NA,NA,NA,NA
2787,3247,NA,4257,2864,4370,2601,3683,4244,NA,NA,NA,NA
2807,3249,NA,4291,2866,4396,2613,3698,4248,NA,NA,NA,NA
2821,3253,NA,4293,2868,NA,2617,3701,4249,NA,NA,NA,NA
2832,3284,NA,4302,2891,NA,2619,3704,4266,NA,NA,NA,NA
2834,3291,NA,4334,2899,NA,2621,3710,4277,NA,NA,NA,NA
2880,3298,NA,4344,2900,NA,2625,3725,4301,NA,NA,NA,NA
2891,3300,NA,4345,2905,NA,2628,3730,4309,NA,NA,NA,NA
2894,3304,NA,4369,2909,NA,2631,3752,4315,NA,NA,NA,NA
2913,3307,NA,4380,2912,NA,2637,3765,4318,NA,NA,NA,NA
2948,3311,NA,4400,2917,NA,2640,3779,4324,NA,NA,NA,NA
2973,3323,NA,4402,2922,NA,2642,3794,4327,NA,NA,NA,NA
3025,3335,NA,4444,2929,NA,2654,3802,4333,NA,NA,NA,NA
3033,3339,NA,4465,2930,NA,2655,3805,4338,NA,NA,NA,NA
3048,3340,NA,4501,2936,NA,2659,3808,4354,NA,NA,NA,NA
3050,3365,NA,4510,2946,NA,2660,3811,4355,NA,NA,NA,NA
3070,3368,NA,4520,2950,NA,2661,3827,4359,NA,NA,NA,NA
3088,3373,NA,5,2954,NA,2663,3829,4386,NA,NA,NA,NA
3096,3382,NA,16,2955,NA,2664,3836,4395,NA,NA,NA,NA
3097,3385,NA,90,2956,NA,2680,3840,4472,NA,NA,NA,NA
3120,3390,NA,116,2957,NA,2684,3846,4474,NA,NA,NA,NA
3142,3395,NA,143,2960,NA,2687,3850,4478,NA,NA,NA,NA
3144,3398,NA,150,2962,NA,2691,3876,4482,NA,NA,NA,NA
3146,3405,NA,160,2964,NA,2693,3877,4489,NA,NA,NA,NA
3161,3413,NA,165,2965,NA,2695,3892,16,NA,NA,NA,NA
3166,3420,NA,181,2966,NA,2706,3904,48,NA,NA,NA,NA
3191,3422,NA,192,2967,NA,2707,3905,63,NA,NA,NA,NA
3200,3425,NA,209,2970,NA,2713,3915,65,NA,NA,NA,NA
3216,3429,NA,218,2979,NA,2716,3918,68,NA,NA,NA,NA
3223,3434,NA,241,2989,NA,2724,3922,90,NA,NA,NA,NA
3226,3436,NA,249,2997,NA,2727,3928,116,NA,NA,NA,NA
3229,3438,NA,253,2998,NA,2735,3929,118,NA,NA,NA,NA
3230,3440,NA,271,3002,NA,2738,3944,134,NA,NA,NA,NA
3252,3450,NA,294,3004,NA,2739,3946,143,NA,NA,NA,NA
3264,3451,NA,297,3010,NA,2750,3967,150,NA,NA,NA,NA
3273,3452,NA,303,3021,NA,2753,3980,160,NA,NA,NA,NA
3286,3456,NA,329,3030,NA,2754,3996,162,NA,NA,NA,NA
3290,3459,NA,340,3031,NA,2756,3999,181,NA,NA,NA,NA
3295,3477,NA,354,3035,NA,2760,4034,192,NA,NA,NA,NA
3306,3479,NA,374,3046,NA,2761,4045,196,NA,NA,NA,NA
3321,3482,NA,380,3054,NA,2771,4062,202,NA,NA,NA,NA
3358,3494,NA,413,3061,NA,2773,4069,208,NA,NA,NA,NA
3393,3496,NA,414,3073,NA,2774,4070,216,NA,NA,NA,NA
3406,3500,NA,428,3074,NA,2776,4074,229,NA,NA,NA,NA
3412,3505,NA,435,3075,NA,2779,4083,241,NA,NA,NA,NA
3433,3512,NA,439,3076,NA,2781,4088,242,NA,NA,NA,NA
3439,3515,NA,450,3079,NA,2785,4095,247,NA,NA,NA,NA
3443,3530,NA,478,3092,NA,2786,4099,258,NA,NA,NA,NA
3454,3545,NA,500,3093,NA,2790,4112,264,NA,NA,NA,NA
3463,3597,NA,506,3102,NA,2792,4113,268,NA,NA,NA,NA
3481,3602,NA,507,3104,NA,2793,4127,270,NA,NA,NA,NA
3511,3604,NA,535,3107,NA,2795,4129,271,NA,NA,NA,NA
3522,3606,NA,556,3108,NA,2796,4151,275,NA,NA,NA,NA
3525,3626,NA,567,3109,NA,2797,4153,297,NA,NA,NA,NA
3537,3628,NA,576,3127,NA,2804,4159,303,NA,NA,NA,NA
3538,3651,NA,589,3129,NA,2808,4162,305,NA,NA,NA,NA
3541,3662,NA,590,3138,NA,2811,4181,324,NA,NA,NA,NA
3544,3668,NA,594,3143,NA,2812,4184,332,NA,NA,NA,NA
3570,3672,NA,627,3144,NA,2813,4191,337,NA,NA,NA,NA
3580,3680,NA,636,3145,NA,2815,4195,340,NA,NA,NA,NA
3581,3688,NA,653,3168,NA,2818,4198,349,NA,NA,NA,NA
3589,3690,NA,681,3174,NA,2825,4207,356,NA,NA,NA,NA
3603,3695,NA,715,3182,NA,2833,4250,374,NA,NA,NA,NA
3615,3700,NA,719,3185,NA,2843,4256,379,NA,NA,NA,NA
3620,3705,NA,724,3196,NA,2848,4276,398,NA,NA,NA,NA
3661,3712,NA,748,3199,NA,2862,4278,426,NA,NA,NA,NA
3664,3731,NA,749,3218,NA,2863,4285,435,NA,NA,NA,NA
3685,3739,NA,786,3220,NA,2867,4290,442,NA,NA,NA,NA
3686,3744,NA,817,3224,NA,2869,4303,465,NA,NA,NA,NA
3703,3782,NA,823,3233,NA,2870,4307,479,NA,NA,NA,NA
3719,3784,NA,922,3234,NA,2874,4308,506,NA,NA,NA,NA
3728,3789,NA,927,3238,NA,2875,4311,510,NA,NA,NA,NA
3734,3796,NA,963,3239,NA,2878,4313,535,NA,NA,NA,NA
3740,3798,NA,1208,3250,NA,2893,4323,541,NA,NA,NA,NA
3748,3799,NA,1470,3255,NA,2915,4328,551,NA,NA,NA,NA
3773,3809,NA,1582,3260,NA,2919,4340,559,NA,NA,NA,NA
3788,3810,NA,1718,3263,NA,2921,4361,564,NA,NA,NA,NA
3790,3824,NA,1859,3265,NA,2924,4368,567,NA,NA,NA,NA
3806,3825,NA,1999,3266,NA,2925,4394,576,NA,NA,NA,NA
3819,3835,NA,2100,3270,NA,2926,4407,589,NA,NA,NA,NA
3866,3851,NA,2101,3271,NA,2932,4413,615,NA,NA,NA,NA
3870,3852,NA,2110,3278,NA,2934,4423,628,NA,NA,NA,NA
3884,3853,NA,2111,3280,NA,2937,4428,632,NA,NA,NA,NA
3889,3862,NA,2148,3286,NA,2940,4432,636,NA,NA,NA,NA
3927,3872,NA,2149,3288,NA,2943,4436,640,NA,NA,NA,NA
3941,3880,NA,2170,3293,NA,2944,4439,644,NA,NA,NA,NA
3952,3898,NA,2180,3296,NA,2949,4448,651,NA,NA,NA,NA
3963,3901,NA,2185,3297,NA,2952,4452,653,NA,NA,NA,NA
3969,3911,NA,2188,3301,NA,2968,4460,677,NA,NA,NA,NA
3970,3921,NA,2189,3302,NA,2969,4464,682,NA,NA,NA,NA
3983,3925,NA,2192,3309,NA,2975,4468,715,NA,NA,NA,NA
3991,3926,NA,2194,3310,NA,2976,4477,748,NA,NA,NA,NA
4005,3939,NA,2199,3312,NA,2978,4496,749,NA,NA,NA,NA
4008,3957,NA,2201,3318,NA,2983,4508,789,NA,NA,NA,NA
4021,3981,NA,2203,3327,NA,2985,4515,813,NA,NA,NA,NA
4038,3982,NA,2211,3331,NA,2988,4526,818,NA,NA,NA,NA
4044,3984,NA,2213,3334,NA,2994,0,823,NA,NA,NA,NA
4087,3985,NA,2216,3352,NA,2996,6,869,NA,NA,NA,NA
4101,3988,NA,2217,3353,NA,2999,21,939,NA,NA,NA,NA
4108,3990,NA,2218,3377,NA,3000,85,1125,NA,NA,NA,NA
4118,4003,NA,2222,3384,NA,3001,107,1132,NA,NA,NA,NA
4121,4014,NA,2228,3388,NA,3007,156,1208,NA,NA,NA,NA
4149,4020,NA,2233,3391,NA,3014,197,1383,NA,NA,NA,NA
4182,4036,NA,2242,3393,NA,3015,230,1428,NA,NA,NA,NA
4229,4057,NA,2248,3397,NA,3018,240,1448,NA,NA,NA,NA
4243,4061,NA,2249,3404,NA,3019,276,1470,NA,NA,NA,NA
4291,4063,NA,2251,3407,NA,3023,369,1507,NA,NA,NA,NA
4293,4091,NA,2274,3416,NA,3027,404,1582,NA,NA,NA,NA
4302,4092,NA,2277,3418,NA,3029,438,1610,NA,NA,NA,NA
4317,4100,NA,2278,3428,NA,3036,471,1688,NA,NA,NA,NA
4334,4125,NA,2282,3432,NA,3045,608,1883,NA,NA,NA,NA
4337,4133,NA,2287,3435,NA,3049,672,1946,NA,NA,NA,NA
4341,4156,NA,2304,3439,NA,3053,721,1959,NA,NA,NA,NA
4346,4176,NA,2305,3446,NA,3057,730,1999,NA,NA,NA,NA
4369,4215,NA,2308,3449,NA,3058,739,2111,NA,NA,NA,NA
4380,4221,NA,2321,3465,NA,3062,849,2112,NA,NA,NA,NA
4400,4222,NA,2323,3467,NA,3071,896,2113,NA,NA,NA,NA
4444,4223,NA,2328,3468,NA,3084,1149,2114,NA,NA,NA,NA
4480,4230,NA,2329,3473,NA,3085,1383,2115,NA,NA,NA,NA
4501,4236,NA,2333,3474,NA,3091,1448,2116,NA,NA,NA,NA
4510,4254,NA,2335,3476,NA,3098,1539,2117,NA,NA,NA,NA
4520,4263,NA,2341,3493,NA,3099,1610,2118,NA,NA,NA,NA
NA,4269,NA,2342,3498,NA,3112,2123,2119,NA,NA,NA,NA
NA,4292,NA,2348,3504,NA,3117,2178,2120,NA,NA,NA,NA
NA,4305,NA,2371,3508,NA,3119,2184,2121,NA,NA,NA,NA
NA,4319,NA,2372,3523,NA,3121,2187,2122,NA,NA,NA,NA
NA,4331,NA,2382,3526,NA,3151,2208,2158,NA,NA,NA,NA
NA,4350,NA,2384,3532,NA,3157,2212,2165,NA,NA,NA,NA
NA,4356,NA,2393,3533,NA,3158,2226,2172,NA,NA,NA,NA
NA,4362,NA,2400,3539,NA,3160,2236,2174,NA,NA,NA,NA
NA,4371,NA,2413,3540,NA,3162,2250,2178,NA,NA,NA,NA
NA,4382,NA,2419,3542,NA,3167,2258,2180,NA,NA,NA,NA
NA,4387,NA,2421,3561,NA,3171,2264,2187,NA,NA,NA,NA
NA,4397,NA,2438,3562,NA,3172,2302,2189,NA,NA,NA,NA
NA,4398,NA,2442,3563,NA,3176,2318,2190,NA,NA,NA,NA
NA,4409,NA,2443,3564,NA,3177,2326,2194,NA,NA,NA,NA
NA,4425,NA,2445,3570,NA,3178,2331,2197,NA,NA,NA,NA
NA,4426,NA,2449,3577,NA,3179,2344,2199,NA,NA,NA,NA
NA,4431,NA,2454,3578,NA,3189,2350,2202,NA,NA,NA,NA
NA,4445,NA,2455,3579,NA,3192,2361,2203,NA,NA,NA,NA
NA,4453,NA,2457,3584,NA,3193,2364,2204,NA,NA,NA,NA
NA,4459,NA,2463,3585,NA,3206,2370,2211,NA,NA,NA,NA
NA,4479,NA,2465,3588,NA,3209,2376,2213,NA,NA,NA,NA
NA,4481,NA,2467,3591,NA,3210,2399,2215,NA,NA,NA,NA
NA,4484,NA,2472,3594,NA,3214,2416,2224,NA,NA,NA,NA
NA,4486,NA,2477,3595,NA,3215,2425,2227,NA,NA,NA,NA
NA,4494,NA,2478,3599,NA,3219,2430,2230,NA,NA,NA,NA
NA,4500,NA,2479,3600,NA,3225,2453,2237,NA,NA,NA,NA
NA,4524,NA,2481,3601,NA,3231,2456,2243,NA,NA,NA,NA
NA,0,NA,2483,3607,NA,3240,2476,2248,NA,NA,NA,NA
NA,6,NA,2488,3608,NA,3241,2485,2258,NA,NA,NA,NA
NA,19,NA,2490,3610,NA,3244,2486,2261,NA,NA,NA,NA
NA,21,NA,2494,3619,NA,3248,2502,2267,NA,NA,NA,NA
NA,46,NA,2495,3620,NA,3256,2509,2271,NA,NA,NA,NA
NA,48,NA,2501,3624,NA,3261,2535,2272,NA,NA,NA,NA
NA,65,NA,2505,3639,NA,3262,2556,2274,NA,NA,NA,NA
NA,68,NA,2506,3642,NA,3267,2574,2276,NA,NA,NA,NA
NA,85,NA,2507,3646,NA,3276,2582,2278,NA,NA,NA,NA
NA,98,NA,2510,3649,NA,3277,2590,2279,NA,NA,NA,NA
NA,107,NA,2512,3655,NA,3283,2606,2280,NA,NA,NA,NA
NA,118,NA,2518,3657,NA,3285,2639,2287,NA,NA,NA,NA
NA,120,NA,2519,3669,NA,3292,2665,2293,NA,NA,NA,NA
NA,138,NA,2521,3671,NA,3303,2670,2298,NA,NA,NA,NA
NA,139,NA,2525,3673,NA,3314,2675,2301,NA,NA,NA,NA
NA,144,NA,2526,3674,NA,3315,2680,2306,NA,NA,NA,NA
NA,146,NA,2536,3677,NA,3317,2701,2307,NA,NA,NA,NA
NA,156,NA,2543,3679,NA,3319,2711,2310,NA,NA,NA,NA
NA,184,NA,2549,3681,NA,3320,2723,2312,NA,NA,NA,NA
NA,207,NA,2552,3682,NA,3322,2726,2313,NA,NA,NA,NA
NA,209,NA,2562,3686,NA,3324,2731,2318,NA,NA,NA,NA
NA,217,NA,2564,3703,NA,3325,2743,2319,NA,NA,NA,NA
NA,222,NA,2565,3708,NA,3329,2776,2320,NA,NA,NA,NA
NA,223,NA,2578,3713,NA,3332,2794,2321,NA,NA,NA,NA
NA,230,NA,2580,3716,NA,3338,2799,2329,NA,NA,NA,NA
NA,240,NA,2585,3723,NA,3342,2814,2337,NA,NA,NA,NA
NA,247,NA,2595,3727,NA,3345,2816,2338,NA,NA,NA,NA
NA,249,NA,2597,3728,NA,3349,2827,2341,NA,NA,NA,NA
NA,269,NA,2602,3733,NA,3355,2829,2342,NA,NA,NA,NA
NA,276,NA,2603,3736,NA,3362,2831,2343,NA,NA,NA,NA
NA,294,NA,2609,3737,NA,3364,2854,2345,NA,NA,NA,NA
NA,306,NA,2616,3741,NA,3367,2876,2358,NA,NA,NA,NA
NA,314,NA,2624,3748,NA,3370,2885,2359,NA,NA,NA,NA
NA,324,NA,2626,3751,NA,3374,2887,2360,NA,NA,NA,NA
NA,325,NA,2633,3754,NA,3375,2896,2366,NA,NA,NA,NA
NA,331,NA,2635,3759,NA,3376,2904,2367,NA,NA,NA,NA
NA,332,NA,2636,3760,NA,3379,2910,2369,NA,NA,NA,NA
NA,354,NA,2643,3762,NA,3380,2914,2370,NA,NA,NA,NA
NA,362,NA,2644,3766,NA,3386,2977,2374,NA,NA,NA,NA
NA,369,NA,2647,3767,NA,3401,2986,2379,NA,NA,NA,NA
NA,393,NA,2652,3768,NA,3402,3040,2382,NA,NA,NA,NA
NA,404,NA,2653,3772,NA,3403,3059,2391,NA,NA,NA,NA
NA,413,NA,2658,3775,NA,3409,3077,2393,NA,NA,NA,NA
NA,439,NA,2662,3793,NA,3414,3099,2398,NA,NA,NA,NA
NA,465,NA,2668,3797,NA,3424,3114,2400,NA,NA,NA,NA
NA,471,NA,2672,3803,NA,3427,3115,2401,NA,NA,NA,NA
NA,478,NA,2673,3812,NA,3441,3124,2405,NA,NA,NA,NA
NA,500,NA,2681,3823,NA,3442,3176,2412,NA,NA,NA,NA
NA,510,NA,2682,3828,NA,3444,3184,2413,NA,NA,NA,NA
NA,552,NA,2689,3831,NA,3447,3195,2414,NA,NA,NA,NA
NA,564,NA,2696,3832,NA,3448,3198,2430,NA,NA,NA,NA
NA,581,NA,2705,3834,NA,3455,3208,2431,NA,NA,NA,NA
NA,590,NA,2709,3839,NA,3457,3213,2437,NA,NA,NA,NA
NA,594,NA,2715,3844,NA,3460,3236,2438,NA,NA,NA,NA
NA,608,NA,2718,3845,NA,3469,3267,2440,NA,NA,NA,NA
NA,627,NA,2719,3855,NA,3472,3269,2447,NA,NA,NA,NA
NA,629,NA,2725,3861,NA,3485,3274,2452,NA,NA,NA,NA
NA,631,NA,2732,3863,NA,3486,3283,2453,NA,NA,NA,NA
NA,644,NA,2733,3866,NA,3488,3284,2457,NA,NA,NA,NA
NA,659,NA,2734,3875,NA,3489,3287,2461,NA,NA,NA,NA
NA,662,NA,2737,3879,NA,3490,3308,2462,NA,NA,NA,NA
NA,670,NA,2740,3887,NA,3502,3328,2464,NA,NA,NA,NA
NA,687,NA,2742,3889,NA,3503,3340,2478,NA,NA,NA,NA
NA,695,NA,2745,3896,NA,3510,3341,2485,NA,NA,NA,NA
NA,721,NA,2748,3906,NA,3514,3361,2486,NA,NA,NA,NA
NA,724,NA,2752,3909,NA,3528,3363,2488,NA,NA,NA,NA
NA,730,NA,2759,3912,NA,3531,3371,2492,NA,NA,NA,NA
NA,739,NA,2765,3919,NA,3535,3392,2496,NA,NA,NA,NA
NA,849,NA,2767,3923,NA,3536,3400,2501,NA,NA,NA,NA
NA,896,NA,2772,3924,NA,3546,3411,2505,NA,NA,NA,NA
NA,947,NA,2777,3932,NA,3547,3419,2509,NA,NA,NA,NA
NA,1125,NA,2783,3934,NA,3551,3451,2512,NA,NA,NA,NA
NA,1149,NA,2807,3935,NA,3567,3470,2518,NA,NA,NA,NA
NA,1201,NA,2810,3936,NA,3582,3480,2520,NA,NA,NA,NA
NA,1247,NA,2819,3949,NA,3583,3487,2521,NA,NA,NA,NA
NA,1539,NA,2830,3956,NA,3590,3499,2523,NA,NA,NA,NA
NA,1688,NA,2832,3961,NA,3593,3518,2525,NA,NA,NA,NA
NA,1822,NA,2835,3966,NA,3596,3543,2526,NA,NA,NA,NA
NA,1859,NA,2838,3972,NA,3598,3550,2533,NA,NA,NA,NA
NA,1946,NA,2847,3973,NA,3611,3556,2543,NA,NA,NA,NA
NA,2092,NA,2860,3975,NA,3612,3571,2544,NA,NA,NA,NA
NA,2101,NA,2861,3977,NA,3621,3576,2546,NA,NA,NA,NA
NA,2102,NA,2864,3986,NA,3625,3587,2548,NA,NA,NA,NA
NA,2103,NA,2865,3993,NA,3629,3618,2549,NA,NA,NA,NA
NA,2104,NA,2882,3994,NA,3631,3638,2555,NA,NA,NA,NA
NA,2105,NA,2891,4022,NA,3634,3654,2558,NA,NA,NA,NA
NA,2106,NA,2895,4023,NA,3635,3691,2560,NA,NA,NA,NA
NA,2107,NA,2897,4030,NA,3641,3695,2562,NA,NA,NA,NA
NA,2108,NA,2899,4035,NA,3650,3761,2569,NA,NA,NA,NA
NA,2109,NA,2901,4040,NA,3653,3820,2571,NA,NA,NA,NA
NA,2113,NA,2905,4043,NA,3663,3856,2579,NA,NA,NA,NA
NA,2114,NA,2906,4046,NA,3665,3895,2584,NA,NA,NA,NA
NA,2115,NA,2911,4049,NA,3667,3947,2585,NA,NA,NA,NA
NA,2171,NA,2912,4053,NA,3670,3979,2588,NA,NA,NA,NA
NA,2173,NA,2916,4082,NA,3675,3995,2589,NA,NA,NA,NA
NA,2174,NA,2918,4084,NA,3676,4002,2592,NA,NA,NA,NA
NA,2175,NA,2920,4085,NA,3678,4015,2594,NA,NA,NA,NA
NA,2177,NA,2922,4089,NA,3684,4016,2604,NA,NA,NA,NA
NA,2179,NA,2927,4109,NA,3697,4025,2613,NA,NA,NA,NA
NA,2184,NA,2929,4115,NA,3699,4029,2619,NA,NA,NA,NA
NA,2195,NA,2936,4124,NA,3702,4033,2623,NA,NA,NA,NA
NA,2196,NA,2946,4134,NA,3706,4039,2628,NA,NA,NA,NA
NA,2201,NA,2951,4140,NA,3711,4041,2630,NA,NA,NA,NA
NA,2206,NA,2954,4145,NA,3714,4042,2633,NA,NA,NA,NA
NA,2208,NA,2959,4149,NA,3715,4048,2638,NA,NA,NA,NA
NA,2209,NA,2964,4165,NA,3724,4057,2640,NA,NA,NA,NA
NA,2212,NA,2970,4169,NA,3726,4060,2642,NA,NA,NA,NA
NA,2214,NA,2974,4172,NA,3729,4061,2643,NA,NA,NA,NA
NA,2217,NA,2980,4173,NA,3732,4078,2644,NA,NA,NA,NA
NA,2218,NA,2982,4174,NA,3738,4106,2646,NA,NA,NA,NA
NA,2219,NA,2984,4190,NA,3743,4138,2652,NA,NA,NA,NA
NA,2220,NA,2989,4193,NA,3745,4141,2653,NA,NA,NA,NA
NA,2223,NA,2991,4196,NA,3753,4142,2656,NA,NA,NA,NA
NA,2226,NA,2997,4197,NA,3755,4166,2662,NA,NA,NA,NA
NA,2228,NA,3003,4201,NA,3758,4168,2666,NA,NA,NA,NA
NA,2231,NA,3004,4206,NA,3764,4178,2667,NA,NA,NA,NA
NA,2236,NA,3013,4210,NA,3769,4183,2668,NA,NA,NA,NA
NA,2243,NA,3016,4216,NA,3770,4187,2672,NA,NA,NA,NA
NA,2246,NA,3043,4218,NA,3771,4219,2677,NA,NA,NA,NA
NA,2247,NA,3044,4225,NA,3774,4228,2678,NA,NA,NA,NA
NA,2249,NA,3061,4232,NA,3778,4244,2680,NA,NA,NA,NA
NA,2256,NA,3067,4233,NA,3780,4248,2684,NA,NA,NA,NA
NA,2263,NA,3073,4235,NA,3781,4249,2686,NA,NA,NA,NA
NA,2268,NA,3076,4245,NA,3783,4266,2688,NA,NA,NA,NA
NA,2272,NA,3081,4262,NA,3787,4277,2702,NA,NA,NA,NA
NA,2273,NA,3083,4267,NA,3791,4301,2705,NA,NA,NA,NA
NA,2277,NA,3086,4272,NA,3795,4309,2709,NA,NA,NA,NA
NA,2283,NA,3090,4279,NA,3800,4315,2712,NA,NA,NA,NA
NA,2289,NA,3102,4306,NA,3813,4318,2718,NA,NA,NA,NA
NA,2292,NA,3103,4310,NA,3821,4324,2727,NA,NA,NA,NA
NA,2299,NA,3107,4317,NA,3822,4327,2729,NA,NA,NA,NA
NA,2302,NA,3111,4320,NA,3830,4333,2732,NA,NA,NA,NA
NA,2305,NA,3113,4326,NA,3833,4338,2742,NA,NA,NA,NA
NA,2308,NA,3116,4329,NA,3837,4359,2748,NA,NA,NA,NA
NA,2310,NA,3118,4332,NA,3841,4386,2752,NA,NA,NA,NA
NA,2312,NA,3123,4336,NA,3842,4426,2753,NA,NA,NA,NA
NA,2313,NA,3126,4341,NA,3847,4474,2754,NA,NA,NA,NA
NA,2314,NA,3128,4346,NA,3858,4478,2770,NA,NA,NA,NA
NA,2316,NA,3133,4358,NA,3859,4489,2772,NA,NA,NA,NA
NA,2320,NA,3139,4360,NA,3864,NA,2774,NA,NA,NA,NA
NA,2325,NA,3141,4367,NA,3868,NA,2775,NA,NA,NA,NA
NA,2326,NA,3144,4370,NA,3869,NA,2776,NA,NA,NA,NA
NA,2328,NA,3148,4375,NA,3871,NA,2779,NA,NA,NA,NA
NA,2331,NA,3150,4377,NA,3873,NA,2780,NA,NA,NA,NA
NA,2337,NA,3159,4384,NA,3874,NA,2795,NA,NA,NA,NA
NA,2344,NA,3168,4390,NA,3878,NA,2796,NA,NA,NA,NA
NA,2346,NA,3174,4392,NA,3883,NA,2801,NA,NA,NA,NA
NA,2350,NA,3175,4396,NA,3886,NA,2803,NA,NA,NA,NA
NA,2352,NA,3186,4403,NA,3891,NA,2804,NA,NA,NA,NA
NA,2354,NA,3188,4412,NA,3893,NA,2810,NA,NA,NA,NA
NA,2355,NA,3190,4417,NA,3894,NA,2819,NA,NA,NA,NA
NA,2356,NA,3212,4420,NA,3897,NA,2823,NA,NA,NA,NA
NA,2361,NA,3217,4422,NA,3903,NA,2835,NA,NA,NA,NA
NA,2364,NA,3220,4430,NA,3910,NA,2836,NA,NA,NA,NA
NA,2373,NA,3222,4433,NA,3914,NA,2848,NA,NA,NA,NA
NA,2376,NA,3227,4435,NA,3917,NA,2857,NA,NA,NA,NA
NA,2378,NA,3233,4443,NA,3930,NA,2859,NA,NA,NA,NA
NA,2379,NA,3234,4449,NA,3938,NA,2860,NA,NA,NA,NA
NA,2391,NA,3237,4456,NA,3940,NA,2862,NA,NA,NA,NA
NA,2399,NA,3247,4457,NA,3942,NA,2863,NA,NA,NA,NA
NA,2404,NA,3249,4466,NA,3945,NA,2865,NA,NA,NA,NA
NA,2411,NA,3253,4471,NA,3948,NA,2874,NA,NA,NA,NA
NA,2416,NA,3260,4495,NA,3955,NA,2875,NA,NA,NA,NA
NA,2418,NA,3266,4497,NA,3958,NA,2878,NA,NA,NA,NA
NA,2419,NA,3270,4512,NA,3960,NA,2881,NA,NA,NA,NA
NA,2425,NA,3271,4516,NA,3964,NA,2888,NA,NA,NA,NA
NA,2437,NA,3278,4517,NA,3968,NA,2889,NA,NA,NA,NA
NA,2446,NA,3286,4519,NA,3971,NA,2892,NA,NA,NA,NA
NA,2447,NA,3293,4523,NA,3974,NA,2895,NA,NA,NA,NA
NA,2449,NA,3298,4525,NA,3976,NA,2901,NA,NA,NA,NA
NA,2450,NA,3300,3,NA,3978,NA,2908,NA,NA,NA,NA
NA,2455,NA,3301,5,NA,4006,NA,2916,NA,NA,NA,NA
NA,2456,NA,3304,98,NA,4007,NA,2918,NA,NA,NA,NA
NA,2459,NA,3311,116,NA,4009,NA,2920,NA,NA,NA,NA
NA,2461,NA,3312,179,NA,4010,NA,2921,NA,NA,NA,NA
NA,2462,NA,3323,212,NA,4017,NA,2923,NA,NA,NA,NA
NA,2467,NA,3334,223,NA,4018,NA,2928,NA,NA,NA,NA
NA,2470,NA,3335,234,NA,4019,NA,2931,NA,NA,NA,NA
NA,2473,NA,3339,269,NA,4024,NA,2932,NA,NA,NA,NA
NA,2476,NA,3347,288,NA,4027,NA,2941,NA,NA,NA,NA
NA,2479,NA,3352,303,NA,4028,NA,2944,NA,NA,NA,NA
NA,2483,NA,3353,306,NA,4031,NA,2945,NA,NA,NA,NA
NA,2489,NA,3357,331,NA,4047,NA,2949,NA,NA,NA,NA
NA,2492,NA,3365,374,NA,4051,NA,2951,NA,NA,NA,NA
NA,2498,NA,3368,380,NA,4052,NA,2961,NA,NA,NA,NA
NA,2502,NA,3373,398,NA,4054,NA,2963,NA,NA,NA,NA
NA,2503,NA,3382,435,NA,4055,NA,2969,NA,NA,NA,NA
NA,2517,NA,3385,450,NA,4056,NA,2975,NA,NA,NA,NA
NA,2519,NA,3389,479,NA,4059,NA,2976,NA,NA,NA,NA
NA,2520,NA,3390,541,NA,4066,NA,2980,NA,NA,NA,NA
NA,2533,NA,3391,552,NA,4067,NA,2982,NA,NA,NA,NA
NA,2535,NA,3393,556,NA,4068,NA,2983,NA,NA,NA,NA
NA,2542,NA,3395,567,NA,4072,NA,2984,NA,NA,NA,NA
NA,2551,NA,3397,581,NA,4076,NA,2988,NA,NA,NA,NA
NA,2552,NA,3398,589,NA,4077,NA,2991,NA,NA,NA,NA
NA,2554,NA,3399,629,NA,4079,NA,2994,NA,NA,NA,NA
NA,2556,NA,3404,632,NA,4080,NA,3003,NA,NA,NA,NA
NA,2568,NA,3405,636,NA,4086,NA,3009,NA,NA,NA,NA
NA,2573,NA,3407,656,NA,4090,NA,3019,NA,NA,NA,NA
NA,2574,NA,3413,662,NA,4094,NA,3020,NA,NA,NA,NA
NA,2582,NA,3416,677,NA,4097,NA,3022,NA,NA,NA,NA
NA,2584,NA,3418,687,NA,4102,NA,3041,NA,NA,NA,NA
NA,2590,NA,3422,749,NA,4103,NA,3042,NA,NA,NA,NA
NA,2603,NA,3425,818,NA,4104,NA,3044,NA,NA,NA,NA
NA,2613,NA,3429,860,NA,4105,NA,3045,NA,NA,NA,NA
NA,2615,NA,3432,931,NA,4107,NA,3049,NA,NA,NA,NA
NA,2622,NA,3436,1247,NA,4111,NA,3057,NA,NA,NA,NA
NA,2627,NA,3438,1378,NA,4114,NA,3071,NA,NA,NA,NA
NA,2632,NA,3439,1470,NA,4119,NA,3080,NA,NA,NA,NA
NA,2634,NA,3450,1478,NA,4120,NA,3081,NA,NA,NA,NA
NA,2636,NA,3452,1822,NA,4122,NA,3082,NA,NA,NA,NA
NA,2639,NA,3456,2102,NA,4123,NA,3083,NA,NA,NA,NA
NA,2640,NA,3459,2103,NA,4128,NA,3086,NA,NA,NA,NA
NA,2642,NA,3465,2104,NA,4131,NA,3087,NA,NA,NA,NA
NA,2651,NA,3468,2105,NA,4136,NA,3089,NA,NA,NA,NA
NA,2656,NA,3473,2142,NA,4137,NA,3090,NA,NA,NA,NA
NA,2658,NA,3474,2170,NA,4139,NA,3091,NA,NA,NA,NA
NA,2665,NA,3477,2175,NA,4142,NA,3094,NA,NA,NA,NA
NA,2669,NA,3479,2177,NA,4143,NA,3095,NA,NA,NA,NA
NA,2670,NA,3482,2180,NA,4148,NA,3098,NA,NA,NA,NA
NA,2673,NA,3494,2192,NA,4150,NA,3099,NA,NA,NA,NA
NA,2685,NA,3500,2194,NA,4152,NA,3100,NA,NA,NA,NA
NA,2686,NA,3504,2196,NA,4154,NA,3103,NA,NA,NA,NA
NA,2696,NA,3505,2202,NA,4157,NA,3105,NA,NA,NA,NA
NA,2697,NA,3508,2204,NA,4158,NA,3116,NA,NA,NA,NA
NA,2701,NA,3512,2209,NA,4164,NA,3118,NA,NA,NA,NA
NA,2703,NA,3515,2210,NA,4175,NA,3123,NA,NA,NA,NA
NA,2719,NA,3523,2214,NA,4179,NA,3128,NA,NA,NA,NA
NA,2720,NA,3530,2231,NA,4186,NA,3130,NA,NA,NA,NA
NA,2723,NA,3542,2247,NA,4188,NA,3133,NA,NA,NA,NA
NA,2724,NA,3545,2248,NA,4192,NA,3136,NA,NA,NA,NA
NA,2731,NA,3561,2256,NA,4200,NA,3139,NA,NA,NA,NA
NA,2734,NA,3564,2267,NA,4204,NA,3141,NA,NA,NA,NA
NA,2741,NA,3569,2268,NA,4208,NA,3151,NA,NA,NA,NA
NA,2743,NA,3570,2274,NA,4214,NA,3152,NA,NA,NA,NA
NA,2746,NA,3573,2283,NA,4237,NA,3154,NA,NA,NA,NA
NA,2747,NA,3591,2288,NA,4238,NA,3159,NA,NA,NA,NA
NA,2751,NA,3597,2289,NA,4239,NA,3160,NA,NA,NA,NA
NA,2754,NA,3602,2299,NA,4241,NA,3175,NA,NA,NA,NA
NA,2755,NA,3604,2310,NA,4246,NA,3176,NA,NA,NA,NA
NA,2757,NA,3605,2314,NA,4251,NA,3177,NA,NA,NA,NA
NA,2762,NA,3606,2325,NA,4252,NA,3178,NA,NA,NA,NA
NA,2763,NA,3620,2335,NA,4253,NA,3186,NA,NA,NA,NA
NA,2777,NA,3624,2338,NA,4255,NA,3192,NA,NA,NA,NA
NA,2782,NA,3626,2341,NA,4258,NA,3194,NA,NA,NA,NA
NA,2787,NA,3628,2342,NA,4264,NA,3197,NA,NA,NA,NA
NA,2799,NA,3640,2354,NA,4270,NA,3201,NA,NA,NA,NA
NA,2802,NA,3646,2356,NA,4271,NA,3203,NA,NA,NA,NA
NA,2804,NA,3649,2365,NA,4274,NA,3204,NA,NA,NA,NA
NA,2816,NA,3651,2371,NA,4280,NA,3205,NA,NA,NA,NA
NA,2827,NA,3657,2372,NA,4282,NA,3219,NA,NA,NA,NA
NA,2828,NA,3668,2373,NA,4284,NA,3227,NA,NA,NA,NA
NA,2829,NA,3669,2381,NA,4287,NA,3237,NA,NA,NA,NA
NA,2831,NA,3672,2384,NA,4299,NA,3240,NA,NA,NA,NA
NA,2834,NA,3673,2386,NA,4300,NA,3241,NA,NA,NA,NA
NA,2837,NA,3680,2393,NA,4316,NA,3244,NA,NA,NA,NA
NA,2842,NA,3681,2400,NA,4322,NA,3246,NA,NA,NA,NA
NA,2847,NA,3688,2404,NA,4325,NA,3247,NA,NA,NA,NA
NA,2852,NA,3693,2413,NA,4330,NA,3253,NA,NA,NA,NA
NA,2853,NA,3696,2438,NA,4335,NA,3261,NA,NA,NA,NA
NA,2854,NA,3700,2446,NA,4342,NA,3262,NA,NA,NA,NA
NA,2864,NA,3703,2448,NA,4348,NA,3267,NA,NA,NA,NA
NA,2873,NA,3712,2457,NA,4357,NA,3272,NA,NA,NA,NA
NA,2875,NA,3713,2470,NA,4363,NA,3275,NA,NA,NA,NA
NA,2876,NA,3727,2488,NA,4365,NA,3276,NA,NA,NA,NA
NA,2878,NA,3728,2500,NA,4366,NA,3279,NA,NA,NA,NA
NA,2880,NA,3731,2504,NA,4372,NA,3283,NA,NA,NA,NA
NA,2883,NA,3739,2505,NA,4373,NA,3284,NA,NA,NA,NA
NA,2885,NA,3741,2506,NA,4376,NA,3285,NA,NA,NA,NA
NA,2886,NA,3744,2514,NA,4378,NA,3291,NA,NA,NA,NA
NA,2887,NA,3747,2542,NA,4381,NA,3298,NA,NA,NA,NA
NA,2889,NA,3748,2554,NA,4388,NA,3300,NA,NA,NA,NA
NA,2894,NA,3754,2561,NA,4389,NA,3307,NA,NA,NA,NA
NA,2896,NA,3760,2565,NA,4393,NA,3311,NA,NA,NA,NA
NA,2899,NA,3766,2585,NA,4401,NA,3320,NA,NA,NA,NA
NA,2904,NA,3767,2588,NA,4404,NA,3326,NA,NA,NA,NA
NA,2910,NA,3784,2592,NA,4405,NA,3339,NA,NA,NA,NA
NA,2912,NA,3785,2609,NA,4408,NA,3340,NA,NA,NA,NA
NA,2913,NA,3789,2630,NA,4410,NA,3344,NA,NA,NA,NA
NA,2914,NA,3796,2633,NA,4414,NA,3349,NA,NA,NA,NA
NA,2921,NA,3798,2643,NA,4415,NA,3354,NA,NA,NA,NA
NA,2922,NA,3799,2644,NA,4416,NA,3355,NA,NA,NA,NA
NA,2929,NA,3803,2649,NA,4421,NA,3360,NA,NA,NA,NA
NA,2932,NA,3809,2669,NA,4429,NA,3368,NA,NA,NA,NA
NA,2935,NA,3812,2679,NA,4434,NA,3370,NA,NA,NA,NA
NA,2936,NA,3824,2694,NA,4437,NA,3373,NA,NA,NA,NA
NA,2944,NA,3825,2697,NA,4438,NA,3379,NA,NA,NA,NA
NA,2948,NA,3835,2703,NA,4441,NA,3381,NA,NA,NA,NA
NA,2949,NA,3838,2712,NA,4442,NA,3382,NA,NA,NA,NA
NA,2961,NA,3843,2718,NA,4447,NA,3385,NA,NA,NA,NA
NA,2964,NA,3851,2721,NA,4450,NA,3390,NA,NA,NA,NA
NA,2970,NA,3852,2725,NA,4451,NA,3395,NA,NA,NA,NA
NA,2973,NA,3853,2729,NA,4458,NA,3398,NA,NA,NA,NA
NA,2975,NA,3855,2730,NA,4463,NA,3405,NA,NA,NA,NA
NA,2977,NA,3862,2732,NA,4469,NA,3413,NA,NA,NA,NA
NA,2989,NA,3863,2741,NA,4476,NA,3420,NA,NA,NA,NA
NA,2990,NA,3865,2757,NA,4485,NA,3422,NA,NA,NA,NA
NA,2997,NA,3866,2762,NA,4490,NA,3423,NA,NA,NA,NA
NA,3004,NA,3880,2764,NA,4493,NA,3425,NA,NA,NA,NA
NA,3005,NA,3889,2765,NA,4503,NA,3429,NA,NA,NA,NA
NA,3019,NA,3890,2782,NA,4505,NA,3434,NA,NA,NA,NA
NA,3022,NA,3896,2787,NA,4506,NA,3436,NA,NA,NA,NA
NA,3024,NA,3898,2821,NA,4507,NA,3438,NA,NA,NA,NA
NA,3025,NA,3902,2834,NA,4509,NA,3440,NA,NA,NA,NA
NA,3033,NA,3909,2835,NA,4511,NA,3444,NA,NA,NA,NA
NA,3040,NA,3911,2838,NA,4521,NA,3447,NA,NA,NA,NA
NA,3045,NA,3921,2853,NA,0,NA,3450,NA,NA,NA,NA
NA,3047,NA,3925,2857,NA,19,NA,3451,NA,NA,NA,NA
NA,3048,NA,3933,2861,NA,46,NA,3455,NA,NA,NA,NA
NA,3050,NA,3939,2879,NA,120,NA,3456,NA,NA,NA,NA
NA,3059,NA,3949,2883,NA,138,NA,3459,NA,NA,NA,NA
NA,3061,NA,3953,2892,NA,139,NA,3469,NA,NA,NA,NA
NA,3073,NA,3956,2895,NA,146,NA,3472,NA,NA,NA,NA
NA,3076,NA,3959,2897,NA,184,NA,3477,NA,NA,NA,NA
NA,3077,NA,3975,2901,NA,197,NA,3479,NA,NA,NA,NA
NA,3078,NA,3981,2907,NA,208,NA,3482,NA,NA,NA,NA
NA,3082,NA,3982,2911,NA,217,NA,3486,NA,NA,NA,NA
NA,3088,NA,3984,2913,NA,240,NA,3489,NA,NA,NA,NA
NA,3096,NA,3985,2920,NA,264,NA,3496,NA,NA,NA,NA
NA,3097,NA,3986,2938,NA,271,NA,3502,NA,NA,NA,NA
NA,3102,NA,3990,2942,NA,276,NA,3505,NA,NA,NA,NA
NA,3107,NA,4003,2945,NA,314,NA,3512,NA,NA,NA,NA
NA,3114,NA,4014,2948,NA,362,NA,3527,NA,NA,NA,NA
NA,3115,NA,4020,2951,NA,393,NA,3531,NA,NA,NA,NA
NA,3122,NA,4022,2963,NA,398,NA,3536,NA,NA,NA,NA
NA,3124,NA,4032,2973,NA,438,NA,3548,NA,NA,NA,NA
NA,3142,NA,4058,2974,NA,479,NA,3549,NA,NA,NA,NA
NA,3156,NA,4071,2991,NA,535,NA,3551,NA,NA,NA,NA
NA,3160,NA,4081,3003,NA,541,NA,3559,NA,NA,NA,NA
NA,3161,NA,4084,3006,NA,608,NA,3560,NA,NA,NA,NA
NA,3165,NA,4091,3008,NA,631,NA,3568,NA,NA,NA,NA
NA,3166,NA,4092,3013,NA,632,NA,3583,NA,NA,NA,NA
NA,3167,NA,4093,3025,NA,659,NA,3597,NA,NA,NA,NA
NA,3168,NA,4125,3033,NA,670,NA,3602,NA,NA,NA,NA
NA,3169,NA,4133,3037,NA,672,NA,3604,NA,NA,NA,NA
NA,3171,NA,4134,3048,NA,677,NA,3612,NA,NA,NA,NA
NA,3173,NA,4149,3050,NA,721,NA,3626,NA,NA,NA,NA
NA,3178,NA,4156,3070,NA,730,NA,3627,NA,NA,NA,NA
NA,3179,NA,4176,3081,NA,818,NA,3628,NA,NA,NA,NA
NA,3181,NA,4177,3083,NA,939,NA,3637,NA,NA,NA,NA
NA,3184,NA,4189,3086,NA,1539,NA,3641,NA,NA,NA,NA
NA,3191,NA,4190,3087,NA,1999,NA,3648,NA,NA,NA,NA
NA,3195,NA,4201,3088,NA,2122,NA,3651,NA,NA,NA,NA
NA,3198,NA,4215,3095,NA,2123,NA,3659,NA,NA,NA,NA
NA,3200,NA,4221,3096,NA,2189,NA,3660,NA,NA,NA,NA
NA,3208,NA,4225,3116,NA,2202,NA,3670,NA,NA,NA,NA
NA,3213,NA,4232,3118,NA,2204,NA,3676,NA,NA,NA,NA
NA,3216,NA,4235,3122,NA,2206,NA,3680,NA,NA,NA,NA
NA,3220,NA,4236,3123,NA,2226,NA,3684,NA,NA,NA,NA
NA,3223,NA,4240,3126,NA,2227,NA,3688,NA,NA,NA,NA
NA,3226,NA,4245,3128,NA,2246,NA,3690,NA,NA,NA,NA
NA,3228,NA,4261,3133,NA,2250,NA,3695,NA,NA,NA,NA
NA,3230,NA,4262,3134,NA,2264,NA,3699,NA,NA,NA,NA
NA,3233,NA,4263,3141,NA,2267,NA,3700,NA,NA,NA,NA
NA,3234,NA,4267,3142,NA,2273,NA,3701,NA,NA,NA,NA
NA,3241,NA,4269,3160,NA,2288,NA,3704,NA,NA,NA,NA
NA,3243,NA,4275,3161,NA,2326,NA,3705,NA,NA,NA,NA
NA,3257,NA,4292,3165,NA,2338,NA,3706,NA,NA,NA,NA
NA,3261,NA,4305,3166,NA,2346,NA,3712,NA,NA,NA,NA
NA,3263,NA,4310,3167,NA,2350,NA,3714,NA,NA,NA,NA
NA,3266,NA,4317,3171,NA,2359,NA,3725,NA,NA,NA,NA
NA,3268,NA,4319,3175,NA,2361,NA,3726,NA,NA,NA,NA
NA,3270,NA,4320,3181,NA,2365,NA,3731,NA,NA,NA,NA
NA,3273,NA,4336,3186,NA,2366,NA,3738,NA,NA,NA,NA
NA,3274,NA,4339,3190,NA,2380,NA,3739,NA,NA,NA,NA
NA,3275,NA,4341,3197,NA,2401,NA,3744,NA,NA,NA,NA
NA,3276,NA,4346,3200,NA,2425,NA,3755,NA,NA,NA,NA
NA,3278,NA,4347,3216,NA,2450,NA,3765,NA,NA,NA,NA
NA,3285,NA,4350,3223,NA,2452,NA,3771,NA,NA,NA,NA
NA,3287,NA,4358,3226,NA,2459,NA,3779,NA,NA,NA,NA
NA,3290,NA,4362,3230,NA,2476,NA,3781,NA,NA,NA,NA
NA,3293,NA,4364,3247,NA,2535,NA,3782,NA,NA,NA,NA
NA,3294,NA,4367,3249,NA,2547,NA,3784,NA,NA,NA,NA
NA,3295,NA,4374,3252,NA,2555,NA,3796,NA,NA,NA,NA
NA,3296,NA,4383,3253,NA,2573,NA,3799,NA,NA,NA,NA
NA,3301,NA,4387,3257,NA,2574,NA,3800,NA,NA,NA,NA
NA,3306,NA,4397,3273,NA,2588,NA,3805,NA,NA,NA,NA
NA,3310,NA,4398,3289,NA,2592,NA,3808,NA,NA,NA,NA
NA,3312,NA,4403,3290,NA,2594,NA,3809,NA,NA,NA,NA
NA,3321,NA,4411,3294,NA,2606,NA,3810,NA,NA,NA,NA
NA,3328,NA,4425,3295,NA,2615,NA,3813,NA,NA,NA,NA
NA,3336,NA,4427,3300,NA,2627,NA,3822,NA,NA,NA,NA
NA,3337,NA,4431,3304,NA,2630,NA,3824,NA,NA,NA,NA
NA,3341,NA,4433,3323,NA,2632,NA,3835,NA,NA,NA,NA
NA,3355,NA,4443,3335,NA,2633,NA,3836,NA,NA,NA,NA
NA,3358,NA,4446,3355,NA,2643,NA,3840,NA,NA,NA,NA
NA,3363,NA,4453,3365,NA,2652,NA,3842,NA,NA,NA,NA
NA,3371,NA,4454,3368,NA,2665,NA,3851,NA,NA,NA,NA
NA,3372,NA,4459,3383,NA,2670,NA,3852,NA,NA,NA,NA
NA,3383,NA,4462,3385,NA,2675,NA,3853,NA,NA,NA,NA
NA,3392,NA,4475,3390,NA,2701,NA,3862,NA,NA,NA,NA
NA,3394,NA,4479,3394,NA,2711,NA,3873,NA,NA,NA,NA
NA,3397,NA,4481,3395,NA,2712,NA,3877,NA,NA,NA,NA
NA,3400,NA,4484,3398,NA,2720,NA,3878,NA,NA,NA,NA
NA,3401,NA,4486,3401,NA,2723,NA,3880,NA,NA,NA,NA
NA,3404,NA,4494,3408,NA,2726,NA,3886,NA,NA,NA,NA
NA,3406,NA,4495,3412,NA,2729,NA,3891,NA,NA,NA,NA
NA,3407,NA,4500,3413,NA,2731,NA,3892,NA,NA,NA,NA
NA,3408,NA,4502,3422,NA,2743,NA,3893,NA,NA,NA,NA
NA,3411,NA,4512,3434,NA,2746,NA,3898,NA,NA,NA,NA
NA,3412,NA,4514,3450,NA,2747,NA,3901,NA,NA,NA,NA
NA,3416,NA,4518,3454,NA,2775,NA,3905,NA,NA,NA,NA
NA,3418,NA,4524,3456,NA,2794,NA,3911,NA,NA,NA,NA
NA,3432,NA,4527,3459,NA,2801,NA,3915,NA,NA,NA,NA
NA,3433,NA,NA,3477,NA,2802,NA,3918,NA,NA,NA,NA
NA,3447,NA,NA,3481,NA,2814,NA,3925,NA,NA,NA,NA
NA,3454,NA,NA,3494,NA,2816,NA,3926,NA,NA,NA,NA
NA,3455,NA,NA,3496,NA,2827,NA,3928,NA,NA,NA,NA
NA,3461,NA,NA,3500,NA,2828,NA,3938,NA,NA,NA,NA
NA,3463,NA,NA,3511,NA,2836,NA,3939,NA,NA,NA,NA
NA,3466,NA,NA,3512,NA,2852,NA,3942,NA,NA,NA,NA
NA,3467,NA,NA,3515,NA,2857,NA,3946,NA,NA,NA,NA
NA,3468,NA,NA,3522,NA,2859,NA,3957,NA,NA,NA,NA
NA,3473,NA,NA,3525,NA,2886,NA,3958,NA,NA,NA,NA
NA,3474,NA,NA,3530,NA,2887,NA,3960,NA,NA,NA,NA
NA,3481,NA,NA,3538,NA,2892,NA,3976,NA,NA,NA,NA
NA,3487,NA,NA,3541,NA,2901,NA,3980,NA,NA,NA,NA
NA,3499,NA,NA,3544,NA,2907,NA,3982,NA,NA,NA,NA
NA,3502,NA,NA,3545,NA,2908,NA,3984,NA,NA,NA,NA
NA,3513,NA,NA,3554,NA,2923,NA,3985,NA,NA,NA,NA
NA,3518,NA,NA,3555,NA,2945,NA,3988,NA,NA,NA,NA
NA,3522,NA,NA,3581,NA,2963,NA,3990,NA,NA,NA,NA
NA,3525,NA,NA,3603,NA,2977,NA,3996,NA,NA,NA,NA
NA,3536,NA,NA,3606,NA,2986,NA,3999,NA,NA,NA,NA
NA,3538,NA,NA,3615,NA,2990,NA,4003,NA,NA,NA,NA
NA,3540,NA,NA,3626,NA,3003,NA,4006,NA,NA,NA,NA
NA,3541,NA,NA,3661,NA,3005,NA,4007,NA,NA,NA,NA
NA,3542,NA,NA,3664,NA,3009,NA,4009,NA,NA,NA,NA
NA,3543,NA,NA,3668,NA,3024,NA,4014,NA,NA,NA,NA
NA,3544,NA,NA,3672,NA,3042,NA,4018,NA,NA,NA,NA
NA,3550,NA,NA,3680,NA,3044,NA,4020,NA,NA,NA,NA
NA,3551,NA,NA,3685,NA,3047,NA,4024,NA,NA,NA,NA
NA,3556,NA,NA,3712,NA,3077,NA,4028,NA,NA,NA,NA
NA,3561,NA,NA,3717,NA,3078,NA,4031,NA,NA,NA,NA
NA,3564,NA,NA,3734,NA,3087,NA,4036,NA,NA,NA,NA
NA,3571,NA,NA,3740,NA,3094,NA,4045,NA,NA,NA,NA
NA,3580,NA,NA,3763,NA,3095,NA,4051,NA,NA,NA,NA
NA,3581,NA,NA,3773,NA,3154,NA,4056,NA,NA,NA,NA
NA,3583,NA,NA,3782,NA,3156,NA,4057,NA,NA,NA,NA
NA,3587,NA,NA,3789,NA,3169,NA,4059,NA,NA,NA,NA
NA,3589,NA,NA,3790,NA,3197,NA,4061,NA,NA,NA,NA
NA,3603,NA,NA,3798,NA,3208,NA,4063,NA,NA,NA,NA
NA,3612,NA,NA,3806,NA,3213,NA,4066,NA,NA,NA,NA
NA,3615,NA,NA,3809,NA,3236,NA,4068,NA,NA,NA,NA
NA,3618,NA,NA,3810,NA,3243,NA,4072,NA,NA,NA,NA
NA,3620,NA,NA,3818,NA,3247,NA,4076,NA,NA,NA,NA
NA,3624,NA,NA,3824,NA,3268,NA,4080,NA,NA,NA,NA
NA,3627,NA,NA,3825,NA,3269,NA,4083,NA,NA,NA,NA
NA,3638,NA,NA,3835,NA,3279,NA,4086,NA,NA,NA,NA
NA,3646,NA,NA,3838,NA,3296,NA,4088,NA,NA,NA,NA
NA,3649,NA,NA,3848,NA,3307,NA,4091,NA,NA,NA,NA
NA,3654,NA,NA,3851,NA,3308,NA,4095,NA,NA,NA,NA
NA,3661,NA,NA,3853,NA,3336,NA,4099,NA,NA,NA,NA
NA,3667,NA,NA,3870,NA,3337,NA,4100,NA,NA,NA,NA
NA,3669,NA,NA,3884,NA,3341,NA,4105,NA,NA,NA,NA
NA,3673,NA,NA,3898,NA,3361,NA,4111,NA,NA,NA,NA
NA,3676,NA,NA,3921,NA,3363,NA,4112,NA,NA,NA,NA
NA,3679,NA,NA,3925,NA,3372,NA,4114,NA,NA,NA,NA
NA,3681,NA,NA,3927,NA,3381,NA,4123,NA,NA,NA,NA
NA,3689,NA,NA,3941,NA,3392,NA,4125,NA,NA,NA,NA
NA,3699,NA,NA,3952,NA,3395,NA,4136,NA,NA,NA,NA
NA,3706,NA,NA,3957,NA,3411,NA,4142,NA,NA,NA,NA
NA,3713,NA,NA,3959,NA,3419,NA,4148,NA,NA,NA,NA
NA,3719,NA,NA,3969,NA,3420,NA,4153,NA,NA,NA,NA
NA,3727,NA,NA,3981,NA,3422,NA,4154,NA,NA,NA,NA
NA,3733,NA,NA,3983,NA,3434,NA,4156,NA,NA,NA,NA
NA,3734,NA,NA,3991,NA,3440,NA,4157,NA,NA,NA,NA
NA,3740,NA,NA,4003,NA,3456,NA,4175,NA,NA,NA,NA
NA,3741,NA,NA,4005,NA,3459,NA,4176,NA,NA,NA,NA
NA,3742,NA,NA,4008,NA,3461,NA,4179,NA,NA,NA,NA
NA,3754,NA,NA,4012,NA,3470,NA,4184,NA,NA,NA,NA
NA,3755,NA,NA,4013,NA,3479,NA,4186,NA,NA,NA,NA
NA,3760,NA,NA,4021,NA,3480,NA,4198,NA,NA,NA,NA
NA,3761,NA,NA,4032,NA,3487,NA,4207,NA,NA,NA,NA
NA,3765,NA,NA,4038,NA,3496,NA,4214,NA,NA,NA,NA
NA,3766,NA,NA,4063,NA,3499,NA,4215,NA,NA,NA,NA
NA,3771,NA,NA,4071,NA,3576,NA,4221,NA,NA,NA,NA
NA,3773,NA,NA,4087,NA,3584,NA,4222,NA,NA,NA,NA
NA,3779,NA,NA,4091,NA,3587,NA,4223,NA,NA,NA,NA
NA,3792,NA,NA,4093,NA,3595,NA,4230,NA,NA,NA,NA
NA,3793,NA,NA,4098,NA,3618,NA,4236,NA,NA,NA,NA
NA,3800,NA,NA,4108,NA,3626,NA,4246,NA,NA,NA,NA
NA,3805,NA,NA,4120,NA,3638,NA,4250,NA,NA,NA,NA
NA,3806,NA,NA,4121,NA,3654,NA,4252,NA,NA,NA,NA
NA,3808,NA,NA,4125,NA,3659,NA,4254,NA,NA,NA,NA
NA,3812,NA,NA,4130,NA,3660,NA,4256,NA,NA,NA,NA
NA,3813,NA,NA,4132,NA,3689,NA,4263,NA,NA,NA,NA
NA,3819,NA,NA,4133,NA,3690,NA,4264,NA,NA,NA,NA
NA,3820,NA,NA,4156,NA,3691,NA,4269,NA,NA,NA,NA
NA,3826,NA,NA,4176,NA,3705,NA,4270,NA,NA,NA,NA
NA,3836,NA,NA,4194,NA,3733,NA,4276,NA,NA,NA,NA
NA,3839,NA,NA,4211,NA,3742,NA,4278,NA,NA,NA,NA
NA,3842,NA,NA,4223,NA,3782,NA,4290,NA,NA,NA,NA
NA,3845,NA,NA,4236,NA,3792,NA,4299,NA,NA,NA,NA
NA,3848,NA,NA,4240,NA,3810,NA,4305,NA,NA,NA,NA
NA,3855,NA,NA,4242,NA,3820,NA,4313,NA,NA,NA,NA
NA,3856,NA,NA,4243,NA,3824,NA,4316,NA,NA,NA,NA
NA,3863,NA,NA,4254,NA,3826,NA,4319,NA,NA,NA,NA
NA,3866,NA,NA,4261,NA,3901,NA,4322,NA,NA,NA,NA
NA,3870,NA,NA,4291,NA,3925,NA,4328,NA,NA,NA,NA
NA,3884,NA,NA,4293,NA,3957,NA,4331,NA,NA,NA,NA
NA,3886,NA,NA,4302,NA,3988,NA,4335,NA,NA,NA,NA
NA,3891,NA,NA,4305,NA,3995,NA,4342,NA,NA,NA,NA
NA,3895,NA,NA,4334,NA,4002,NA,4348,NA,NA,NA,NA
NA,3900,NA,NA,4339,NA,4025,NA,4356,NA,NA,NA,NA
NA,3909,NA,NA,4344,NA,4029,NA,4357,NA,NA,NA,NA
NA,3913,NA,NA,4349,NA,4033,NA,4362,NA,NA,NA,NA
NA,3915,NA,NA,4356,NA,4039,NA,4365,NA,NA,NA,NA
NA,3927,NA,NA,4369,NA,4041,NA,4368,NA,NA,NA,NA
NA,3938,NA,NA,4371,NA,4063,NA,4371,NA,NA,NA,NA
NA,3941,NA,NA,4383,NA,4085,NA,4372,NA,NA,NA,NA
NA,3947,NA,NA,4398,NA,4112,NA,4376,NA,NA,NA,NA
NA,3949,NA,NA,4425,NA,4116,NA,4381,NA,NA,NA,NA
NA,3956,NA,NA,4427,NA,4117,NA,4382,NA,NA,NA,NA
NA,3963,NA,NA,4438,NA,4126,NA,4387,NA,NA,NA,NA
NA,3969,NA,NA,4446,NA,4141,NA,4389,NA,NA,NA,NA
NA,3970,NA,NA,4453,NA,4168,NA,4394,NA,NA,NA,NA
NA,3972,NA,NA,4454,NA,4178,NA,4398,NA,NA,NA,NA
NA,3976,NA,NA,4462,NA,4185,NA,4405,NA,NA,NA,NA
NA,3979,NA,NA,4465,NA,4187,NA,4409,NA,NA,NA,NA
NA,3983,NA,NA,4486,NA,4199,NA,4413,NA,NA,NA,NA
NA,3991,NA,NA,4499,NA,4220,NA,4414,NA,NA,NA,NA
NA,3995,NA,NA,4501,NA,4223,NA,4423,NA,NA,NA,NA
NA,4005,NA,NA,4510,NA,4228,NA,4425,NA,NA,NA,NA
NA,4007,NA,NA,4521,NA,4230,NA,4426,NA,NA,NA,NA
NA,4009,NA,NA,4522,NA,4244,NA,4428,NA,NA,NA,NA
NA,4015,NA,NA,NA,NA,4248,NA,4431,NA,NA,NA,NA
NA,4016,NA,NA,NA,NA,4254,NA,4432,NA,NA,NA,NA
NA,4021,NA,NA,NA,NA,4256,NA,4434,NA,NA,NA,NA
NA,4025,NA,NA,NA,NA,4266,NA,4448,NA,NA,NA,NA
NA,4028,NA,NA,NA,NA,4277,NA,4452,NA,NA,NA,NA
NA,4031,NA,NA,NA,NA,4315,NA,4453,NA,NA,NA,NA
NA,4033,NA,NA,NA,NA,4318,NA,4464,NA,NA,NA,NA
NA,4038,NA,NA,NA,NA,4324,NA,4477,NA,NA,NA,NA
NA,4039,NA,NA,NA,NA,4327,NA,4479,NA,NA,NA,NA
NA,4041,NA,NA,NA,NA,4328,NA,4481,NA,NA,NA,NA
NA,4042,NA,NA,NA,NA,4331,NA,4484,NA,NA,NA,NA
NA,4046,NA,NA,NA,NA,4354,NA,4486,NA,NA,NA,NA
NA,4048,NA,NA,NA,NA,4355,NA,4493,NA,NA,NA,NA
NA,4056,NA,NA,NA,NA,4356,NA,4494,NA,NA,NA,NA
NA,4060,NA,NA,NA,NA,4359,NA,4496,NA,NA,NA,NA
NA,4068,NA,NA,NA,NA,4371,NA,4500,NA,NA,NA,NA
NA,4084,NA,NA,NA,NA,4386,NA,4505,NA,NA,NA,NA
NA,4086,NA,NA,NA,NA,4395,NA,4515,NA,NA,NA,NA
NA,4087,NA,NA,NA,NA,4409,NA,4524,NA,NA,NA,NA
NA,4105,NA,NA,NA,NA,4417,NA,NA,NA,NA,NA,NA
NA,4106,NA,NA,NA,NA,4425,NA,NA,NA,NA,NA,NA
NA,4108,NA,NA,NA,NA,4432,NA,NA,NA,NA,NA,NA
NA,4111,NA,NA,NA,NA,4453,NA,NA,NA,NA,NA,NA
NA,4114,NA,NA,NA,NA,4472,NA,NA,NA,NA,NA,NA
NA,4116,NA,NA,NA,NA,4474,NA,NA,NA,NA,NA,NA
NA,4117,NA,NA,NA,NA,4478,NA,NA,NA,NA,NA,NA
NA,4120,NA,NA,NA,NA,4479,NA,NA,NA,NA,NA,NA
NA,4121,NA,NA,NA,NA,4482,NA,NA,NA,NA,NA,NA
NA,4126,NA,NA,NA,NA,4516,NA,NA,NA,NA,NA,NA
NA,4130,NA,NA,NA,NA,NA,NA,NA,NA,NA,NA,NA
NA,4134,NA,NA,NA,NA,NA,NA,NA,NA,NA,NA,NA
NA,4136,NA,NA,NA,NA,NA,NA,NA,NA,NA,NA,NA
NA,4138,NA,NA,NA,NA,NA,NA,NA,NA,NA,NA,NA
NA,4148,NA,NA,NA,NA,NA,NA,NA,NA,NA,NA,NA
NA,4157,NA,NA,NA,NA,NA,NA,NA,NA,NA,NA,NA
NA,4166,NA,NA,NA,NA,NA,NA,NA,NA,NA,NA,NA
NA,4168,NA,NA,NA,NA,NA,NA,NA,NA,NA,NA,NA
NA,4172,NA,NA,NA,NA,NA,NA,NA,NA,NA,NA,NA
NA,4178,NA,NA,NA,NA,NA,NA,NA,NA,NA,NA,NA
NA,4183,NA,NA,NA,NA,NA,NA,NA,NA,NA,NA,NA
NA,4184,NA,NA,NA,NA,NA,NA,NA,NA,NA,NA,NA
NA,4185,NA,NA,NA,NA,NA,NA,NA,NA,NA,NA,NA
NA,4186,NA,NA,NA,NA,NA,NA,NA,NA,NA,NA,NA
NA,4190,NA,NA,NA,NA,NA,NA,NA,NA,NA,NA,NA
NA,4199,NA,NA,NA,NA,NA,NA,NA,NA,NA,NA,NA
NA,4201,NA,NA,NA,NA,NA,NA,NA,NA,NA,NA,NA
NA,4219,NA,NA,NA,NA,NA,NA,NA,NA,NA,NA,NA
NA,4220,NA,NA,NA,NA,NA,NA,NA,NA,NA,NA,NA
NA,4227,NA,NA,NA,NA,NA,NA,NA,NA,NA,NA,NA
NA,4228,NA,NA,NA,NA,NA,NA,NA,NA,NA,NA,NA
NA,4232,NA,NA,NA,NA,NA,NA,NA,NA,NA,NA,NA
NA,4235,NA,NA,NA,NA,NA,NA,NA,NA,NA,NA,NA
NA,4242,NA,NA,NA,NA,NA,NA,NA,NA,NA,NA,NA
NA,4244,NA,NA,NA,NA,NA,NA,NA,NA,NA,NA,NA
NA,4245,NA,NA,NA,NA,NA,NA,NA,NA,NA,NA,NA
NA,4248,NA,NA,NA,NA,NA,NA,NA,NA,NA,NA,NA
NA,4249,NA,NA,NA,NA,NA,NA,NA,NA,NA,NA,NA
NA,4262,NA,NA,NA,NA,NA,NA,NA,NA,NA,NA,NA
NA,4264,NA,NA,NA,NA,NA,NA,NA,NA,NA,NA,NA
NA,4266,NA,NA,NA,NA,NA,NA,NA,NA,NA,NA,NA
NA,4277,NA,NA,NA,NA,NA,NA,NA,NA,NA,NA,NA
NA,4291,NA,NA,NA,NA,NA,NA,NA,NA,NA,NA,NA
NA,4293,NA,NA,NA,NA,NA,NA,NA,NA,NA,NA,NA
NA,4301,NA,NA,NA,NA,NA,NA,NA,NA,NA,NA,NA
NA,4302,NA,NA,NA,NA,NA,NA,NA,NA,NA,NA,NA
NA,4309,NA,NA,NA,NA,NA,NA,NA,NA,NA,NA,NA
NA,4318,NA,NA,NA,NA,NA,NA,NA,NA,NA,NA,NA
NA,4320,NA,NA,NA,NA,NA,NA,NA,NA,NA,NA,NA
NA,4324,NA,NA,NA,NA,NA,NA,NA,NA,NA,NA,NA
NA,4329,NA,NA,NA,NA,NA,NA,NA,NA,NA,NA,NA
NA,4333,NA,NA,NA,NA,NA,NA,NA,NA,NA,NA,NA
NA,4338,NA,NA,NA,NA,NA,NA,NA,NA,NA,NA,NA
NA,4344,NA,NA,NA,NA,NA,NA,NA,NA,NA,NA,NA
NA,4354,NA,NA,NA,NA,NA,NA,NA,NA,NA,NA,NA
NA,4355,NA,NA,NA,NA,NA,NA,NA,NA,NA,NA,NA
NA,4359,NA,NA,NA,NA,NA,NA,NA,NA,NA,NA,NA
NA,4380,NA,NA,NA,NA,NA,NA,NA,NA,NA,NA,NA
NA,4381,NA,NA,NA,NA,NA,NA,NA,NA,NA,NA,NA
NA,4386,NA,NA,NA,NA,NA,NA,NA,NA,NA,NA,NA
NA,4389,NA,NA,NA,NA,NA,NA,NA,NA,NA,NA,NA
NA,4395,NA,NA,NA,NA,NA,NA,NA,NA,NA,NA,NA
NA,4400,NA,NA,NA,NA,NA,NA,NA,NA,NA,NA,NA
NA,4402,NA,NA,NA,NA,NA,NA,NA,NA,NA,NA,NA
NA,4403,NA,NA,NA,NA,NA,NA,NA,NA,NA,NA,NA
NA,4433,NA,NA,NA,NA,NA,NA,NA,NA,NA,NA,NA
NA,4438,NA,NA,NA,NA,NA,NA,NA,NA,NA,NA,NA
NA,4443,NA,NA,NA,NA,NA,NA,NA,NA,NA,NA,NA
NA,4465,NA,NA,NA,NA,NA,NA,NA,NA,NA,NA,NA
NA,4472,NA,NA,NA,NA,NA,NA,NA,NA,NA,NA,NA
NA,4474,NA,NA,NA,NA,NA,NA,NA,NA,NA,NA,NA
NA,4477,NA,NA,NA,NA,NA,NA,NA,NA,NA,NA,NA
NA,4478,NA,NA,NA,NA,NA,NA,NA,NA,NA,NA,NA
NA,4482,NA,NA,NA,NA,NA,NA,NA,NA,NA,NA,NA
NA,4489,NA,NA,NA,NA,NA,NA,NA,NA,NA,NA,NA
NA,4493,NA,NA,NA,NA,NA,NA,NA,NA,NA,NA,NA
NA,4495,NA,NA,NA,NA,NA,NA,NA,NA,NA,NA,NA
NA,4501,NA,NA,NA,NA,NA,NA,NA,NA,NA,NA,NA
NA,4510,NA,NA,NA,NA,NA,NA,NA,NA,NA,NA,NA
NA,4512,NA,NA,NA,NA,NA,NA,NA,NA,NA,NA,NA
NA,4516,NA,NA,NA,NA,NA,NA,NA,NA,NA,NA,NA
NA,4517,NA,NA,NA,NA,NA,NA,NA,NA,NA,NA,NA
NA,4520,NA,NA,NA,NA,NA,NA,NA,NA,NA,NA,NA