ID_NODO;COORDENADA_X;COORDENADA_Y;CENTRO_CERCANO;TIEMPO_CERCANO
0;43;67;32;2.022780166
3;72;14;21;3.670892142
5;102;64;13;3.400886618
6;43;78;32;3.227598646
16;67;72;35;3.832869353
18;7;30;10;2.979321552
19;40;55;59;1.686714736
20;77;37;22;5.726416684
21;34;72;53;3.769438482
22;47;18;25;0.796390448
34;7;54;20;2.773949206
38;49;16;25;1.902787508
41;7;67;20;5.319482326
46;40;52;59;0.429353896
48;49;88;38;4.88944092
58;96;42;51;1.175894824
63;26;37;41;4.06178082
65;41;46;58;0.028833449
68;43;46;58;0.841175729
85;43;79;32;3.623347546
90;63;72;35;5.501002013
96;44;18;25;2.076612308
98;72;68;35;4.414576253
107;39;76;39;6.356616693
109;59;16;40;4.649922748
110;35;23;48;2.386331418
116;64;54;5;3.302057524
118;39;47;58;0.875111069
119;48;30;25;4.336683488
120;49;51;9;4.15826496
122;39;28;46;3.511082153
125;103;47;51;4.485691744
130;38;28;46;3.908325653
134;53;86;7;4.076407152
138;48;51;1;3.810664324
139;49;65;39;3.596703153
143;56;66;31;4.83048054
144;64;42;12;1.192930063
146;48;52;59;3.784845976
147;26;34;41;2.80557552
150;64;68;35;3.460132433
156;49;72;3;3.76146306
159;43;93;38;5.95951554
160;53;68;32;5.436586666
161;38;17;57;4.506721448
162;26;43;8;5.319762798
165;83;42;51;6.370615744
176;72;24;40;4.885009588
179;90;70;0;1.972346279
180;7;60;20;5.694128926
181;54;76;7;3.993257832
184;37;56;59;2.438750956
191;68;23;40;2.868800128
192;53;71;52;5.140830072
196;29;50;4;2.928431515
197;18;60;20;3.431895166
199;77;24;21;6.166805322
202;28;45;4;2.370407875
204;68;98;23;3.261698252
207;71;72;55;3.894184186
208;18;64;20;1.823142826
209;77;39;29;5.0568195
210;2;30;10;0.838936152
212;68;18;40;2.512293088
213;38;30;46;3.938174573
216;41;35;50;7.162206845
217;35;55;59;3.317147476
218;91;50;51;6.367388164
222;66;35;19;4.177754656
223;71;66;33;3.913399534
229;19;50;8;6.108585018
230;39;71;39;4.375577493
234;74;16;21;4.761001782
235;57;23;54;5.246727657
238;48;23;34;1.653351129
240;41;60;39;2.544772953
241;65;70;35;1.114514633
242;28;44;4;2.764988875
247;51;41;50;2.055261125
249;72;43;29;2.28098016
250;8;39;20;6.636808666
253;94;51;51;6.610193164
255;43;30;34;4.584065649
257;79;35;22;6.498895564
258;34;44;8;4.860755898
264;51;49;50;2.851926605
267;77;36;22;6.109950724
268;29;47;4;2.051935915
269;85;61;36;5.821764388
270;19;69;20;3.862559326
271;54;56;9;6.15246894
275;19;66;20;2.658043786
276;41;66;39;4.291913313
288;81;14;40;9.898778788
294;73;45;29;2.65990848
297;67;68;35;2.260107173
300;40;29;46;4.346058353
303;64;49;5;1.822091284
305;34;88;16;6.385782796
306;80;63;36;4.604043028
314;46;58;39;4.085250633
324;43;87;38;3.69933756
325;66;41;5;3.364826824
329;90;48;51;7.135432864
331;73;61;36;5.328420268
332;49;43;58;5.836394669
337;34;43;8;4.461204258
340;67;71;35;3.429967013
343;40;20;46;1.708977953
349;27;84;6;5.835027124
353;47;30;25;3.942720488
354;71;50;5;4.206603724
355;26;22;17;3.298575113
356;47;34;50;5.131527965
357;56;20;25;5.265721388
360;48;29;25;3.942341228
362;49;60;39;3.732100953
369;46;79;32;4.012439686
374;64;60;35;4.632635033
379;46;33;50;5.687557145
380;67;47;5;4.237307464
393;47;62;39;2.585776353
398;59;43;50;4.289569205
404;47;80;32;4.569186226
412;35;20;48;2.600722518
413;79;49;29;4.85685186
414;92;46;51;5.138238784
424;48;1;25;8.184243968
426;35;43;8;4.790066358
428;93;49;51;5.737096624
435;68;61;31;5.5102017
438;23;58;4;4.404064255
439;81;52;36;4.943481148
442;36;84;6;4.772822284
450;69;51;22;3.365663764
465;40;45;58;0.804259709
471;43;70;32;0.820596406
478;66;45;5;3.338161084
479;55;43;9;5.45230224
500;79;45;29;6.38627406
506;59;72;35;4.370543153
507;86;41;51;6.237540604
510;44;48;1;3.413461984
522;66;4;30;5.241973471
527;63;14;40;3.252084748
529;63;2;40;8.096955748
535;55;56;9;5.75992368
541;60;42;12;0.426965143
546;73;11;40;6.655944628
548;64;27;11;0.060368468
551;36;42;2;4.456937714
552;86;63;36;5.799038368
556;70;63;55;5.759717086
559;27;70;53;4.088906502
562;86;25;21;9.822859602
564;36;43;2;4.057912994
567;66;56;9;4.64387322
571;70;12;21;3.682155762
576;66;72;35;4.700521193
579;90;31;51;9.866296984
581;80;67;55;6.221580886
589;64;52;5;2.474937904
590;70;46;5;4.688472124
594;75;52;29;4.44737898
601;25;23;17;2.748230033
606;50;29;34;4.698241569
608;36;61;39;4.190491053
615;26;39;4;4.076022175
617;84;26;40;9.104013928
618;48;11;25;4.027393148
623;70;30;47;4.056394592
627;74;46;29;4.31192526
628;31;49;4;1.988251915
629;80;61;36;4.187993548
631;40;58;59;2.861400436
632;61;42;12;0.021608623
636;66;60;35;5.455735013
637;126;43;65;5.809141487
639;33;30;48;4.936351398
640;44;35;50;6.144573785
644;40;49;2;0.012167654
651;31;48;4;2.391822235
653;60;72;35;4.761541253
654;41;15;54;4.150755777
656;73;18;21;6.240696462
658;73;27;11;3.877001348
659;61;35;47;2.463030332
662;80;65;55;6.266648806
666;64;1;40;8.662814548
670;62;38;19;2.029325836
672;25;57;4;3.539412115
673;17;30;24;3.717885269
677;62;45;19;4.898636956
681;94;47;51;4.828223224
682;51;72;3;4.56624366
686;75;36;22;4.552179904
687;74;64;33;4.053369814
688;70;4;21;5.002280922
693;70;9;21;2.502321942
695;75;38;22;3.762800464
710;41;23;34;4.421367909
714;56;22;25;4.437905768
715;64;72;35;5.941208813
719;103;64;13;3.020653418
721;33;57;37;4.13398998
722;39;94;16;4.558606816
724;81;47;29;4.46768682
725;66;14;40;4.374040768
727;50;17;54;0.041054997
728;70;25;47;5.425087112
730;40;66;39;3.955596753
739;40;69;39;2.763006993
748;56;64;31;4.00640436
749;64;62;55;4.499224666
757;50;22;25;3.592823468
761;126;33;65;5.728248407
786;93;47;51;5.511153304
789;28;35;41;3.11856864
806;148;-13;60;2.622154747
813;30;39;41;4.53426396
815;68;4;21;5.204345142
817;104;65;13;4.292510138
818;56;43;50;3.040201265
823;54;79;52;3.376014732
836;131;8;61;5.498814719
844;94;37;51;3.415744624
845;90;26;11;9.009327908
848;109;84;66;2.258594246
849;39;79;3;5.2368582
860;81;13;40;10.29478143
869;33;36;41;4.65616302
877;84;28;40;8.319079108
896;38;71;39;3.957513573
908;106;90;66;1.409717786
922;89;83;0;5.706232259
927;89;84;0;5.945961719
931;89;60;27;3.081636678
932;123;39;65;3.755006447
939;50;59;31;2.75553138
945;70;-8;30;2.217591751
947;68;79;52;6.688501992
951;50;98;49;0.070949003
963;97;53;51;7.470230644
1016;138;-4;60;5.923982947
1046;81;30;40;7.304421268
1050;89;27;11;8.663507168
1111;126;10;61;4.110333059
1125;38;83;38;3.70886508
1132;40;88;38;5.1465015
1149;47;81;32;4.962315646
1195;98;30;65;8.282925827
1200;138;-22;60;10.34566063
1201;67;35;19;4.598237056
1208;57;59;31;0.95619492
1239;132;30;65;4.037564747
1246;126;2;61;2.057813699
1247;79;60;36;3.620016868
1314;109;90;66;0.706246286
1325;109;91;66;0.467864486
1367;41;17;54;3.376211457
1378;90;13;40;12.49790139
1383;50;74;32;4.429989466
1386;130;49;64;5.414661742
1428;27;77;53;3.861047622
1429;126;-13;61;4.005614639
1448;50;88;38;5.24886348
1470;67;60;36;6.442852828
1476;115;68;13;5.171993798
1478;94;57;51;8.518765444
1507;28;39;41;4.04535924
1520;90;30;51;9.539724844
1539;42;63;39;3.642809073
1549;123;31;65;1.691128727
1562;38;96;16;3.647836816
1575;153;49;64;11.11853738
1582;57;70;31;3.52272948
1609;132;48;64;4.873929322
1610;50;77;32;5.155526386
1613;107;30;65;5.956225967
1678;123;30;65;1.950584147
1684;103;90;66;2.089968026
1688;42;82;38;1.97026278
1702;71;27;11;4.642207988
1718;84;39;51;7.751107444
1776;94;28;51;7.685230924
1822;73;57;36;3.738321988
1859;84;47;29;6.2513424
1866;115;91;66;1.956410786
1875;107;90;66;1.640411066
1883;28;75;53;3.343728282
1946;42;43;58;3.031963589
1959;28;81;6;3.304126564
1999;58;57;35;6.581993693
2001;82;28;40;7.837661968
2004;107;112;66;7.026355286
2013;107;110;66;7.526467586
2059;68;28;40;4.763014648
2086;112;68;13;5.906292698
2092;67;82;52;5.126680632
2100;87;50;36;5.474427988
2101;87;54;36;4.974343588
2102;84;58;36;4.378634008
2103;84;63;36;5.005803928
2104;84;68;36;5.646402328
2105;78;70;36;6.400621228
2106;76;75;33;7.010779594
2107;75;80;38;6.90156258
2108;71;83;38;6.31761678
2109;66;85;38;5.66556942
2110;61;84;38;5.08255176
2111;56;84;38;4.51031892
2112;52;87;38;3.91029948
2113;47;86;38;3.30869976
2114;43;85;38;2.90125752
2115;39;83;38;3.44935716
2116;33;84;6;3.640456624
2117;29;81;6;3.072812884
2118;24;80;6;2.456231344
2119;21;76;6;1.878225064
2120;17;73;6;1.268062864
2121;18;67;20;0.592780846
2122;15;63;20;0.039355426
2123;15;58;20;0.652761406
2124;10;54;20;1.498086466
2125;10;50;20;1.974865666
2126;12;45;20;2.655020086
2127;13;40;20;3.226080646
2128;17;37;20;3.792277306
2129;19;32;17;4.114384553
2130;19;28;17;3.648365513
2131;21;22;45;3.018723041
2132;24;19;45;3.509663081
2133;29;17;45;4.154108561
2134;34;17;57;3.839559908
2135;38;14;57;3.268063088
2136;43;14;57;3.858511628
2137;47;11;25;3.594567848
2138;52;13;25;4.214081168
2139;56;13;25;4.699007828
2140;61;13;40;4.491921388
2141;66;15;40;3.845895628
2142;71;16;40;4.479005488
2143;74;19;40;4.988357548
2144;78;23;40;5.687848888
2145;79;28;40;6.263250508
2146;81;32;40;6.812194648
2147;87;35;36;7.548543028
2148;85;40;36;6.866659888
2149;88;45;36;6.119137048
2150;18;-31;62;2.522714758
2151;20;-20;62;1.246088758
2152;20;-10;62;0.111006598
2153;20;1;45;0.125998841
2154;20;11;45;1.349108141
2155;19;22;45;2.766346721
2156;17;32;17;4.021241873
2157;15;43;20;3.304122946
2158;13;53;20;2.120781646
2159;9;63;20;0.758573446
2160;6;73;20;2.009101186
2161;2;83;20;3.293718946
2162;-3;92;20;4.440561286
2163;-8;101;20;5.611463086
2164;-13;110;20;6.967825306
2165;23;77;6;3.851108584
2166;77;21;21;5.020365222
2167;24;22;17;2.799537653
2168;66;12;40;3.687985708
2169;25;24;17;2.362433333
2170;104;62;13;3.441878798
2171;66;38;19;2.914908436
2172;29;88;16;6.292488376
2173;71;71;55;3.521821786
2174;40;48;2;0.441729674
2175;80;60;36;5.835229768
2176;78;36;22;5.722882264
2177;72;61;55;4.054549486
2178;50;84;7;2.405188452
2179;65;38;12;3.163071343
2180;64;48;5;0.845173324
2181;59;14;40;5.404669528
2182;90;35;51;7.524900004
2183;17;31;17;3.613912493
2184;43;74;32;1.601938126
2185;89;53;27;6.020234778
2186;27;19;42;4.487906057
2187;50;78;3;0.42275946
2188;101;53;51;5.782913164
2189;54;60;31;5.2537848
2190;31;36;41;4.08119856
2191;-13;117;20;9.643798186
2192;68;52;9;3.98165562
2193;121;-13;61;6.109433939
2194;64;57;31;3.02485818
2195;68;72;35;4.216594013
2196;88;60;27;2.688381258
2197;13;49;20;3.804811966
2198;40;17;46;2.878711973
2199;59;68;35;2.829064853
2200;37;94;16;3.910586176
2201;78;47;29;3.95552598
2202;60;47;9;2.85893112
2203;51;68;32;4.631559646
2204;60;44;12;1.222768363
2205;2;28;10;0.064473552
2206;47;58;39;4.105657293
2207;-18;117;20;11.63039459
2208;42;71;53;3.803606022
2209;80;66;55;5.787340726
2210;94;64;27;5.750534058
2211;56;68;35;3.958763273
2212;47;74;32;2.270757706
2213;63;71;52;4.325039532
2214;83;68;36;6.069115648
2215;34;79;53;6.780985782
2216;88;83;0;6.079735319
2217;78;50;29;4.5388707
2218;75;47;29;2.0358114
2219;66;42;5;2.979857884
2220;71;79;55;6.613495846
2221;34;23;48;2.715364998
2222;99;53;51;4.998779104
2223;67;85;38;6.10051674
2224;24;37;8;2.563470978
2225;79;11;21;7.317083862
2226;40;63;37;4.59108486
2227;51;47;50;2.068257305
2228;71;49;29;0.97963212
2229;36;28;46;4.800008873
2230;39;89;38;5.84176812
2231;80;58;36;2.650511248
2232;37;17;48;3.265365798
2233;92;83;0;4.502782259
2234;25;22;17;3.177792473
2235;86;36;51;6.839639704
2236;45;79;3;2.86215672
2237;19;68;20;3.463952686
2238;65;12;40;3.359423128
2239;24;18;42;3.626717777
2240;20;-4;45;2.063696201
2241;86;20;21;7.868513022
2242;94;52;51;6.503921584
2243;50;34;18;5.600111266
2244;25;-10;62;2.024876098
2245;112;67;13;5.876367098
2246;60;37;19;0.772634536
2247;57;35;18;1.156725466
2248;67;50;9;3.59175666
2249;74;42;29;2.70038418
2250;22;58;20;3.465260326
2251;97;54;51;7.853941384
2252;2;82;20;3.665598406
2253;19;24;17;3.745544753
2254;7;64;20;4.098565186
2255;84;34;22;9.082101184
2256;73;60;36;4.930747108
2257;0;67;20;6.893731966
2258;19;54;20;4.736113306
2259;25;28;17;1.367287013
2260;25;18;42;4.042174277
2261;26;38;41;4.25691858
2262;20;17;42;3.601970057
2263;77;83;38;8.58769272
2264;19;58;20;2.296987306
2265;123;29;65;2.378488727
2266;53;22;54;3.261479157
2267;56;44;50;2.848294625
2268;84;64;0;6.690704279
2269;7;55;20;3.746615806
2270;9;53;20;2.268314566
2271;48;34;50;4.286732885
2272;50;37;50;4.423644425
2273;47;65;39;2.477208333
2274;67;51;9;3.2088816
2275;37;30;46;4.354804253
2276;13;69;6;4.303614244
2277;81;45;29;4.96934154
2278;56;73;35;5.947374113
2279;24;77;6;3.594509224
2280;41;34;46;4.414315133
2281;18;22;45;3.165602261
2282;99;47;51;2.775193504
2283;87;68;27;6.283462878
2284;132;41;64;2.126456422
2285;36;32;41;4.993266
2286;10;52;20;2.722516066
2287;59;73;35;4.779598733
2288;62;42;12;1.970620063
2289;88;64;0;5.198744279
2290;6;83;20;4.916336026
2291;115;88;66;3.200160086
2292;71;89;38;8.54844774
2293;42;88;38;4.3241004
2294;66;-3;30;2.494578151
2295;4;73;20;2.771168026
2296;50;21;54;1.605585357
2297;86;26;40;9.956327908
2298;37;84;38;4.41331866
2299;71;63;36;5.546328568
2300;36;94;16;3.490471516
2301;26;49;4;0.022638175
2302;38;78;38;3.3856557
2303;40;13;46;4.419773873
2304;99;52;51;3.869784544
2305;77;44;22;3.978152464
2306;23;68;43;4.001465279
2307;27;48;4;1.336123915
2308;72;49;29;2.15558508
2309;84;36;51;7.638805024
2310;55;37;18;2.761896586
2311;39;17;48;4.045455498
2312;45;85;38;2.08816452
2313;44;47;58;2.970573329
2314;76;64;55;3.786052786
2315;44;17;54;2.398722657
2316;66;89;38;7.35227628
2317;87;30;36;9.566840428
2318;22;54;4;3.824238655
2319;39;33;46;5.265925013
2320;45;88;38;3.33992496
2321;56;77;52;4.902055152
2322;126;39;65;4.975517687
2323;109;67;13;4.662482498
2324;81;28;47;8.307557492
2325;74;62;33;3.211625674
2326;35;61;39;3.816616653
2327;77;28;47;6.823947092
2328;79;40;22;4.699887724
2329;68;71;35;3.849093173
2330;78;18;21;4.450683042
2331;49;71;7;3.885578712
2332;146;-13;60;1.815878167
2333;94;45;51;4.022010064
2334;33;26;48;3.338252658
2335;70;64;55;1.259315926
2336;25;-14;62;3.531683398
2337;36;49;59;2.230585756
2338;62;44;12;1.999878163
2339;9;52;20;2.691135286
2340;44;22;34;0.457559709
2341;69;61;36;5.484617008
2342;65;50;5;1.804302124
2343;22;43;8;3.675070818
2344;43;76;32;2.419872706
2345;31;41;8;2.394157278
2346;40;57;59;2.500468936
2347;50;18;25;1.989349988
2348;94;53;51;6.965064064
2349;23;17;42;2.071599617
2350;45;65;39;2.209901193
2351;72;25;40;5.050496188
2352;68;89;52;7.837800732
2353;25;27;17;2.841570173
2354;76;57;36;2.585027548
2355;54;34;18;4.027520206
2356;72;67;33;2.447530174
2357;103;89;66;2.466243626
2358;29;36;41;3.11485782
2359;53;52;9;4.34640474
2360;19;46;8;4.600430178
2361;42;60;39;2.325739593
2362;6;50;20;3.638426326
2363;36;20;48;2.200044198
2364;36;71;53;1.728797442
2365;60;39;19;0.031113196
2366;51;52;1;4.010296204
2367;14;64;20;3.385009606
2368;38;98;16;2.809925356
2369;47;90;7;4.230342012
2370;13;56;20;3.533397166
2371;71;56;36;2.783370928
2372;104;61;13;3.799257758
2373;74;60;36;3.368099008
2374;28;70;53;3.715541382
2375;72;9;21;1.651967382
2376;44;70;32;0.435326986
2377;90;28;51;9.187279264
2378;69;85;38;6.89355954
2379;46;89;38;3.80804616
2380;29;53;4;4.118858875
2381;91;60;27;1.534146438
2382;56;71;52;3.950471112
2383;65;17;40;1.420667728
2384;102;63;13;3.809159738
2385;41;94;16;5.245435756
2386;73;16;21;4.814321562
2387;86;31;40;9.733765768
2388;131;33;65;5.148628007
2389;44;13;57;4.441991288
2390;4;50;20;4.407622126
2391;36;78;38;4.16509578
2392;126;38;65;4.757986187
2393;65;56;35;4.343525933
2394;95;30;51;8.779786864
2395;82;35;22;7.727484724
2396;33;32;41;4.76325714
2397;118;-13;61;7.269739319
2398;14;67;20;4.576617286
2399;36;73;53;2.506480542
2400;66;48;5;0.013914244
2401;51;48;50;2.437066565
2402;47;23;25;1.200170408
2403;79;19;21;5.009542902
2404;86;70;0;5.927338019
2405;20;46;8;4.786614618
2406;92;27;51;9.408037804
2407;-12;117;20;10.03857635
2408;83;25;21;9.518653242
2409;114;-13;61;8.803833719
2410;41;30;46;2.807560493
2411;76;85;38;9.66033834
2412;21;39;8;2.380935258
2413;69;60;36;5.101799968
2414;37;90;16;5.194813276
2415;78;19;21;4.830371982
2416;40;72;53;3.834061062
2417;88;71;0;5.227153919
2418;72;71;55;3.058042066
2419;73;49;29;2.5792167
2420;30;32;41;3.39813804
2421;97;46;51;3.111641284
2422;41;96;16;4.568849356
2423;47;29;25;3.716165168
2424;53;23;54;3.694925337
2425;41;61;39;2.161765593
2426;20;27;17;0.881337653
2427;39;26;46;2.666282873
2428;93;41;51;3.283974484
2429;37;23;48;1.587123378
2430;19;53;20;4.335623026
2431;33;33;48;5.117067918
2432;13;-31;62;4.624401118
2433;138;-15;60;13.07067481
2434;35;17;48;3.702224058
2435;56;27;25;6.363112148
2436;89;30;11;9.860141408
2437;46;87;38;2.99362188
2438;66;55;9;5.04708918
2439;34;19;48;1.146726918
2440;19;44;8;5.411122998
2441;83;26;21;9.140357442
2442;99;49;51;2.718063544
2443;103;84;66;4.742450846
2444;84;38;22;7.499689684
2445;89;80;0;4.471152179
2446;85;64;0;6.311279999
2447;46;40;50;4.499763185
2448;89;68;0;3.954366839
2449;69;44;22;0.758434144
2450;39;52;59;0.031113196
2451;79;38;22;6.424618684
2452;50;48;1;2.144972404
2453;25;53;4;4.995333175
2454;69;68;55;2.980235146
2455;72;48;29;0.41765052
2456;46;74;32;1.864592926
2457;64;59;35;4.261887413
2458;34;22;48;0.010671738
2459;60;35;18;0.019090186
2460;41;93;16;5.667196456
2461;41;48;2;0.810924314
2462;51;43;50;1.297529405
2463;93;46;51;4.562962204
2464;22;68;43;4.382564039
2465;84;41;51;6.950940904
2466;27;1;45;3.055027061
2467;79;50;29;5.2596201
2468;88;73;0;6.048275939
2469;131;1;61;5.739488459
2470;76;69;33;4.664260414
2471;-1;30;10;2.026915152
2472;93;70;0;0.816211619
2473;68;82;52;5.522642832
2474;20;-25;62;3.157688818
2475;59;18;40;3.804297148
2476;34;58;59;5.151932116
2477;94;54;51;7.288988644
2478;56;74;3;5.91330774
2479;84;53;36;5.712353128
2480;128;49;64;6.248613382
2481;99;51;51;5.613982864
2482;40;19;46;3.638362013
2483;74;50;36;3.391789108
2484;28;33;41;3.90381468
2485;52;82;3;2.82672912
2486;19;55;20;3.509363986
2487;6;54;20;3.206141446
2488;63;46;5;1.819751224
2489;75;73;33;5.932023334
2490;91;51;51;7.458001624
2491;95;23;51;9.033817804
2492;48;36;50;3.482906885
2493;67;31;47;3.232070612
2494;109;66;13;4.279398518
2495;105;63;13;4.010074598
2496;18;71;20;2.218774066
2497;8;52;20;3.081029566
2498;72;38;22;3.630402784
2499;29;33;41;3.53549418
2500;71;18;40;4.246274128
2501;56;76;7;4.740640452
2502;36;76;53;3.760848222
2503;66;39;19;2.515210936
2504;64;20;40;0.040636768
2505;67;54;36;4.254656368
2506;100;63;27;3.255405138
2507;88;41;51;5.228686084
2508;5;52;20;4.770919726
2509;51;78;3;0.0101241
2510;98;47;51;2.431382704
2511;35;25;48;1.576614378
2512;54;63;39;5.532518313
2513;138;1;61;8.669763659
2514;89;67;0;3.556476059
2515;83;30;22;10.173099
2516;109;92;66;0.068332466
2517;68;77;52;3.865778532
2518;54;80;52;2.975588532
2519;67;46;29;3.9459402
2520;51;44;50;0.907843865
2521;53;74;52;4.091142252
2522;68;22;40;2.469839248
2523;34;86;6;6.120400324
2524;31;22;48;1.177003218
2525;53;73;3;2.5342323
2526;65;67;35;0.009545093
2527;67;30;47;2.822198552
2528;77;27;11;7.227572228
2529;77;22;21;6.160339482
2530;50;11;25;4.359838748
2531;77;38;22;5.321196604
2532;126;-11;61;3.147047339
2533;44;37;50;4.324392725
2534;119;29;65;1.380942707
2535;40;60;39;3.067920753
2536;84;45;29;6.13462194
2537;14;43;20;3.704888146
2538;13;39;20;3.615784486
2539;39;29;46;3.926561753
2540;85;38;36;7.720064968
2541;16;43;20;4.490158066
2542;84;56;36;4.819266808
2543;57;64;31;3.60959694
2544;39;87;38;5.7117912
2545;82;30;22;9.775120984
2546;46;34;50;5.666099645
2547;61;30;47;0.590095892
2548;34;33;41;4.0599573
2549;54;78;3;1.1895075
2550;25;17;42;4.450680977
2551;64;35;11;3.336223928
2552;80;52;36;4.508418508
2553;24;-20;62;2.888635858
2554;82;70;33;7.140598114
2555;53;49;9;3.1466229
2556;40;74;32;2.943085426
2557;120;-13;61;6.501464819
2558;31;42;8;2.739758718
2559;50;24;25;2.733446468
2560;15;47;20;4.840654606
2561;89;70;0;4.674423719
2562;60;74;35;5.582827313
2563;36;14;48;4.404830958
2564;95;46;51;4.608871744
2565;70;59;55;4.073559166
2566;35;24;46;2.898512453
2567;148;-8;60;2.065119607
2568;63;89;52;5.893235532
2569;13;68;6;4.677507004
2570;95;19;51;10.4761893
2571;12;63;20;1.918999786
2572;58;18;40;3.418661608
2573;36;54;59;4.289192116
2574;42;61;39;1.150792593
2575;13;-29;62;5.432232358
2576;5;48;20;4.830202306
2577;44;29;34;2.443892229
2578;103;53;51;5.615808484
2579;36;38;58;5.000294069
2580;95;51;51;6.447551644
2581;8;46;20;5.685765106
2582;47;85;38;2.90296386
2583;17;-25;62;4.319539618
2584;44;41;50;2.926236725
2585;67;52;9;4.38115488
2586;98;43;51;0.834644104
2587;99;44;26;4.270287814
2588;55;45;12;3.585711823
2589;32;39;8;4.415651358
2590;36;72;53;2.956891482
2591;72;21;40;4.456757188
2592;58;46;9;2.46961746
2593;34;18;57;1.512479768
2594;53;44;50;2.261071325
2595;91;41;51;4.239817684
2596;132;49;64;6.171195802
2597;106;84;66;3.485515226
2598;66;3;30;4.795672711
2599;133;33;65;6.005661047
2600;107;25;65;7.928074247
2601;3;52;20;5.200512286
2602;61;86;52;4.861146372
2603;79;42;22;5.550592024
2604;14;70;20;4.275145006
2605;82;29;40;9.869386588
2606;28;68;43;2.119180739
2607;4;68;20;4.776873586
2608;145;-8;60;0.916685947
2609;70;54;36;3.115724608
2610;151;49;64;11.89431896
2611;89;73;0;6.436598099
2612;134;49;64;6.949849762
2613;40;41;58;2.418214769
2614;8;70;20;6.451286626
2615;42;58;39;2.320141773
2616;90;43;51;5.289471124
2617;15;39;20;4.355852926
2618;112;63;13;6.782987198
2619;15;45;20;5.626860706
2620;128;54;64;8.229728302
2621;10;46;20;4.993648306
2622;72;37;22;3.207244564
2623;24;81;6;4.900667464
2624;90;52;27;6.592972158
2625;40;24;46;0.009545093
2626;60;85;52;3.337486572
2627;46;64;39;1.659849873
2628;28;38;8;2.406446058
2629;78;24;40;6.103400428
2630;58;41;19;1.552572496
2631;34;13;57;1.287396488
2632;46;60;39;3.254553993
2633;60;49;9;2.0517861
2634;67;90;52;7.716765252
2635;102;69;13;5.322021278
2636;77;47;29;3.57972372
2637;8;30;10;3.277989672
2638;18;77;6;2.395717324
2639;39;74;32;3.274960966
2640;47;35;50;4.041539945
2641;96;23;51;8.657400124
2642;48;41;50;1.420217825
2643;57;54;31;5.7361473
2644;65;64;35;1.202528093
2645;135;33;65;6.494360567
2646;36;88;16;5.657391496
2647;91;52;51;7.065167764
2648;27;-3;45;4.759122881
2649;83;14;40;10.70189403
2650;20;-1;45;3.277161101
2651;70;68;55;2.730016966
2652;57;58;31;1.347864
2653;60;70;35;4.052608853
2654;25;34;41;3.21809832
2655;29;26;41;2.18211258
2656;38;80;38;2.62280166
2657;112;90;66;1.947903866
2658;72;44;22;0.414173284
2659;44;24;34;1.234708029
2660;48;17;25;1.394937128
2661;24;17;17;4.647446153
2662;60;75;3;5.5683726
2663;56;21;25;4.043619848
2664;23;19;17;3.613906553
2665;38;67;43;3.372941639
2666;33;83;6;4.017064984
2667;18;68;20;3.416232826
2668;60;71;35;4.450103933
2669;76;60;36;3.774833608
2670;41;62;39;1.750078653
2671;125;2;61;2.464312499
2672;54;65;39;5.069882913
2673;81;54;36;4.178610568
2674;39;93;16;5.186114596
2675;19;60;20;3.841785526
2676;69;11;40;4.983833128
2677;51;74;3;1.57855128
2678;38;91;16;5.453738116
2679;91;63;27;2.738676858
2680;17;54;4;5.743915375
2681;105;62;13;3.828534878
2682;99;55;51;4.991401444
2683;145;1;61;11.4350004
2684;13;52;20;5.053098346
2685;78;83;38;8.99169072
2686;41;86;38;4.0629393
2687;47;24;25;1.580815688
2688;15;77;6;1.196660284
2689;108;68;13;2.405661578
2690;135;30;65;5.239432727
2691;19;31;17;2.851246013
2692;56;90;38;7.04665188
2693;47;20;25;0.030559208
2694;90;14;40;12.89462085
2695;24;15;42;1.603195757
2696;79;47;22;4.309491244
2697;74;55;36;1.295042368
2698;126;32;65;2.300158547
2699;121;-19;61;8.409794459
2700;78;29;47;6.953362712
2701;38;61;39;2.647525293
2702;41;88;38;4.75127598
2703;76;62;36;3.180770368
2704;88;34;51;7.917296584
2705;66;70;35;1.488819413
2706;14;31;24;3.585749849
2707;42;28;34;3.421114149
2708;-1;73;20;4.636758586
2709;56;78;52;1.362497592
2710;78;25;40;6.509120368
2711;21;60;20;4.417714606
2712;59;47;5;3.079192624
2713;36;9;48;6.242615598
2714;39;95;16;4.296174676
2715;102;73;0;3.908737379
2716;40;14;57;4.067244248
2717;79;33;22;7.526338204
2718;68;59;35;5.852962973
2719;74;53;36;3.200121328
2720;44;50;1;2.584530544
2721;73;14;21;4.032429042
2722;13;77;6;1.968554944
2723;33;62;37;2.20824462
2724;51;34;18;3.583175026
2725;69;54;36;2.686583968
2726;27;68;43;2.484742619
2727;19;45;8;4.192111938
2728;109;86;66;2.516480966
2729;56;45;12;3.218171863
2730;77;16;21;5.946196662
2731;42;67;39;1.952532753
2732;65;62;35;1.989736673
2733;109;68;13;5.017444538
2734;70;47;29;1.59923868
2735;26;26;17;2.013114833
2736;39;97;16;3.657330136
2737;99;50;51;4.607224744
2738;33;23;48;0.575252298
2739;33;28;48;2.555594178
2740;91;47;51;5.142600304
2741;78;58;36;1.908091108
2742;53;70;32;4.071694546
2743;33;67;43;1.269058259
2744;128;52;64;7.462854802
2745;96;47;51;3.119500144
2746;42;57;39;2.685022053
2747;48;59;31;3.60187926
2748;56;82;52;2.971223832
2749;41;97;16;4.435715416
2750;39;13;57;3.245807948
2751;67;36;19;3.992230996
2752;59;70;35;3.624845513
2753;32;41;8;2.770664838
2754;41;45;58;0.405552749
2755;74;39;29;3.81140508
2756;42;26;34;2.691570129
2757;87;57;36;6.975006508
2758;33;1;45;5.514187361
2759;92;80;0;3.352945499
2760;17;22;45;3.554210981
2761;39;30;46;4.019201213
2762;74;59;36;5.269337128
2763;64;38;12;2.763994363
2764;91;64;27;3.138624918
2765;66;46;5;2.378553784
2766;32;96;16;4.288440436
2767;61;90;52;5.655317712
2768;63;21;40;0.585558268
2769;-21;117;20;12.85230641
2770;41;90;38;6.40582026
2771;17;33;24;2.588219429
2772;53;78;52;2.515404552
2773;20;22;17;3.652800353
2774;35;34;41;4.83124374
2775;53;51;9;3.9563139
2776;15;56;20;2.707758706
2777;67;45;5;2.905853524
2778;55;14;25;5.298834308
2779;28;36;41;2.72261586
2780;38;90;16;5.575723516
2781;38;24;46;0.787646753
2782;80;62;36;4.209768208
2783;93;72;0;0.033746999
2784;2;73;20;3.530572306
2785;20;21;42;3.600252017
2786;50;23;34;2.437893129
2787;86;68;0;6.724167419
2788;53;13;25;4.684051748
2789;98;40;51;1.232157184
2790;43;24;34;1.630492329
2791;78;20;21;5.259155022
2792;31;24;48;1.976503218
2793;48;24;25;2.012352428
2794;22;59;20;3.863560846
2795;13;50;20;5.124185206
2796;19;49;8;5.854757058
2797;40;8;46;6.304697453
2798;79;4;21;6.306820122
2799;46;84;38;2.69877756
2800;141;-4;60;7.113234427
2801;50;63;31;4.4164587
2802;44;51;1;2.194499704
2803;27;75;53;3.731205342
2804;53;37;18;3.548705566
2805;59;22;40;2.860996948
2806;34;98;16;1.226232316
2807;95;50;51;4.702258504
2808;28;18;57;4.042885988
2809;131;3;61;6.509529059
2810;52;72;3;2.51469822
2811;31;33;41;2.82194568
2812;9;54;20;1.868780386
2813;3;50;20;4.780795666
2814;21;59;20;4.281003886
2815;38;12;57;2.463842288
2816;35;60;39;4.980681153
2817;89;35;51;7.128377884
2818;25;29;17;1.797152813
2819;55;68;35;4.138596353
2820;67;24;40;2.896204948
2821;91;56;36;7.715973868
2822;34;100;16;2.089486456
2823;45;90;7;5.040670812
2824;73;-8;14;2.820140412
2825;18;39;8;3.550747698
2826;21;-10;62;0.508289458
2827;36;57;59;3.769857136
2828;60;38;19;1.175862136
2829;42;76;53;6.001965402
2830;100;84;66;5.831211026
2831;37;73;53;2.321254302
2832;101;50;51;5.223378184
2833;44;25;34;0.843016389
2834;71;67;33;3.525222394
2835;69;62;55;2.501685706
2836;53;54;9;5.14906392
2837;75;39;22;3.365266504
2838;70;56;36;3.265118908
2839;128;60;64;10.6950947
2840;8;82;20;6.128634286
2841;153;55;64;13.75947578
2842;69;69;35;3.226900553
2843;37;25;46;1.358447453
2844;56;92;38;7.80912048
2845;99;41;51;2.028629464
2846;95;17;51;11.24983686
2847;75;49;29;3.2565081
2848;23;37;8;2.346959838
2849;90;15;40;13.31659923
2850;8;63;20;3.573826126
2851;37;98;16;2.429554036
2852;37;54;59;1.634532436
2853;71;62;55;3.023264266
2854;39;72;53;4.009954602
2855;20;-26;62;3.572461438
2856;8;65;20;4.409983306
2857;59;42;19;1.340811616
2858;-21;115;20;13.60123451
2859;53;57;31;2.05658442
2860;60;68;35;3.226188473
2861;71;61;55;3.428945506
2862;29;37;41;3.34573092
2863;45;35;50;5.568774185
2864;73;47;29;1.83587694
2865;52;71;3;2.89093812
2866;77;18;21;4.597843242
2867;12;43;20;4.815731566
2868;82;27;40;9.043992208
2869;21;24;17;1.410727073
2870;42;30;34;4.209941109
2871;13;76;6;1.645590844
2872;126;-4;61;0.444056999
2873;66;91;23;7.439919932
2874;36;37;58;5.379360449
2875;43;37;50;4.732891385
2876;47;70;32;1.616754586
2877;118;-19;63;6.264932996
2878;44;40;50;3.172933385
2879;89;14;40;13.02163599
2880;73;71;55;2.668015366
2881;19;77;6;2.801298664
2882;61;89;52;5.978858412
2883;70;66;55;2.002585246
2884;110;84;66;4.272536966
2885;48;84;7;1.607241852
2886;45;52;1;1.623342304
2887;33;64;37;1.59532326
2888;16;66;20;3.881557966
2889;44;84;38;2.68498566
2890;36;93;16;3.888129016
2891;102;52;51;5.052275764
2892;56;50;9;3.04577754
2893;-4;28;10;2.325056712
2894;75;81;38;7.30467942
2895;60;57;31;3.76318374
2896;45;82;38;0.79559586
2897;70;53;36;2.704333168
2898;8;58;20;3.873965626
2899;73;42;29;2.306238
2900;79;36;22;6.904396684
2901;60;51;9;2.72249796
2902;58;14;40;4.977073048
2903;80;4;21;6.679801542
2904;49;74;7;2.861982612
2905;91;42;51;4.607310004
2906;89;85;0;6.358595699
2907;58;38;18;2.523420706
2908;50;58;31;3.14255748
2909;76;28;47;6.415480772
2910;49;78;7;1.221288672
2911;72;54;36;1.554176068
2912;82;52;29;4.94339928
2913;83;70;36;6.886211068
2914;35;71;53;0.795633222
2915;46;23;34;2.448132609
2916;56;72;52;3.548338032
2917;96;27;51;6.989526124
2918;53;64;39;4.528622313
2919;55;18;40;4.620398008
2920;69;65;55;1.830157066
2921;51;37;18;4.281262786
2922;77;51;29;3.66808452
2923;25;68;43;3.246317759
2924;20;14;42;1.028502917
2925;8;40;28;4.296251944
2926;16;24;17;3.419540873
2927;61;87;52;4.465220592
2928;19;80;56;3.578409186
2929;77;46;29;3.16748898
2930;78;21;21;5.448628602
2931;35;91;16;4.331333716
2932;47;37;50;4.022243765
2933;37;99;16;2.627026696
2934;23;22;17;2.398892393
2935;65;91;23;7.275800612
2936;80;53;36;4.125780148
2937;38;20;46;2.530223633
2938;77;15;21;3.609845082
2939;37;95;16;4.096666936
2940;50;30;18;5.258237566
2941;27;79;6;3.845093044
2942;85;13;40;11.92490319
2943;34;20;48;3.017029818
2944;36;47;2;2.440492814
2945;55;47;9;3.78961236
2946;100;46;51;4.360128124
2947;18;-34;62;3.689616058
2948;81;70;33;6.754032814
2949;42;42;58;2.653220609
2950;103;44;26;2.619331054
2951;65;49;5;1.414373044
2952;36;19;48;2.574969258
2953;0;73;20;4.325966146
2954;91;44;51;5.379917044
2955;63;26;40;2.557231588
2956;98;38;51;1.742372944
2957;87;36;51;7.233041524
2958;111;-19;63;3.331804556
2959;102;68;13;4.901461838
2960;94;35;51;4.646701264
2961;44;88;38;4.1831106
2962;70;28;40;5.514686308
2963;58;49;9;1.21826004
2964;81;53;36;4.559966668
2965;64;32;11;2.166287408
2966;69;28;40;5.131536988
2967;84;30;22;10.54299882
2968;36;30;41;4.38838524
2969;33;35;41;5.07926508
2970;77;52;29;4.05736044
2971;53;16;25;3.743883428
2972;103;93;66;3.248785106
2973;85;68;0;5.519255759
2974;102;57;27;4.024628718
2975;53;38;50;3.774753545
2976;42;36;50;5.315302685
2977;31;68;43;0.823956779
2978;15;40;8;4.171896558
2979;95;27;51;8.253363544
2980;54;75;3;3.13010832
2981;109;87;66;2.104142726
2982;54;71;3;3.76739262
2983;27;42;8;1.272219258
2984;58;61;31;1.53201456
2985;23;28;17;0.565177973
2986;25;67;43;3.643562699
2987;38;92;16;5.068273816
2988;28;41;8;1.216834218
2989;71;44;22;0.013914244
2990;48;57;39;5.058724713
2991;66;54;36;3.846940348
2992;68;15;40;3.756006928
2993;145;-13;60;1.403181667
2994;15;50;20;4.995111226
2995;118;-16;63;7.427242556
2996;43;19;34;2.025627609
2997;80;48;29;2.8645947
2998;77;29;47;6.582300512
2999;37;20;48;2.021651178
3000;4;45;20;5.832593446
3001;32;29;48;3.107016558
3002;75;27;40;7.087400548
3003;62;47;5;1.784804704
3004;83;52;36;6.148276828
3005;49;63;39;3.500121753
3006;68;19;40;2.119676068
3007;22;37;8;2.757445278
3008;68;16;40;2.823191668
3009;53;45;12;4.418284783
3010;76;18;21;3.643586502
3011;138;3;60;8.758244047
3012;31;91;16;2.790971176
3013;70;52;36;3.874451728
3014;24;24;17;1.974337673
3015;22;27;17;0.019677713
3016;60;90;52;6.062005992
3017;107;118;66;9.302915306
3018;33;31;48;5.983444218
3019;49;35;50;4.044907145
3020;14;71;6;3.832682224
3021;70;32;47;4.621225172
3022;47;88;38;3.83296668
3023;35;30;41;3.98619828
3024;35;53;59;4.102732036
3025;78;57;36;1.776027448
3026;19;-34;62;4.085903458
3027;24;14;42;2.008032317
3028;107;107;66;8.705919926
3029;20;15;42;2.251162337
3030;78;31;22;7.295335804
3031;91;39;51;5.765795704
3032;145;-10;60;0.101297227
3033;78;63;36;3.851921008
3034;18;-35;62;4.060988218
3035;85;35;36;8.827583488
3036;36;17;48;3.311644938
3037;73;15;21;3.655167342
3038;13;83;6;4.782095764
3039;141;49;64;9.888937342
3040;33;71;53;0.045900882
3041;19;73;6;1.813860964
3042;55;52;9;4.97056248
3043;90;83;0;5.282664419
3044;56;58;31;1.55099718
3045;44;42;58;2.904052769
3046;91;26;51;9.966070024
3047;46;51;1;1.565004124
3048;81;56;36;3.353134048
3049;32;38;8;4.023391638
3050;85;63;36;5.422233148
3051;89;10;21;12.4474156
3052;18;-20;62;5.199033898
3053;26;31;41;1.60029876
3054;82;36;22;7.442639104
3055;31;98;16;0.081692836
3056;24;9;45;3.521071361
3057;36;39;58;5.417168249
3058;43;23;34;1.056283269
3059;48;78;7;0.792108012
3060;151;54;64;13.8970445
3061;70;49;29;1.40500716
3062;29;31;41;2.76207984
3063;136;48;64;6.406229482
3064;37;97;16;2.829800356
3065;57;90;52;7.192778892
3066;66;96;38;10.1111358
3067;88;79;0;5.839552619
3068;114;-16;63;8.718551576
3069;115;87;66;3.595094966
3070;93;57;36;9.596851528
3071;34;41;8;4.100371578
3072;-10;92;20;7.011493486
3073;83;46;22;5.416233184
3074;92;31;51;9.105325684
3075;82;31;22;9.355701244
3076;68;46;29;5.1264702
3077;40;61;39;2.030600973
3078;44;49;1;3.008023264
3079;97;41;51;1.702628404
3080;31;76;43;4.071946499
3081;63;60;31;3.01198476
3082;39;84;38;4.62277098
3083;65;63;35;1.598525333
3084;42;19;34;2.428409409
3085;21;15;42;0.425665337
3086;63;57;31;3.41987994
3087;59;41;19;1.164994936
3088;75;66;55;3.915573826
3089;48;90;7;3.999561192
3090;65;65;35;0.796559513
3091;30;36;41;1.96219416
3092;83;23;21;7.923951462
3093;73;25;11;4.698772388
3094;53;48;1;3.257304664
3095;61;46;5;2.587347304
3096;78;65;55;5.497823086
3097;72;85;38;8.08253502
3098;30;43;8;2.841052938
3099;24;53;4;3.171903295
3100;15;70;20;3.835904326
3101;61;14;40;4.332401728
3102;78;42;22;5.047840324
3103;58;71;31;4.07898936
3104;73;20;40;5.044095508
3105;14;76;6;1.779530104
3106;74;4;21;4.223019522
3107;74;47;29;2.4644775
3108;68;20;40;1.733184268
3109;70;31;47;4.475927552
3110;44;98;49;3.255033443
3111;108;70;13;1.620485798
3112;47;15;25;2.021426468
3113;106;80;66;4.998439706
3114;48;83;7;1.213315812
3115;45;74;32;1.459125406
3116;67;56;36;4.518865768
3117;35;19;48;1.628836818
3118;63;47;5;1.396731844
3119;48;25;25;2.425166168
3120;87;75;0;3.721677179
3121;9;40;28;4.678007824
3122;74;54;36;1.685734228
3123;63;51;9;1.53636504
3124;45;72;32;0.614721466
3125;114;67;13;6.566660678
3126;97;63;27;4.400013258
3127;100;28;51;10.02616632
3128;68;56;36;3.838890868
3129;70;29;47;3.872810552
3130;18;73;6;1.694599684
3131;76;9;21;0.068249082
3132;72;3;21;4.042245642
3133;66;61;31;6.27480432
3134;76;15;21;2.420949042
3135;128;46;64;5.907589222
3136;27;73;53;4.300009002
3137;131;13;61;7.483304159
3138;89;23;51;11.36856864
3139;54;74;3;2.75649906
3140;2;87;20;5.583035026
3141;62;61;31;3.0687042
3142;75;67;33;3.625632454
3143;73;21;40;4.857220708
3144;100;51;51;4.439720524
3145;81;27;40;8.657177848
3146;83;85;0;8.777570219
3147;77;11;21;6.533456622
3148;104;70;13;0.007546058
3149;-18;113;20;13.24205507
3150;108;65;13;3.710349218
3151;29;48;4;2.129943715
3152;20;73;6;2.211536704
3153;128;61;64;11.12088494
3154;19;64;20;4.565324566
3155;21;-7;62;1.652118778
3156;48;63;39;3.171533253
3157;23;23;17;1.938486053
3158;7;40;28;3.906522724
3159;63;64;35;1.968570053
3160;54;38;18;3.347038486
3161;83;58;36;3.872964508
3162;45;14;25;3.131202788
3163;13;-28;62;5.828161318
3164;85;6;40;14.64047589
3165;74;56;36;1.677797068
3166;88;68;27;5.872041918
3167;58;33;18;4.562803846
3168;79;44;22;3.107015644
3169;47;57;39;4.515608313
3170;67;15;40;3.435242068
3171;58;35;19;3.885989776
3172;10;40;28;5.100109924
3173;69;70;35;2.800963733
3174;98;46;51;3.481760884
3175;68;65;33;0.030184234
3176;16;54;4;6.159930475
3177;25;51;4;4.170387235
3178;37;49;59;2.060413516
3179;53;34;18;3.616346206
3180;0;66;20;7.280325586
3181;74;57;36;2.070440008
3182;69;22;40;2.868066028
3183;132;54;64;9.815113882
3184;36;70;53;1.335165042
3185;75;35;22;4.917647824
3186;62;56;9;3.06588072
3187;132;2;61;5.214592679
3188;66;77;52;3.044676192
3189;-1;48;20;7.239967126
3190;71;60;55;3.598213426
3191;71;69;35;4.009326773
3192;32;33;48;4.718699778
3193;54;21;54;3.834555717
3194;40;89;38;5.5464768
3195;34;70;53;1.364860122
3196;64;22;40;0.856298128
3197;55;49;9;3.62049078
3198;41;79;38;6.7415769
3199;101;35;51;5.123481004
3200;88;61;27;3.095036238
3201;33;88;16;6.886493296
3202;59;12;40;5.246821288
3203;18;76;6;0.462052084
3204;39;90;16;6.028541656
3205;23;71;20;4.194081766
3206;18;24;17;4.147727573
3207;36;95;16;3.234104176
3208;31;67;43;0.448125179
3209;7;45;20;4.613963986
3210;43;22;34;0.866808669
3211;20;10;45;1.742167661
3212;62;90;52;6.058174512
3213;38;57;59;2.964192016
3214;45;19;34;2.809562769
3215;10;43;20;4.818431806
3216;82;68;36;6.483912028
3217;93;75;0;1.199870159
3218;95;35;51;4.264485904
3219;16;48;20;6.215537686
3220;75;50;29;3.23384358
3221;36;4;57;6.196426988
3222;62;89;52;5.424231372
3223;87;70;0;5.507863499
3224;83;19;21;6.541758342
3225;10;34;24;5.431761809
3226;79;56;36;4.208232208
3227;53;67;3;4.74886896
3228;67;89;52;7.340602512
3229;115;94;66;3.202117826
3230;73;65;33;1.898080114
3231;12;34;24;4.601963189
3232;72;92;23;7.176367412
3233;70;50;29;3.55247442
3234;78;46;22;4.297452424
3235;30;-10;62;3.929830978
3236;25;61;4;5.103177415
3237;58;58;31;0.40850088
3238;77;33;22;6.107404564
3239;73;19;21;5.222697162
3240;30;35;41;1.58342628
3241;42;40;2;3.966127934
3242;76;5;21;1.688091402
3243;39;57;59;3.377845276
3244;16;50;20;5.364418546
3245;-27;115;20;15.99827813
3246;21;78;6;2.698243864
3247;58;55;31;1.60259442
3248;47;21;25;0.437846528
3249;68;51;9;3.6028914
3250;96;39;51;2.301054904
3251;72;8;21;2.037729522
3252;90;64;27;4.150968498
3253;62;57;31;2.9986317
3254;67;12;40;4.104015268
3255;95;32;51;5.339313124
3256;51;33;18;4.519684246
3257;73;58;55;2.467469626
3258;40;97;16;4.021555816
3259;57;12;25;5.254460348
3260;86;45;22;6.963780724
3261;42;46;58;1.236776369
3262;20;52;20;4.892400526
3263;70;37;22;3.999414904
3264;86;80;0;5.672144879
3265;78;27;40;7.300046008
3266;79;51;29;4.47416784
3267;13;55;20;3.933237226
3268;42;56;39;3.130081593
3269;25;56;4;3.349815475
3270;82;44;22;4.387847224
3271;86;46;22;6.563755684
3272;36;90;16;4.854884656
3273;73;63;33;2.681799274
3274;42;69;39;1.939053513
3275;45;86;38;2.4574779
3276;48;37;50;3.912934085
3277;34;12;57;0.871236668
3278;82;49;29;3.81179106
3279;19;62;20;5.382357826
3280;75;18;21;4.041312102
3281;124;-11;61;3.817131119
3282;56;12;25;5.067721388
3283;23;54;4;3.434786635
3284;52;81;3;3.22437162
3285;53;43;50;1.855463045
3286;88;52;27;6.854854278
3287;31;70;43;1.601755859
3288;73;32;11;5.772715028
3289;92;13;40;13.29965919
3290;79;57;36;3.786791668
3291;52;85;7;3.501583272
3292;31;20;48;3.483801558
3293;73;44;22;2.368214104
3294;76;56;36;0.825310228
3295;82;62;36;5.029114948
3296;60;36;19;1.163060356
3297;112;25;65;9.934135427
3298;66;75;35;3.410558093
3299;132;46;64;7.392424762
3300;64;61;35;3.427149293
3301;83;50;36;6.640496788
3302;95;20;51;10.34275134
3303;10;53;20;2.682462406
3304;69;50;5;3.412739464
3305;131;-2;61;6.949211939
3306;76;83;38;8.98878192
3307;54;51;9;2.03976012
3308;28;69;53;4.130450682
3309;84;27;40;9.482847388
3310;73;39;22;2.575781884
3311;53;72;3;2.90445186
3312;71;46;29;2.17239372
3313;55;16;25;4.534827428
3314;35;22;48;0.385784538
3315;33;20;48;1.725102558
3316;35;98;16;1.612055896
3317;28;30;41;1.21242756
3318;88;27;40;10.58399271
3319;24;31;41;2.4001266
3320;26;36;41;3.50667048
3321;73;81;52;7.378820472
3322;16;40;8;3.795501858
3323;72;53;36;1.941454108
3324;50;26;25;3.496271228
3325;43;29;34;2.841746349
3326;26;73;53;4.443533262
3327;85;32;36;10.10685759
3328;40;71;32;1.658135986
3329;16;15;44;1.325674793
3330;39;92;16;5.337095776
3331;100;39;51;3.893322244
3332;42;24;34;2.056069989
3333;43;98;49;2.881937243
3334;83;44;22;4.653124564
3335;72;56;36;2.476794808
3336;40;54;59;2.813496616
3337;48;56;39;5.062920813
3338;51;16;25;2.963675888
3339;53;75;3;3.33107502
3340;50;79;3;0.81266664
3341;44;63;39;3.389997153
3342;20;13;42;1.397803937
3343;33;97;16;1.782178816
3344;27;78;6;4.222098544
3345;13;27;24;1.620184529
3346;8;68;20;5.623405906
3347;104;64;13;2.624864498
3348;56;9;25;6.219709688
3349;33;43;8;3.966705798
3350;96;10;21;15.32907442
3351;6;68;20;5.591570206
3352;79;39;22;5.085711484
3353;89;45;51;6.373996324
3354;10;60;20;5.592802606
3355;54;41;50;2.960204765
3356;73;8;21;2.234452962
3357;109;73;13;4.841231738
3358;81;71;33;7.122696094
3359;135;34;65;6.760171787
3360;36;87;38;6.03719166
3361;29;68;43;3.202359599
3362;28;23;17;3.647481653
3363;35;57;39;5.320038753
3364;30;27;41;1.60435122
3365;70;62;55;2.104467286
3366;20;9;45;2.157892361
3367;24;30;17;2.361656633
3368;68;60;55;4.785786526
3369;128;40;64;4.127910922
3370;24;38;8;2.164717518
3371;43;73;32;3.629175586
3372;48;60;39;3.837449613
3373;56;70;31;3.92698104
3374;-4;32;10;3.962213052
3375;43;31;34;4.234864029
3376;48;16;25;1.793783288
3377;87;25;40;9.660039928
3378;151;56;64;14.7120755
3379;31;35;41;2.01538818
3380;42;23;34;1.443346869
3381;19;63;20;4.947606586
3382;58;68;35;3.210146393
3383;75;57;36;2.482485628
3384;81;29;40;9.468581308
3385;65;55;31;4.72159122
3386;4;53;20;4.878515866
3387;126;35;65;3.530693987
3388;65;32;47;2.871326552
3389;108;75;13;3.687746678
3390;65;54;5;3.379908304
3391;86;42;51;6.579702244
3392;31;56;4;5.859977455
3393;94;49;51;5.297413504
3394;73;62;33;3.131880634
3395;59;54;9;1.15969182
3396;8;76;20;5.369319646
3397;79;41;22;4.366864924
3398;62;58;31;2.0216163
3399;89;78;0;5.301203459
3400;45;69;32;1.203936526
3401;57;37;18;1.937926246
3402;36;31;41;4.7848806
3403;30;31;41;0.0134988
3404;81;42;22;5.377956304
3405;58;69;31;4.84382508
3406;70;77;52;4.617620172
3407;68;42;5;3.884755144
3408;76;58;36;1.689524308
3409;48;26;25;2.833990088
3410;152;-8;60;3.631775107
3411;39;67;39;3.144347733
3412;80;69;33;6.198411874
3413;61;54;9;1.95363834
3414;42;13;57;4.427314028
3415;68;14;40;3.650531368
3416;77;50;36;4.508881468
3417;14;82;6;4.182411124
3418;68;47;22;2.323349524
3419;25;59;4;4.342883575
3420;50;54;31;4.7467206
3421;37;101;16;3.361877956
3422;61;48;5;2.002009744
3423;30;77;43;4.665657479
3424;19;17;42;3.210916397
3425;65;66;35;0.990103733
3426;67;13;40;4.223038708
3427;40;23;34;2.277884349
3428;87;39;51;6.952281904
3429;58;81;52;2.232244572
3430;29;93;16;4.390568356
3431;129;54;64;8.632059142
3432;79;46;22;3.919983724
3433;72;79;55;7.034751406
3434;54;44;50;2.139436865
3435;81;19;21;5.820218202
3436;58;76;3;4.99513554
3437;145;3;60;11.57043073
3438;63;73;52;3.553054872
3439;98;54;51;8.008784644
3440;55;51;9;2.45714172
3441;27;17;42;3.661181537
3442;39;31;46;4.709084573
3443;91;70;0;3.885104279
3444;25;37;8;2.982562818
3445;113;70;13;3.652312718
3446;83;20;21;6.918222642
3447;41;41;58;2.087707049
3448;19;29;17;3.644157533
3449;87;26;40;10.07065587
3450;62;54;31;3.74495664
3451;50;82;3;2.02184478
3452;63;85;52;4.368229992
3453;4;56;20;5.371448626
3454;86;66;55;8.225191066
3455;36;48;2;2.030503394
3456;63;45;12;2.604527143
3457;48;33;50;4.662468845
3458;68;3;30;5.579244091
3459;62;49;9;2.84731962
3460;47;28;25;4.121811308
3461;49;57;31;3.67159998
3462;37;4;57;5.790779348
3463;71;73;55;4.246366426
3464;70;-11;14;2.749218612
3465;89;40;51;5.764021384
3466;49;67;32;3.647806486
3467;70;35;19;5.309420356
3468;73;40;22;2.994038104
3469;36;40;58;4.172772569
3470;26;54;4;2.198160415
3471;124;-18;61;6.801651959
3472;15;51;20;4.628853826
3473;80;42;22;4.240386064
3474;84;46;22;5.824400344
3475;150;54;64;14.27565368
3476;64;29;47;1.627631852
3477;65;59;35;3.210166193
3478;107;116;66;8.549841026
3479;56;57;31;1.88577456
3480;28;64;43;3.384360599
3481;73;64;55;0.024568186
3482;64;67;35;0.438371993
3483;132;6;61;6.738639479
3484;68;100;23;2.471238572
3485;43;28;34;3.014818989
3486;30;42;8;2.446000458
3487;33;63;37;1.79348748
3488;40;31;46;4.145406833
3489;19;52;20;4.732435606
3490;26;32;41;1.99549938
3491;114;-20;61;11.49938262
3492;13;-25;62;5.938554478
3493;75;29;47;5.852097452
3494;73;54;36;1.834556068
3495;32;93;16;3.134508256
3496;60;43;12;1.608339103
3497;126;-10;61;2.883853799
3498;79;31;22;7.721941684
3499;34;56;59;4.951851616
3500;69;56;36;3.492189388
3501;31;1;45;6.298903601
3502;52;35;18;3.034999306
3503;40;10;46;7.084217693
3504;93;48;51;5.981246164
3505;63;77;52;1.899819612
3506;21;9;45;2.322856421
3507;13;-37;62;6.956607838
3508;96;44;51;3.545656744
3509;44;7;57;6.870081548
3510;34;26;48;1.573951878
3511;91;61;27;3.485475498
3512;63;49;5;1.426125964
3513;66;82;52;4.723467132
3514;31;32;41;3.21135528
3515;71;54;36;1.933008208
3516;-21;116;20;13.25036345
3517;71;12;40;5.656501048
3518;45;83;38;1.28982282
3519;112;66;13;5.483766998
3520;109;82;66;4.108514426
3521;19;84;56;2.093827626
3522;82;57;36;5.053593748
3523;82;42;22;5.140728064
3524;70;2;21;5.770539522
3525;76;66;55;4.315387966
3526;87;33;51;9.252489964
3527;18;82;6;3.523000384
3528;14;30;24;3.229864949
3529;9;58;20;3.476874166
3530;72;57;36;2.812030288
3531;25;41;8;0.010671738
3532;96;20;51;9.914516224
3533;74;20;40;5.473686808
3534;71;3;21;4.434692442
3535;4;46;20;6.107143546
3536;44;43;50;3.825309185
3537;77;86;38;9.7960275
3538;79;67;33;5.254736134
3539;86;30;40;9.355970008
3540;68;38;12;4.448478703
3541;76;61;36;2.657314468
3542;75;46;29;2.43146928
3543;42;70;32;1.234153486
3544;79;59;36;3.215092588
3545;70;58;55;3.689996206
3546;14;24;17;4.193222693
3547;10;24;17;5.826296273
3548;27;74;53;3.908403942
3549;35;83;6;4.794907024
3550;49;76;7;2.053206732
3551;44;39;50;3.555416225
3552;159;55;64;15.98910866
3553;70;7;21;4.409248062
3554;70;16;40;3.620837128
3555;67;18;40;2.663737528
3556;46;71;32;1.194682186
3557;23;-25;62;4.388170138
3558;59;17;40;3.198037648
3559;35;90;16;4.755786796
3560;27;72;43;3.990300899
3561;82;43;22;4.798598824
3562;81;38;22;6.262644784
3563;79;20;21;5.392128282
3564;73;48;36;4.637369548
3565;73;-15;14;0.023862732
3566;90;9;40;14.09140029
3567;17;20;45;4.334959661
3568;18;74;6;1.265319544
3569;93;74;0;0.841364639
3570;96;54;51;8.020978444
3571;37;70;53;2.567206122
3572;134;54;64;10.58082422
3573;99;84;66;6.195277406
3574;13;-26;62;6.668473138
3575;7;58;20;4.289479966
3576;25;58;4;3.928278235
3577;103;46;51;4.130568244
3578;93;36;51;3.990507964
3579;81;24;40;7.365528388
3580;70;81;52;6.195864972
3581;84;57;36;4.433847868
3582;31;17;48;3.045352938
3583;43;38;58;4.015746269
3584;61;31;47;0.974446412
3585;79;21;21;5.808520782
3586;116;-19;63;6.473721776
3587;32;57;59;5.276371756
3588;93;23;51;9.872409184
3589;73;69;33;3.402907174
3590;38;21;46;1.958784053
3591;89;41;51;4.813025044
3592;9;73;20;4.722960466
3593;42;17;34;3.214177149
3594;95;24;51;9.517611064
3595;61;32;47;1.344010592
3596;9;50;20;3.514741126
3597;52;69;3;3.7013613
3598;50;20;34;3.629985069
3599;78;35;22;6.103307764
3600;69;21;40;4.843597288
3601;69;33;47;4.912049072
3602;54;73;3;2.91607968
3603;78;60;36;4.054262548
3604;57;73;3;4.09852608
3605;95;83;0;5.698829279
3606;70;57;36;3.670803328
3607;83;38;22;7.709282644
3608;83;29;40;10.26886305
3609;134;6;61;7.525392659
3610;88;36;51;7.407456364
3611;8;42;20;5.465997646
3612;52;37;18;3.917443786
3613;5;76;20;4.148060266
3614;48;-2;25;9.424957088
3615;85;65;0;6.725643239
3616;19;89;56;0.116121066
3617;128;41;64;3.733925842
3618;47;66;39;2.614972593
3619;88;35;51;6.982252024
3620;85;52;29;6.1625202
3621;27;15;42;2.957111657
3622;16;82;6;4.272869704
3623;47;-2;25;9.801893408
3624;76;54;36;0.040636768
3625;37;22;48;1.221173478
3626;56;52;9;3.84553518
3627;37;82;38;3.60997956
3628;57;80;52;2.554551792
3629;31;21;48;1.402627098
3630;34;97;16;1.657571356
3631;51;28;25;5.672446388
3632;31;96;16;0.872662576
3633;130;33;65;5.559773147
3634;44;19;25;2.128383668
3635;12;40;20;4.170604066
3636;35;95;16;2.668519576
3637;19;67;20;5.762471986
3638;36;56;59;4.197982396
3639;70;26;47;5.108660972
3640;108;62;13;4.926756578
3641;28;37;41;3.11108598
3642;79;18;21;4.936465842
3643;129;49;64;6.652818082
3644;116;84;66;5.795647346
3645;73;-21;14;2.358089352
3646;75;51;29;3.7509438
3647;21;-3;45;2.588878841
3648;13;71;6;3.515713084
3649;72;40;22;2.013559024
3650;55;23;54;4.447606317
3651;59;76;52;4.405903152
3652;73;3;21;4.805157462
3653;23;15;42;1.258858817
3654;46;65;39;2.065921113
3655;102;17;51;14.11930836
3656;66;13;40;3.144243208
3657;89;42;51;5.402729404
3658;68;93;23;5.189559632
3659;21;65;43;4.462188899
3660;13;58;20;4.344070726
3661;83;56;36;4.196854408
3662;56;98;49;2.461158383
3663;25;33;17;3.363126593
3664;95;60;27;0.063044598
3665;29;18;57;3.640357088
3666;62;12;40;4.058978128
3667;52;34;18;3.981903286
3668;71;53;36;2.086156048
3669;80;44;22;3.493936384
3670;21;41;8;1.568059338
3671;107;46;51;5.649625624
3672;64;44;5;2.358558004
3673;80;54;36;3.753537568
3674;109;44;26;0.111313954
3675;22;15;42;0.015092117
3676;34;51;59;5.939581336
3677;76;27;47;6.842545952
3678;49;17;25;2.302530968
3679;69;37;22;4.382872504
3680;63;58;31;2.43946446
3681;76;42;29;3.43586022
3682;75;22;21;5.708476122
3683;4;69;20;4.408980346
3684;25;52;4;3.752720575
3685;90;63;27;3.734074218
3686;106;50;26;6.697798174
3687;143;1;61;10.70953728
3688;52;75;7;3.598238592
3689;41;56;39;3.524433753
3690;51;60;31;4.09958214
3691;27;63;43;2.823610019
3692;23;-3;45;3.380943521
3693;108;76;13;4.092920678
3694;126;41;64;4.480023382
3695;51;84;7;2.893787952
3696;99;73;0;2.669969039
3697;31;16;48;3.438793458
3698;-21;112;20;14.82495185
3699;52;43;50;1.452751505
3700;59;78;52;0.037730292
3701;19;79;56;4.006820826
3702;24;32;41;3.2519346
3703;93;52;51;6.882220024
3704;21;82;6;4.731381184
3705;52;52;9;6.21197088
3706;52;44;50;1.280432045
3707;125;-10;61;3.283375439
3708;95;28;51;8.061344944
3709;141;3;60;9.917011687
3710;37;92;16;5.032891996
3711;41;29;46;2.399494853
3712;64;50;5;1.635392284
3713;73;41;29;3.24530052
3714;23;39;8;1.602809298
3715;37;19;48;2.426158518
3716;73;31;47;5.616406052
3717;77;14;21;3.238600842
3718;64;18;40;0.864179848
3719;73;73;55;3.453805726
3720;137;41;64;0.090678382
3721;141;1;60;10.66002463
3722;66;16;40;1.986119968
3723;79;25;40;6.652057468
3724;31;31;41;3.55348962
3725;35;84;6;5.210662744
3726;24;52;4;3.590095615
3727;76;49;29;3.16379412
3728;93;53;51;7.337781544
3729;17;27;24;0.028833449
3730;56;101;49;3.706366823
3731;64;76;52;2.482113192
3732;27;33;41;3.6640878
3733;63;37;19;2.650116436
3734;83;61;36;5.069989108
3735;125;33;65;2.846445047
3736;66;32;11;2.992238048
3737;96;25;51;7.754375344
3738;26;47;4;0.763247635
3739;58;74;3;5.13408252
3740;79;64;55;4.952300806
3741;73;50;29;3.00583722
3742;47;60;39;3.443984853
3743;36;21;48;2.574081198
3744;54;69;3;4.4948109
3745;25;21;17;4.421233133
3746;142;34;65;9.697347587
3747;89;77;0;5.248967519
3748;89;52;27;6.432704298
3749;68;101;23;2.053527992
3750;20;-33;62;4.631213518
3751;103;48;26;4.162700794
3752;5;58;20;5.025370246
3753;22;33;17;4.578409493
3754;71;47;29;1.03396548
3755;38;45;58;1.642430369
3756;109;83;66;3.687649346
3757;69;8;21;3.835854282
3758;45;17;25;2.000672228
3759;69;27;40;4.805811088
3760;69;46;22;1.595601184
3761;45;80;38;0.0033747
3762;95;26;51;8.656201084
3763;77;17;21;4.200561822
3764;30;20;48;2.011783518
3765;39;81;38;3.1983654
3766;76;50;36;4.178811448
3767;84;43;51;10.42428222
3768;99;35;51;4.347837124
3769;42;11;57;4.504799288
3770;41;24;46;0.405451253
3771;49;37;50;4.022227025
3772;88;19;21;8.513311302
3773;83;57;36;4.251735628
3774;40;21;34;3.093076689
3775;64;30;47;1.861765592
3776;139;1;60;11.47432723
3777;66;5;30;5.542223611
3778;9;43;20;5.687139766
3779;33;74;53;1.175375262
3780;34;14;57;0.030559208
3781;33;37;41;4.27293138
3782;58;44;12;2.025655003
3783;32;31;48;3.929348778
3784;60;82;52;2.093078292
3785;110;64;13;5.795369798
3786;25;1;45;3.841745921
3787;49;19;25;2.006749328
3788;87;77;0;4.499291639
3789;69;52;36;3.487523188
3790;90;67;0;3.172265759
3791;21;34;8;4.225414938
3792;49;58;31;3.54557814
3793;68;37;19;4.549413136
3794;5;57;20;5.210374666
3795;40;25;46;2.532420353
3796;57;75;3;4.42353144
3797;103;43;51;2.928360184
3798;68;49;29;2.18179566
3799;51;69;32;3.626475766
3800;38;41;58;3.230294009
3801;116;77;66;8.653479866
3802;36;98;16;2.059116016
3803;95;47;51;3.535398964
3804;107;115;66;8.964731126
3805;38;81;38;3.01628628
3806;85;57;36;6.194860108
3807;117;-18;63;5.915195576
3808;44;87;38;3.7751577
3809;67;63;35;2.384471693
3810;54;42;50;2.733642245
3811;4;55;20;4.971767146
3812;81;49;29;3.41618058
3813;46;48;1;0.405636664
3814;117;87;66;4.445114486
3815;133;52;64;9.416593222
3816;6;-26;62;9.410570098
3817;129;46;64;6.786530002
3818;69;18;40;4.549498288
3819;71;81;52;6.584737692
3820;33;60;37;2.99973414
3821;48;19;25;0.615790388
3822;37;41;58;3.641345729
3823;86;35;51;9.073763104
3824;61;47;5;2.218591564
3825;72;58;55;2.878612186
3826;47;56;39;4.923070533
3827;13;82;6;5.181304504
3828;105;48;26;4.979626594
3829;7;57;20;4.441127026
3830;14;36;20;6.609325126
3831;69;31;47;4.041836312
3832;87;29;51;10.06123428
3833;14;44;20;4.589903806
3834;73;29;47;5.086317212
3835;62;60;31;3.41549268
3836;46;86;38;2.58453288
3837;17;21;45;3.942010601
3838;104;56;27;5.012230638
3839;65;42;5;2.592999424
3840;26;80;6;3.287636284
3841;5;30;10;3.748192212
3842;45;43;50;3.445473845
3843;110;62;13;5.750073218
3844;67;22;40;2.106445348
3845;64;39;19;1.721314336
3846;26;97;16;4.607025256
3847;44;23;34;0.025700949
3848;75;56;36;1.228635808
3849;118;-10;61;6.137528879
3850;32;102;16;6.673677016
3851;62;59;31;2.43653946
3852;58;65;31;4.14022176
3853;60;59;31;2.22830406
3854;126;-3;61;0.067493999
3855;77;49;29;2.85680262
3856;46;83;38;1.39424196
3857;16;-28;62;6.974391838
3858;31;15;48;3.836110878
3859;24;34;41;3.59864592
3860;123;35;65;3.389798927
3861;77;19;21;4.206218802
3862;62;78;52;1.284911832
3863;82;46;29;5.10855828
3864;20;37;8;3.552729378
3865;106;66;13;5.491740698
3866;86;52;29;6.50855112
3867;59;13;40;4.732747288
3868;15;34;24;3.543853589
3869;44;14;25;3.560314808
3870;81;55;36;3.745727668
3871;15;38;20;4.757742466
3872;57;92;38;7.96421148
3873;18;46;8;5.586519438
3874;50;33;18;4.114393546
3875;75;21;21;5.162851122
3876;13;89;56;2.610112146
3877;11;68;6;5.489484424
3878;12;50;20;4.722836986
3879;90;32;51;8.650681804
3880;61;81;52;2.658846252
3881;113;75;13;5.857384838
3882;63;101;23;0.105104432
3883;30;33;41;3.20603118
3884;81;57;36;2.931787048
3885;119;35;65;2.159212067
3886;36;44;2;3.533147534
3887;79;27;21;8.231172642
3888;14;-7;62;4.314326038
3889;105;51;26;6.131212654
3890;103;87;66;4.748872646
3891;37;50;59;1.670127376
3892;36;82;6;5.355187504
3893;26;44;4;2.097141775
3894;54;20;54;3.444386337
3895;40;73;53;3.430457142
3896;91;45;51;5.075257204
3897;11;42;20;4.234408246
3898;59;56;9;1.9512663
3899;110;-16;63;10.26952572
3900;65;87;52;5.988842772
3901;51;63;39;4.302055533
3902;91;75;0;1.987655459
3903;36;15;48;5.788391958
3904;35;94;16;3.076825396
3905;28;73;53;4.153525722
3906;76;34;22;5.537728204
3907;68;8;21;3.637695582
3908;126;4;61;6.561142199
3909;77;45;29;3.55856358
3910;21;26;17;0.588840473
3911;54;70;3;4.10919588
3912;82;21;21;6.981176982
3913;64;89;52;6.214124892
3914;14;18;45;6.371957081
3915;49;90;7;4.424546472
3916;124;-10;61;4.192835759
3917;23;18;42;3.782318357
3918;16;73;6;3.016441084
3919;80;36;22;6.523292944
3920;54;1;25;10.47756055
3921;71;57;36;3.818759308
3922;7;87;20;7.561770166
3923;71;20;40;5.012832568
3924;91;35;51;7.402047604
3925;58;51;9;0.43893588
3926;52;78;7;2.458799412
3927;72;65;33;1.609240054
3928;19;72;6;2.213401864
3929;5;68;20;5.211356206
3930;21;21;17;2.625816113
3931;75;7;21;3.266968902
3932;72;22;40;4.042864768
3933;108;73;13;4.452114278
3934;71;24;40;4.506307948
3935;75;23;21;6.123459882
3936;93;26;51;9.462046684
3937;77;3;21;5.787182082
3938;51;40;50;2.534200865
3939;58;75;3;4.69556562
3940;14;27;24;2.018706149
3941;80;68;33;5.830628074
3942;25;45;8;1.674442818
3943;120;32;65;0.066559487
3944;39;96;16;3.895931716
3945;29;14;57;2.041235468
3946;21;77;6;3.068288164
3947;47;84;7;2.011525332
3948;23;27;17;0.419069693
3949;75;48;29;1.65565998
3950;68;92;23;5.568873692
3951;59;20;40;2.073695548
3952;89;61;27;3.493640478
3953;103;81;66;5.986989986
3954;66;-8;30;0.525449311
3955;39;23;46;1.384996553
3956;77;48;29;2.42903556
3957;60;41;19;0.794734936
3958;14;50;20;5.154039046
3959;105;55;27;5.570069058
3960;33;45;4;4.535572195
3961;85;36;36;8.509806748
3962;50;13;25;3.510906548
3963;80;73;55;6.417878386
3964;6;27;24;4.360726169
3965;67;8;21;4.631806242
3966;99;42;51;0.013914244
3967;2;81;20;4.057024366
3968;54;24;54;4.223558397
3969;75;64;55;4.198109866
3970;78;84;38;9.41651778
3971;52;20;54;4.238732937
3972;73;38;22;3.806396164
3973;99;30;51;7.264718824
3974;42;31;34;4.628367369
3975;97;45;51;2.835825004
3976;48;43;50;2.215068845
3977;96;36;51;3.531392644
3978;4;48;20;5.230854706
3979;33;70;43;2.409470399
3980;15;76;6;0.815630884
3981;70;51;29;3.13411458
3982;59;67;35;2.437279973
3983;88;67;0;3.991959059
3984;64;66;35;1.402032113
3985;62;75;52;2.431699032
3986;93;43;51;4.121352604
3987;66;8;40;5.055873028
3988;54;54;9;5.54554932
3989;121;-25;61;11.01867804
3990;56;80;52;2.168894712
3991;76;68;33;5.067167794
3992;68;7;21;4.033895802
3993;72;20;40;4.839975148
3994;90;34;51;7.906745164
3995;42;68;39;1.549714293
3996;18;70;20;2.651522506
3997;141;34;65;10.11278261
3998;114;-11;61;9.612294119
3999;34;85;6;5.734825804
4000;75;8;21;3.044596002
4001;89;11;21;12.02819818
4002;27;65;43;3.628441799
4003;63;62;35;2.820918893
4004;70;-9;14;3.560646372
4005;73;67;33;2.732560474
4006;39;37;58;4.475581529
4007;42;47;2;1.382638214
4008;91;62;27;3.140847858
4009;49;44;50;0.033407825
4010;31;30;48;3.673475958
4011;115;83;66;5.243661986
4012;112;44;26;1.319309134
4013;78;15;21;3.210246642
4014;54;66;35;5.224995293
4015;49;70;32;2.445654586
4016;48;80;7;0.037730292
4017;16;32;24;3.167119589
4018;24;45;8;2.093012298
4019;37;31;46;5.474767733
4020;59;69;35;3.229951133
4021;75;61;33;3.813266974
4022;96;46;51;2.733813784
4023;84;24;40;8.315690308
4024;28;48;4;1.764861115
4025;43;66;39;3.202873293
4026;58;9;40;6.784414528
4027;24;27;17;0.851335673
4028;43;42;58;2.496970169
4029;27;66;43;1.658474519
4030;87;34;51;9.647087824
4031;49;42;50;0.839323625
4032;99;57;51;5.810120644
4033;36;60;39;4.399470513
4034;5;66;20;6.041744926
4035;83;32;22;9.308304544
4036;52;77;3;3.75606252
4037;63;16;40;6.515803708
4038;85;60;36;6.653684068
4039;44;65;39;2.633220213
4040;81;23;21;7.357603602
4041;36;69;53;1.735122582
4042;41;69;39;2.099827293
4043;79;22;21;6.190761702
4044;115;61;13;7.987084718
4045;17;76;6;0.045401944
4046;74;37;22;4.007803804
4047;35;28;48;3.342162138
4048;45;70;32;0.829167646
4049;87;38;51;7.367547604
4050;74;8;21;2.658869082
4051;47;33;50;5.095006145
4052;1;50;20;5.714948506
4053;93;31;51;5.993522644
4054;24;21;17;3.173311493
4055;5;50;20;4.026730066
4056;39;42;58;3.000171149
4057;52;84;7;3.182262612
4058;97;87;66;7.078731806
4059;29;42;8;2.076619098
4060;48;82;38;1.97842122
4061;51;79;3;1.22176254
4062;35;96;16;2.259611716
4063;57;45;12;2.822052643
4064;126;52;64;12.17151032
4065;153;-8;60;4.049976187
4066;24;50;4;4.373658595
4067;33;14;57;0.405334448
4068;36;46;59;3.477279436
4069;-21;114;20;14.02019111
4070;13;85;56;4.291989786
4071;103;57;27;4.431654978
4072;31;50;59;4.371263956
4073;33;3;45;6.252739961
4074;4;58;20;5.419223626
4075;112;-18;63;3.874613336
4076;35;39;58;4.709289809
4077;11;45;20;3.043695706
4078;30;71;43;2.148438299
4079;14;21;45;5.221768181
4080;27;35;41;2.8627026
4081;109;71;13;5.613477158
4082;74;35;22;4.800616384
4083;36;91;16;4.641504976
4084;73;43;29;1.88162124
4085;60;29;47;0.035873552
4086;51;35;18;3.435764566
4087;88;57;27;3.844077318
4088;18;75;6;0.885683464
4089;91;31;51;6.847121884
4090;34;29;48;3.099889278
4091;67;64;35;1.952905793
4092;61;88;52;4.863162312
4093;102;62;27;3.663470238
4094;33;21;48;0.596958858
4095;45;91;38;4.9359288
4096;12;-25;62;6.366081118
4097;13;31;24;3.197268449
4098;65;18;40;1.817480308
4099;37;87;38;5.62131666
4100;54;84;7;4.121204472
4101;103;95;66;4.046285666
4102;41;27;46;3.153954053
4103;42;12;57;4.125947348
4104;46;25;25;3.206223188
4105;45;48;1;0.013914244
4106;45;77;38;3.82056558
4107;7;50;20;4.062599746
4108;88;62;27;3.475176738
4109;90;16;40;13.71413271
4110;60;14;40;4.733872228
4111;39;41;58;2.819662709
4112;23;66;43;3.250179599
4113;-4;73;20;5.861167246
4114;45;41;50;2.620881785
4115;78;22;21;5.570605662
4116;48;65;39;3.198861033
4117;48;62;39;2.978311173
4118;105;107;66;9.488106506
4119;14;45;20;4.211585506
4120;56;33;18;4.865908006
4121;80;57;36;2.612547748
4122;47;32;50;5.194491125
4123;42;35;46;5.021968313
4124;95;33;51;5.072503024
4125;69;58;55;4.201465726
4126;37;55;59;2.045596276
4127;34;94;16;2.759179456
4128;37;11;57;3.000309728
4129;-16;113;20;12.43891037
4130;76;55;36;0.461396128
4131;-1;27;10;1.620540432
4132;70;15;40;4.045118248
4133;68;48;29;2.03414352
4134;76;45;29;2.97858456
4135;29;9;48;9.194121498
4136;46;35;18;5.447098066
4137;27;28;17;2.163296033
4138;49;85;7;2.185560012
4139;30;17;48;3.223969698
4140;69;24;40;3.689818288
4141;20;59;20;4.698322486
4142;28;53;4;4.507665475
4143;-4;33;10;4.354033872
4144;123;-25;61;11.78202294
4145;83;33;22;9.041497084
4146;132;12;61;8.072691599
4147;80;7;21;7.862284122
4148;31;51;59;4.757789356
4149;105;52;51;6.306930184
4150;45;18;25;1.611997448
4151;19;87;56;0.939695526
4152;9;51;20;3.071584726
4153;24;73;6;3.773374924
4154;41;32;46;3.585136913
4155;120;31;65;0.494328347
4156;63;56;9;3.53905614
4157;41;39;50;4.716667565
4158;32;30;48;3.517174878
4159;35;103;16;3.632579716
4160;48;3;25;11.34678643
4161;145;-6;60;1.623120727
4162;41;101;16;4.962124036
4163;130;31;65;6.341025767
4164;48;31;25;4.798047488
4165;66;29;47;2.281013852
4166;44;80;32;3.636822466
4167;120;-10;61;5.336130479
4168;42;64;39;0.049136373
4169;95;42;51;1.609126024
4170;120;83;66;7.279090646
4171;119;31;65;0.613576427
4172;68;39;19;3.306511756
4173;84;20;21;7.138032882
4174;81;21;21;6.606277962
4175;35;33;41;4.46449038
4176;67;58;55;4.971828106
4177;94;73;0;0.574265759
4178;29;59;4;6.320633935
4179;21;48;20;7.076710906
4180;73;-13;14;0.862049952
4181;41;95;16;4.861881136
4182;86;76;0;4.304050139
4183;44;71;32;0.024568186
4184;40;83;38;3.7694745
4185;42;59;39;1.943455953
4186;53;41;50;2.591698145
4187;25;54;4;2.634020215
4188;40;27;46;3.220267913
4189;106;83;66;4.842014246
4190;69;47;22;1.887449704
4191;31;92;16;2.584920076
4192;31;29;48;3.520485258
4193;68;24;40;3.269612008
4194;70;18;40;3.828555928
4195;6;58;20;4.653647146
4196;75;28;47;6.071290352
4197;85;25;40;8.864165488
4198;17;77;6;1.009071544
4199;46;63;39;2.043235773
4200;45;16;25;2.382706508
4201;73;53;36;2.162339248
4202;138;-2;61;9.847489739
4203;137;1;60;12.28162213
4204;9;32;24;6.020593829
4205;117;-15;63;7.079094536
4206;96;32;51;5.124738784
4207;24;71;20;4.565313226
4208;43;18;25;2.379595148
4209;128;67;64;13.49074214
4210;89;38;51;6.581680144
4211;69;15;40;3.393583408
4212;29;-3;45;5.563198181
4213;74;3;21;4.630911762
4214;15;48;20;5.801165446
4215;63;79;52;1.897410972
4216;98;31;51;6.700693744
4217;153;46;64;12.38059676
4218;99;43;51;1.238350864
4219;44;74;32;1.203065506
4220;38;56;59;3.917815936
4221;66;74;35;3.010750973
4222;54;85;7;4.521061332
4223;61;41;19;1.949698456
4224;93;9;40;15.36022017
4225;91;46;51;5.523012904
4226;61;101;23;0.974927312
4227;69;73;35;3.931900853
4228;45;66;39;2.607327813
4229;88;75;0;6.816621539
4230;54;49;9;2.76339438
4231;59;-3;30;5.205564631
4232;70;48;29;1.22641368
4233;83;37;22;7.505879404
4234;123;33;65;3.674902787
4235;66;44;5;1.568073064
4236;65;58;31;3.57729396
4237;17;41;8;3.242842698
4238;26;35;41;3.10020456
4239;50;16;25;2.756427728
4240;93;68;0;1.580018399
4241;31;27;48;3.129892038
4242;77;57;36;1.376670748
4243;89;63;27;4.136560158
4244;37;64;37;0.0033747
4245;75;44;22;1.516304164
4246;30;52;4;4.667959315
4247;59;1;30;6.817612231
4248;34;65;37;1.62385446
4249;41;75;53;6.571085502
4250;27;83;6;5.358054664
4251;45;13;25;3.565628468
4252;27;41;8;0.883983438
4253;3;40;28;2.316930244
4254;58;45;12;2.424866743
4255;41;26;46;3.465997073
4256;21;66;43;4.050292619
4257;62;94;52;7.743517872
4258;50;14;25;3.578541848
4259;73;-22;14;2.751816972
4260;48;2;25;11.01717865
4261;98;61;51;10.77749178
4262;74;40;22;2.796785704
4263;56;67;35;3.580627493
4264;48;39;50;2.272621325
4265;147;-8;60;1.679953327
4266;46;66;39;2.440400853
4267;94;46;51;4.259362804
4268;65;-8;30;0.124498531
4269;64;75;52;3.237191712
4270;39;35;58;5.315203469
4271;20;18;42;2.632952537
4272;100;33;51;6.928608664
4273;73;-3;14;4.801259352
4274;49;24;25;2.325281888
4275;102;74;0;4.325542259
4276;40;90;38;6.0184512
4277;31;55;59;6.238366696
4278;32;84;6;4.618536244
4279;87;32;51;9.681332524
4280;-1;28;10;1.216173972
4281;64;12;40;3.285383848
4282;1;46;20;7.223923066
4283;71;13;40;6.026920528
4284;19;30;17;3.246157133
4285;37;100;16;3.031527376
4286;18;-39;62;5.614880038
4287;52;27;25;6.232738808
4288;12;-26;62;6.765990178
4289;62;9;40;5.284686628
4290;27;71;43;4.397025179
4291;79;68;33;5.636566714
4292;63;84;52;4.008020532
4293;86;56;29;8.03341272
4294;53;14;25;4.746086108
4295;101;10;21;17.19765526
4296;6;-32;62;11.84558622
4297;133;30;65;6.037575347
4298;151;59;64;15.8430236
4299;36;35;41;6.12923718
4300;35;32;41;4.62742788
4301;48;75;7;1.993841052
4302;79;66;55;5.495233846
4303;47;97;49;4.677432623
4304;52;9;25;5.768874908
4305;69;59;55;3.712267426
4306;73;26;40;5.631450088
4307;36;92;16;4.282104496
4308;5;71;20;4.547753086
4309;45;68;32;2.211603106
4310;99;45;51;2.020200244
4311;15;85;56;5.110966146
4312;138;6;61;9.123921179
4313;20;71;6;2.953645204
4314;79;10;21;7.752862242
4315;26;60;4;4.559991235
4316;32;34;41;3.36057012
4317;100;52;51;4.248519424
4318;34;64;37;1.2105555
4319;61;82;52;2.487653772
4320;78;53;29;4.61506722
4321;65;14;40;2.708035828
4322;33;42;8;3.558828138
4323;5;74;20;3.315160306
4324;45;63;39;2.214858753
4325;22;31;17;1.651206713
4326;77;35;22;5.672650024
4327;26;56;4;2.976422095
4328;21;64;43;4.827964199
4329;64;36;19;2.764493476
4330;25;26;17;2.424960293
4331;51;59;31;3.73291038
4332;78;33;22;6.526606984
4333;33;73;53;0.794882622
4334;90;58;27;6.501217098
4335;19;48;20;6.303513466
4336;89;47;51;5.824171264
4337;101;107;66;11.16161097
4338;34;73;53;1.199089902
4339;100;60;27;2.044165518
4340;9;87;20;8.164180546
4341;90;53;27;6.409116738
4342;23;41;8;0.782230098
4343;109;-19;63;4.083750536
4344;72;59;55;3.037901086
4345;65;92;23;6.889607672
4346;101;51;51;4.831343584
4347;93;79;0;2.765490179
4348;20;40;8;2.964754098
4349;80;13;21;6.961786482
4350;61;85;52;3.727458972
4351;111;-22;63;2.110917296
4352;117;-19;63;6.891199976
4353;120;36;65;1.646347967
4354;43;57;39;2.870125353
4355;41;54;59;3.210169696
4356;55;48;9;3.36653352
4357;16;44;20;4.899529366
4358;99;46;51;3.882596044
4359;31;66;43;0.043871099
4360;88;26;40;10.21779777
4361;11;85;56;6.792640626
4362;57;66;35;4.022870213
4363;9;46;20;4.964733106
4364;100;90;66;3.262271966
4365;34;36;41;3.66457242
4366;22;26;17;0.402679373
4367;90;46;51;5.744384764
4368;15;67;20;4.459269466
4369;92;64;27;4.954848738
4370;84;19;21;6.960080142
4371;61;44;12;1.617664303
4372;15;52;20;4.235757346
4373;53;21;54;2.855957037
4374;97;88;66;7.470299366
4375;82;32;22;8.911068304
4376;29;44;8;2.885283978
4377;96;33;51;4.782454624
4378;49;21;25;1.213165628
4379;36;1;45;6.710536661
4380;71;84;38;10.5774567
4381;32;49;59;3.807047596
4382;52;86;3;4.37707872
4383;96;64;27;4.975045038
4384;98;42;51;0.427072324
4385;117;-16;63;7.478344376
4386;34;63;37;2.19647514
4387;52;73;3;2.13236454
4388;19;37;8;3.945409638
4389;43;44;58;1.618549889
4390;80;26;40;12.99573633
4391;107;84;66;5.457033386
4392;97;32;51;6.143342284
4393;43;9;57;5.865045488
4394;29;74;53;2.778703302
4395;42;53;59;3.763088296
4396;89;18;21;9.138997602
4397;61;91;52;5.995948872
4398;62;50;5;2.461156324
4399;137;0;60;12.68380603
4400;71;75;55;5.035145386
4401;41;13;57;4.059627488
4402;69;89;52;8.126412432
4403;81;48;29;3.252486
4404;42;25;34;2.282683449
4405;26;45;4;1.517746315
4406;127;67;64;13.87125122
4407;44;97;49;3.428814323
4408;26;21;17;3.935505713
4409;53;46;9;4.26217956
4410;5;31;10;4.151452572
4411;107;79;66;5.532128246
4412;82;23;21;7.781651082
4413;15;68;20;4.599542086
4414;24;43;8;2.862357018
4415;27;32;41;2.14142736
4416;25;19;42;4.162634777
4417;59;25;40;4.043529988
4418;115;86;66;4.064385866
4419;73;-11;14;1.555801512
4420;63;32;47;3.649910552
4421;49;13;25;3.106294688
4422;78;30;22;7.698763804
4423;23;82;6;5.427114604
4424;56;17;40;4.460335228
4425;61;51;9;1.55218338
4426;51;88;7;4.421495652
4427;102;60;27;2.881715358
4428;23;69;43;4.404250859
4429;38;19;48;2.624103078
4430;77;25;40;6.695659288
4431;60;65;35;3.641609453
4432;13;60;20;5.183648206
4433;66;43;5;2.034024124
4434;27;44;8;2.106683658
4435;74;29;47;5.516173112
4436;51;92;7;6.065812212
4437;39;15;48;4.793533758
4438;55;33;18;4.443958126
4439;41;100;16;5.383818496
4440;129;40;64;4.319850322
4441;0;27;10;2.019223992
4442;23;24;17;2.165419133
4443;78;43;22;3.685573744
4444;77;88;38;10.56062574
4445;56;91;38;7.42840326
4446;97;67;0;5.935179899
4447;16;34;24;3.137306069
4448;28;76;53;3.739527282
4449;82;37;22;7.108593424
4450;28;31;41;0.82413558
4451;32;28;48;2.937210438
4452;40;91;38;6.30135246
4453;59;51;9;0.0101241
4454;105;57;27;5.565388218
4455;129;2;61;4.105012739
4456;98;23;51;11.8103382
4457;85;37;36;8.113445488
4458;13;15;44;0.145151333
4459;63;83;52;3.586484532
4460;40;93;16;5.428169896
4461;123;38;65;4.196614967
4462;102;55;27;4.853360058
4463;40;28;46;3.742746113
4464;27;86;6;6.493951324
4465;71;65;55;1.827653866
4466;82;22;21;7.363821822
4467;126;-14;61;4.388469239
4468;40;96;16;4.300912276
4469;26;23;17;3.102850313
4470;129;-25;61;14.18330058
4471;99;39;51;1.150791364
4472;37;52;59;0.803117056
4473;149;-10;60;1.708668067
4474;33;68;43;1.628278499
4475;107;70;13;1.213099538
4476;27;24;17;3.091771193
4477;47;87;38;3.40887084
4478;29;65;43;3.913784759
4479;56;56;31;2.33267178
4480;106;97;66;4.179236906
4481;62;62;35;3.221484953
4482;38;55;59;2.187162736
4483;117;-13;61;7.809147959
4484;59;82;52;1.690869072
4485;15;42;20;5.014495006
4486;60;58;31;2.57895486
4487;59;9;40;6.357884548
4488;123;-13;61;7.647286079
4489;36;75;38;5.40594462
4490;5;36;10;6.088178232
4491;125;29;65;3.178616807
4492;71;2;21;6.152533902
4493;53;40;50;2.984433785
4494;62;66;35;1.646502473
4495;70;44;22;0.398040004
4496;17;78;6;1.431914464
4497;92;24;51;10.441482
4498;133;29;65;6.408893627
4499;77;13;21;5.756394282
4500;59;65;35;3.223475333
4501;80;70;33;7.147107754
4502;89;91;0;8.702771219
4503;19;39;8;3.158935458
4504;23;-7;62;2.403379738
4505;32;44;8;4.514187438
4506;41;21;34;3.507031509
4507;3;35;28;0.163246204
4508;10;78;6;4.326540964
4509;40;26;46;3.093953933
4510;73;68;33;2.986249114
4511;25;12;42;6.419988137
4512;75;42;29;3.10452252
4513;65;11;40;3.733410208
4514;88;91;0;9.099413699
4515;46;91;38;4.52372736
4516;61;33;47;1.736098112
4517;68;35;19;4.544039176
4518;90;91;0;9.111938699
4519;67;25;40;3.282488368
4520;78;82;38;9.39317208
4521;58;26;40;4.578271588
4522;76;14;21;2.836048722
4523;89;39;51;6.150367504
4524;62;67;35;1.240327613
4525;103;17;51;14.51434866
4526;-16;117;20;10.86581087
4527;97;85;66;7.879502066
