;ID_NODO;COORDENADA_X;COORDENADA_Y;CENTRO_CERCANO;TIEMPO_CERCANO
0;0;43;67;32;2.119048906
1;3;72;14;21;3.831485562
2;5;102;64;13;3.393416498
3;6;43;78;32;3.350034466
4;16;67;72;35;4.143701753
5;18;7;30;10;2.997054852
6;19;40;55;59;1.741202056
7;20;77;37;22;6.069786484
8;21;34;72;53;3.946582422
9;22;47;18;25;0.872962868
10;34;7;54;20;2.714906086
11;38;49;16;25;2.057362688
12;41;7;67;20;5.482726786
13;46;40;52;59;0.453970396
14;48;49;88;38;5.02817142
15;58;96;42;51;1.275436444
16;63;26;37;41;4.14566652
17;65;41;46;58;0.028833449
18;68;43;46;58;0.892829249
19;85;43;79;32;3.768949366
20;90;63;72;35;5.827971053
21;96;44;18;25;2.158216868
22;98;72;68;35;4.584413453
23;107;39;76;39;6.665702253
24;109;59;16;40;4.647879148
25;110;35;23;48;2.544200298
26;116;64;54;5;3.384801244
27;118;39;47;58;0.977836469
28;119;48;30;25;4.635816908
29;120;49;51;9;4.26151206
30;122;39;28;46;3.574858613
31;125;103;47;51;4.580285164
32;130;38;28;46;3.997840613
33;134;53;86;7;4.107618612
34;138;48;51;1;4.014454504
35;139;49;65;39;3.782142753
36;143;56;66;31;5.21750946
37;144;64;42;12;1.299158323
38;146;48;52;59;3.771229156
39;147;26;34;41;2.88487776
40;150;64;68;35;3.717037733
41;156;49;72;3;4.00252554
42;159;43;93;38;6.30164526
43;160;53;68;32;5.645125126
44;161;38;17;57;4.637943728
45;162;26;43;8;5.585921838
46;165;83;42;29;6.86635626
47;176;72;24;40;5.006065708
48;179;90;70;0;2.090573039
49;180;7;60;20;5.826738226
50;181;54;76;7;4.170116232
51;184;37;56;59;2.582076796
52;191;68;23;40;3.026082268
53;192;53;71;52;5.485430712
54;196;29;50;4;3.080702755
55;197;18;60;20;3.650066326
56;199;77;24;21;6.451714602
57;202;28;45;4;2.489432035
58;204;68;98;23;3.494814632
59;207;71;72;55;4.191237466
60;208;18;64;20;1.926589006
61;209;77;39;29;5.4252513
62;210;2;30;10;0.897845712
63;212;68;18;40;2.584537108
64;213;38;30;46;4.143527273
65;216;41;35;50;7.509779825
66;217;35;55;59;3.499512556
67;218;91;50;51;6.659678044
68;222;66;35;19;4.322764036
69;223;71;66;33;4.171601254
70;229;19;50;8;6.439154778
71;230;39;71;39;4.534684773
72;234;74;16;21;5.014091502
73;235;57;23;25;5.396136008
74;238;48;23;34;1.690010109
75;240;41;60;39;2.710167813
76;241;65;70;35;1.242054833
77;242;28;44;4;2.904520255
78;247;51;41;50;2.137667465
79;249;72;43;29;2.5103661
80;250;8;39;20;6.825881446
81;253;94;51;51;6.932465344
82;255;43;30;34;4.784850129
83;257;79;35;22;6.876534364
84;258;34;44;8;4.987516578
85;264;51;49;1;2.982256804
86;267;77;36;22;6.418741864
87;268;29;47;4;2.124717235
88;269;85;61;36;6.150644788
89;270;19;69;20;4.090664206
90;271;54;56;9;6.75566772
91;275;19;66;20;2.853821086
92;276;41;66;39;4.382855853
93;288;81;14;40;10.82931045
94;294;73;45;29;2.71601658
95;297;67;68;35;2.447063753
96;300;40;29;46;4.417408553
97;303;64;49;5;1.855004404
98;305;34;88;16;6.703356796
99;306;80;63;36;4.946537608
100;314;46;58;39;4.316895093
101;324;43;87;38;3.78985992
102;325;66;41;5;3.533534404
103;329;90;48;51;7.613601124
104;331;73;61;31;5.46329052
105;332;49;43;58;6.051709889
106;337;34;43;8;4.578579498
107;340;67;71;35;3.722282273
108;343;40;20;46;1.686536273
109;349;27;84;6;6.142096264
110;353;47;30;25;4.215769328
111;354;71;50;5;4.367720284
112;355;26;22;17;3.500299733
113;356;47;34;50;5.362185605
114;357;56;20;25;5.457428348
115;360;48;29;34;4.136473929
116;362;49;60;39;3.950267613
117;369;46;79;32;3.977472946
118;374;64;60;35;4.733124173
119;379;46;33;50;5.973996785
120;380;67;47;5;4.469151004
121;393;47;62;39;2.751304533
122;398;59;43;50;4.425313025
123;404;47;80;32;4.566610066
124;412;35;20;48;2.694476838
125;413;79;49;29;5.11718958
126;414;92;46;51;5.454784864
127;424;48;1;25;8.395676468
128;426;35;43;8;5.005897578
129;428;93;49;51;5.995095784
130;435;68;61;31;5.80336278
131;438;23;58;4;4.577120035
132;439;81;52;36;5.188560448
133;442;36;84;6;5.039861104
134;450;69;51;22;3.648238864
135;465;40;45;58;0.875267729
136;471;43;70;32;0.860984566
137;478;66;45;5;3.536517244
138;479;55;43;9;5.6436342
139;500;79;45;29;6.77289552
140;506;59;72;35;4.604676353
141;507;86;41;51;6.389679364
142;510;44;48;1;3.602268124
143;522;66;4;30;5.659173091
144;527;63;14;40;3.493035928
145;529;63;2;40;8.517057448
146;535;55;56;9;6.33044382
147;541;60;42;12;0.446358043
148;546;73;11;40;6.887262268
149;548;64;27;11;0.060368468
150;551;36;42;2;4.626298514
151;552;86;63;36;6.014454808
152;556;70;63;55;5.796997786
153;559;27;70;53;4.367903502
154;562;86;25;21;10.33062844
155;564;36;43;2;4.191774674
156;567;66;56;9;5.01863436
157;571;70;12;21;3.893497782
158;576;66;72;35;4.983011033
159;579;90;31;51;10.31812932
160;581;80;67;55;6.722288866
161;589;64;52;5;2.540572924
162;590;70;46;5;4.683432124
163;594;75;52;29;4.79804874
164;601;25;23;17;2.922070793
165;606;50;29;34;4.950072189
166;608;36;61;39;4.598451993
167;615;26;39;4;4.224179995
168;617;84;26;40;9.820697248
169;618;48;11;25;4.194671468
170;623;70;30;47;4.339059632
171;627;74;46;29;4.60839828
172;628;31;49;4;2.071360915
173;629;80;61;36;4.435374028
174;631;40;58;59;2.981429896
175;632;61;42;12;0.021608623
176;636;66;60;35;5.571895913
177;637;126;43;65;5.805447767
178;639;33;30;48;5.208791958
179;640;44;35;50;6.284429825
180;644;40;49;2;0.012167654
181;651;31;48;4;2.476516255
182;653;60;72;35;5.020954553
183;654;41;15;54;4.547292297
184;656;73;18;21;6.493042062
185;658;73;27;11;3.960641588
186;659;61;35;47;2.717895812
187;662;80;65;55;6.517194346
188;666;64;1;40;9.095514448
189;670;62;38;19;2.135426476
190;672;25;57;4;3.619055695
191;673;17;30;24;3.734097209
192;677;62;45;19;5.193827956
193;681;94;47;51;4.990322104
194;682;51;72;3;4.83089934
195;686;75;36;22;4.771635784
196;687;74;64;33;4.313197414
197;688;70;4;21;5.233519782
198;693;70;9;21;2.609793342
199;695;75;38;22;3.960083044
200;710;41;23;34;4.587109989
201;714;56;22;25;4.620470528
202;715;64;72;35;6.249979613
203;719;103;64;13;2.970924158
204;721;33;57;37;4.43393658
205;722;39;94;16;4.748803396
206;724;81;47;29;4.65263496
207;725;66;14;40;4.743235648
208;727;50;17;54;0.041054997
209;728;70;25;11;5.683555388
210;730;40;66;39;4.209294633
211;739;40;69;39;2.928843273
212;748;56;64;31;4.36955424
213;749;64;62;55;4.699106326
214;757;50;22;25;3.796932248
215;761;126;33;65;5.869189847
216;786;93;47;51;5.957682244
217;789;28;35;41;3.3980442
218;806;148;-13;60;2.672266447
219;813;30;39;8;4.577158758
220;815;68;4;21;5.479308642
221;817;104;65;13;4.321231058
222;818;56;43;50;3.149794325
223;823;54;79;52;3.370633032
224;836;131;8;61;5.502059279
225;844;94;37;51;3.586432684
226;845;90;26;11;9.504997748
227;848;109;84;66;2.278587926
228;849;39;79;3;5.50070352
229;860;81;13;40;11.24489061
230;869;33;36;41;5.05047714
231;877;84;28;40;9.002012848
232;896;38;71;39;4.111596873
233;908;106;90;66;1.484859686
234;922;89;83;0;6.060427739
235;927;89;84;0;6.308213759
236;931;89;60;27;3.370327998
237;932;123;39;65;3.718072967
238;939;50;59;31;2.84482728
239;945;70;-8;30;2.222439631
240;947;68;79;52;6.804040032
241;951;50;98;49;0.070949003
242;963;97;53;51;7.988366224
243;1016;138;-4;60;6.097791427
244;1046;81;30;40;7.540544368
245;1050;89;27;11;9.144042728
246;1111;126;10;61;4.132769639
247;1125;38;83;38;3.7676232
248;1132;40;88;38;5.4479211
249;1149;47;81;32;4.987254346
250;1195;98;30;65;8.328852167
251;1200;138;-22;60;10.56524533
252;1201;67;35;11;4.717045088
253;1208;57;59;31;1.02632082
254;1239;132;30;65;4.192819007
255;1246;126;2;61;2.123416559
256;1247;79;60;36;3.850514368
257;1314;109;90;66;0.728621786
258;1325;109;91;66;0.487250846
259;1367;41;17;54;3.708150297
260;1378;90;13;40;13.52495673
261;1383;50;74;32;4.596967246
262;1386;130;49;64;5.616699082
263;1428;27;77;53;4.067264622
264;1429;126;-13;61;4.204911539
265;1448;50;88;38;5.44667658
266;1470;67;60;36;6.862752988
267;1476;115;68;13;5.480043218
268;1478;94;57;51;8.648291344
269;1507;28;39;41;4.40792862
270;1520;90;30;51;10.1451282
271;1539;42;63;39;3.827117253
272;1549;123;31;65;1.743757007
273;1562;38;96;16;3.825386956
274;1575;153;49;64;11.48772068
275;1582;57;70;31;3.66571734
276;1609;132;48;64;5.045201662
277;1610;50;77;32;5.378755846
278;1613;107;30;65;6.042956267
279;1678;123;30;65;2.002428287
280;1684;103;90;66;2.247978806
281;1688;42;82;38;2.10690282
282;1702;71;27;11;4.767557648
283;1718;84;39;51;8.086758064
284;1776;94;28;51;7.947994684
285;1822;73;57;31;3.76358172
286;1859;84;47;29;6.72189492
287;1866;115;91;66;2.047295906
288;1875;107;90;66;1.728794486
289;1883;28;75;53;3.513506142
290;1946;42;43;58;3.185709689
291;1959;28;81;6;3.458491744
292;1999;58;57;35;6.885294533
293;2001;82;28;40;8.502132808
294;2004;107;112;66;7.237306826
295;2013;107;110;66;7.739443946
296;2059;68;28;40;5.056961188
297;2086;112;68;13;6.233681198
298;2092;67;82;52;5.117978352
299;2100;87;50;36;5.645727988
300;2101;87;54;36;5.134410568
301;2102;84;58;36;4.534155028
302;2103;84;63;36;5.177395828
303;2104;84;68;36;5.806487548
304;2105;78;70;36;6.586102528
305;2106;76;75;36;7.264412668
306;2107;75;80;38;7.20281958
307;2108;71;83;38;6.59376972
308;2109;66;85;38;5.91002052
309;2110;61;84;38;5.27747094
310;2111;56;84;38;4.64560488
311;2112;52;87;38;4.01090976
312;2113;47;86;38;3.38706504
313;2114;43;85;38;2.96070324
314;2115;39;83;38;3.51992832
315;2116;33;84;6;3.821543284
316;2117;29;81;6;3.212359504
317;2118;24;80;6;2.577970804
318;2119;21;76;6;1.956592804
319;2120;17;73;6;1.312347484
320;2121;18;67;20;0.643479766
321;2122;15;63;20;0.039355426
322;2123;15;58;20;0.689393086
323;2124;10;54;20;1.487670886
324;2125;10;50;20;1.979193466
325;2126;12;45;20;2.678480206
326;2127;13;40;20;3.308191906
327;2128;17;37;20;3.928844806
328;2129;19;32;45;4.371831821
329;2130;19;28;45;3.880899941
330;2131;21;22;45;3.083586521
331;2132;24;19;45;3.596241101
332;2133;29;17;45;4.259527241
333;2134;34;17;57;3.987495848
334;2135;38;14;57;3.362033888
335;2136;43;14;57;3.992229848
336;2137;47;11;25;3.777384908
337;2138;52;13;25;4.456373648
338;2139;56;13;25;4.955280848
339;2140;61;13;40;4.619819668
340;2141;66;15;40;3.938537788
341;2142;71;16;40;4.571835148
342;2143;74;19;40;5.117581528
343;2144;78;23;40;5.834568088
344;2145;79;28;40;6.467464288
345;2146;81;32;40;7.042906408
346;2147;87;35;36;7.751753968
347;2148;85;40;36;7.056528688
348;2149;88;45;36;6.302132188
349;2150;18;-31;62;2.729099278
350;2151;20;-20;62;1.375518178
351;2152;20;-10;62;0.111006598
352;2153;20;1;45;0.125998841
353;2154;20;11;45;1.380299201
354;2155;19;22;45;2.825108081
355;2156;17;32;45;4.173759641
356;2157;15;43;20;3.434251606
357;2158;13;53;20;2.156811766
358;2159;9;63;20;0.794941186
359;2160;6;73;20;2.142594886
360;2161;2;83;20;3.478955566
361;2162;-3;92;20;4.764344446
362;2163;-8;101;20;6.001547926
363;2164;-13;110;20;7.308442846
364;2165;23;77;6;4.038550804
365;2166;77;21;21;5.250656022
366;2167;24;22;17;2.926440053
367;2168;66;12;40;3.753041788
368;2169;25;24;17;2.503932593
369;2170;104;62;13;3.374134418
370;2171;66;38;19;3.032849656
371;2172;29;88;16;6.544252336
372;2173;71;71;55;3.777309586
373;2174;40;48;2;0.450665294
374;2175;80;60;36;6.187890628
375;2176;78;36;22;5.995652524
376;2177;72;61;55;4.218092746
377;2178;50;84;7;2.503021512
378;2179;65;38;12;3.388287703
379;2180;64;48;5;0.831751084
380;2181;59;14;40;5.449196968
381;2182;90;35;51;8.004762964
382;2183;17;31;17;3.812051453
383;2184;43;74;32;1.668476506
384;2185;89;53;27;6.335561298
385;2186;27;19;42;4.647874217
386;2187;50;78;3;0.42648876
387;2188;101;53;51;6.302721124
388;2189;54;60;31;5.47320246
389;2190;31;36;41;4.34826192
390;2191;-13;117;20;10.25737865
391;2192;68;52;9;4.22124492
392;2193;121;-13;61;6.268099379
393;2194;64;57;31;3.12783042
394;2195;68;72;35;4.560233513
395;2196;88;60;27;2.951359938
396;2197;13;49;20;3.816917206
397;2198;40;17;46;2.917988153
398;2199;59;68;35;2.962774613
399;2200;37;94;16;4.054314616
400;2201;78;47;29;4.19161506
401;2202;60;47;9;2.94191196
402;2203;51;68;32;4.804101466
403;2204;60;44;12;1.296525523
404;2205;2;28;10;0.064473552
405;2206;47;58;39;4.371187413
406;2207;-18;117;20;12.33256319
407;2208;42;71;53;3.781786542
408;2209;80;66;55;6.288592066
409;2210;94;64;27;6.007276998
410;2211;56;68;35;4.191056393
411;2212;47;74;32;2.299801066
412;2213;63;71;52;4.418337912
413;2214;83;68;36;6.240168388
414;2215;34;79;53;6.985210182
415;2216;88;83;0;6.447903479
416;2217;78;50;29;4.67587956
417;2218;75;47;29;2.12601222
418;2219;66;42;5;3.118542244
419;2220;71;79;55;7.098181906
420;2221;34;23;48;2.944343958
421;2222;99;53;51;5.432652664
422;2223;67;85;38;6.33476364
423;2224;24;37;8;2.699325078
424;2225;79;11;21;7.766134062
425;2226;40;63;37;4.88184294
426;2227;51;47;50;2.151922085
427;2228;71;49;29;1.02765504
428;2229;36;28;46;4.855118993
429;2230;39;89;38;5.97154488
430;2231;80;58;36;2.853327088
431;2232;37;17;48;3.394997178
432;2233;92;83;0;4.780589699
433;2234;25;22;17;3.335720513
434;2235;86;36;51;7.061693524
435;2236;45;79;3;2.99195778
436;2237;19;68;20;3.696423826
437;2238;65;12;40;3.567166768
438;2239;24;18;42;3.799680137
439;2240;20;-4;45;2.207734961
440;2241;86;20;21;8.312799942
441;2242;94;52;51;6.840069184
442;2243;50;34;50;5.836743365
443;2244;25;-10;62;2.132424658
444;2245;112;67;13;6.034510478
445;2246;60;37;19;0.846253516
446;2247;57;35;18;1.238350546
447;2248;67;50;9;3.79424238
448;2249;74;42;29;2.9357154
449;2250;22;58;20;3.663804166
450;2251;97;54;51;8.410215124
451;2252;2;82;20;3.891325426
452;2253;19;24;17;3.922129913
453;2254;7;64;20;4.216841146
454;2255;84;34;22;9.440586184
455;2256;73;60;31;5.05272624
456;2257;0;67;20;7.210093726
457;2258;19;54;20;4.969549066
458;2259;25;28;17;1.440301073
459;2260;25;18;42;4.214849717
460;2261;26;38;41;4.5200487
461;2262;20;17;42;3.718181657
462;2263;77;83;38;9.14663934
463;2264;19;58;20;2.423474746
464;2265;123;29;65;2.425997267
465;2266;53;22;25;3.371518508
466;2267;56;44;50;3.007221965
467;2268;84;64;0;7.015578959
468;2269;7;55;20;3.723254266
469;2270;9;53;20;2.332644226
470;2271;48;34;50;4.423235765
471;2272;50;37;50;4.541262425
472;2273;47;65;39;2.586777633
473;2274;67;51;9;3.38814936
474;2275;37;30;46;4.570729793
475;2276;13;69;6;4.595724244
476;2277;81;45;29;5.1718227
477;2278;56;73;35;6.252824393
478;2279;24;77;6;3.814858444
479;2280;41;34;46;4.609051613
480;2281;18;22;45;3.225624581
481;2282;99;47;51;2.917693744
482;2283;87;68;0;6.582187739
483;2284;132;41;64;2.150831902
484;2285;36;32;41;5.31254712
485;2286;10;52;20;2.817619426
486;2287;59;73;35;5.022554633
487;2288;62;42;12;2.140971403
488;2289;88;64;0;5.386790039
489;2290;6;83;20;5.127555586
490;2291;115;88;66;3.309026186
491;2292;71;89;38;9.04060404
492;2293;42;88;38;4.60029048
493;2294;66;-3;30;2.658640831
494;2295;4;73;20;2.978743546
495;2296;50;21;25;1.696620308
496;2297;86;26;40;10.67904393
497;2298;37;84;38;4.71329316
498;2299;71;63;36;5.921195248
499;2300;36;94;16;3.626158756
500;2301;26;49;4;0.022638175
501;2302;38;78;38;3.64607058
502;2303;40;13;46;4.597834133
503;2304;99;52;51;4.120700344
504;2305;77;44;22;4.214190304
505;2306;23;68;43;4.188460979
506;2307;27;48;4;1.437477355
507;2308;72;49;29;2.27606172
508;2309;84;36;51;7.905774004
509;2310;55;37;18;2.882598646
510;2311;39;17;48;4.255552938
511;2312;45;85;38;2.11935954
512;2313;44;47;58;3.075995189
513;2314;76;64;55;3.859597186
514;2315;44;17;25;2.580234428
515;2316;66;89;38;7.56406956
516;2317;87;30;36;9.811460428
517;2318;22;54;4;3.900904315
518;2319;39;33;46;5.601485633
519;2320;45;88;38;3.38458638
520;2321;56;77;52;5.015851572
521;2322;126;39;65;4.971955427
522;2323;109;67;13;4.779254078
523;2324;81;28;40;8.769801268
524;2325;74;62;33;3.456804454
525;2326;35;61;39;4.181157393
526;2327;77;28;47;7.306085312
527;2328;79;40;22;4.969792504
528;2329;68;71;35;4.144526753
529;2330;78;18;21;4.654892802
530;2331;49;71;7;4.236499992
531;2332;146;-13;60;1.829451247
532;2333;94;45;51;4.174691464
533;2334;33;26;48;3.539660058
534;2335;70;64;55;1.302280666
535;2336;25;-14;62;3.787817098
536;2337;36;49;59;2.352795376
537;2338;62;44;12;2.155833043
538;2339;9;52;20;2.758138186
539;2340;44;22;34;0.460122789
540;2341;69;61;36;5.871761428
541;2342;65;50;5;1.851736744
542;2343;22;43;8;3.879723018
543;2344;43;76;32;2.506030366
544;2345;31;41;8;2.521178178
545;2346;40;57;59;2.575467436
546;2347;50;18;25;2.135437268
547;2348;94;53;51;7.284193204
548;2349;23;17;42;2.097301457
549;2350;45;65;39;2.338268733
550;2351;72;25;40;5.274963568
551;2352;68;89;52;8.234597232
552;2353;25;27;17;2.872260953
553;2354;76;57;36;2.701263148
554;2355;54;34;18;4.349929846
555;2356;72;67;33;2.547785194
556;2357;103;89;66;2.648501366
557;2358;29;36;41;3.40244922
558;2359;53;52;9;4.58875878
559;2360;19;46;8;4.773805338
560;2361;42;60;39;2.508891393
561;2362;6;50;20;3.717754906
562;2363;36;20;48;2.273469018
563;2364;36;71;53;1.875106062
564;2365;60;39;19;0.031113196
565;2366;51;52;1;4.182159424
566;2367;14;64;20;3.617520466
567;2368;38;98;16;2.972986816
568;2369;47;90;7;4.541064192
569;2370;13;56;20;3.775402606
570;2371;71;56;36;2.956680868
571;2372;104;61;13;3.786755738
572;2373;74;60;36;3.393826348
573;2374;28;70;53;3.952906722
574;2375;72;9;21;1.702285302
575;2376;44;70;32;0.446585806
576;2377;90;28;51;9.614920264
577;2378;69;85;38;7.179129
578;2379;46;89;38;3.99269412
579;2380;29;53;4;4.353521995
580;2381;91;60;27;1.675029978
581;2382;56;71;52;4.258528392
582;2383;65;17;40;1.450637968
583;2384;102;63;13;3.817278818
584;2385;41;94;16;5.505990076
585;2386;73;16;21;5.043109002
586;2387;86;31;40;10.02461187
587;2388;131;33;65;5.665649807
588;2389;44;13;57;4.586166788
589;2390;4;50;20;4.540684666
590;2391;36;78;38;4.49555442
591;2392;126;38;65;5.108875307
592;2393;65;56;35;4.616234573
593;2394;95;30;51;9.357496444
594;2395;82;35;22;8.048171824
595;2396;33;32;41;5.07959784
596;2397;118;-13;61;7.520615579
597;2398;14;67;20;4.880278306
598;2399;36;73;53;2.724366762
599;2400;66;48;5;0.013914244
600;2401;51;48;1;2.567684224
601;2402;47;23;25;1.264198628
602;2403;79;19;21;5.242673202
603;2404;86;70;0;6.203541779
604;2405;20;46;8;4.941322218
605;2406;92;27;51;9.793167064
606;2407;-12;117;20;10.66603661
607;2408;83;25;21;10.10995468
608;2409;114;-13;61;9.138561539
609;2410;41;30;46;2.938143173
610;2411;76;85;38;10.090845
611;2412;21;39;8;2.525677818
612;2413;69;60;36;5.402090188
613;2414;37;90;16;5.420348656
614;2415;78;19;21;5.075145342
615;2416;40;72;53;4.119332562
616;2417;88;71;0;5.534791739
617;2418;72;71;55;3.352382026
618;2419;73;49;29;2.72925966
619;2420;30;32;41;3.50973198
620;2421;97;46;51;3.330168844
621;2422;41;96;16;4.879380796
622;2423;47;29;25;3.798804068
623;2424;53;23;25;3.785986628
624;2425;41;61;39;2.282598033
625;2426;20;27;17;0.858021653
626;2427;39;26;46;2.726411873
627;2428;93;41;51;3.474059224
628;2429;37;23;48;1.705276578
629;2430;19;53;20;4.543218946
630;2431;33;33;48;5.403824178
631;2432;13;-31;62;4.839287338
632;2433;138;-15;60;13.57170745
633;2434;35;17;48;3.928587198
634;2435;56;27;25;6.683919068
635;2436;89;30;11;10.40010181
636;2437;46;87;38;3.13731186
637;2438;66;55;31;5.41601208
638;2439;34;19;48;1.280059818
639;2440;19;44;8;5.603559618
640;2441;83;26;21;9.691373082
641;2442;99;49;51;2.890978444
642;2443;103;84;66;4.821061766
643;2444;84;38;22;7.757149804
644;2445;89;80;0;4.790629319
645;2446;85;64;0;6.607395599
646;2447;46;40;50;4.646958905
647;2448;89;68;0;4.150044239
648;2449;69;44;22;0.844347364
649;2450;39;52;59;0.031113196
650;2451;79;38;22;6.720509344
651;2452;50;48;1;2.144156704
652;2453;25;53;4;5.089265155
653;2454;69;68;55;3.111376546
654;2455;72;48;29;0.42669438
655;2456;46;74;32;1.880826166
656;2457;64;59;35;4.332888233
657;2458;34;22;48;0.010671738
658;2459;60;35;18;0.019090186
659;2460;41;93;16;5.936624656
660;2461;41;48;58;0.834717569
661;2462;51;43;50;1.315044605
662;2463;93;46;51;4.768099144
663;2464;22;68;43;4.611514079
664;2465;84;41;51;7.267469584
665;2466;27;1;45;3.103003181
666;2467;79;50;29;5.55134928
667;2468;88;73;0;6.350388239
668;2469;131;1;61;6.049563899
669;2470;76;69;33;4.799406514
670;2471;-1;30;10;2.172153792
671;2472;93;70;0;0.862474739
672;2473;68;82;52;5.540626752
673;2474;20;-25;62;3.431437558
674;2475;59;18;40;3.798272128
675;2476;34;58;59;5.487692536
676;2477;94;54;51;7.684331704
677;2478;56;74;7;6.091267152
678;2479;84;53;36;6.014468308
679;2480;128;49;64;6.452451322
680;2481;99;51;51;5.957335804
681;2482;40;19;46;3.727900493
682;2483;74;50;36;3.416485528
683;2484;28;33;41;4.2148422
684;2485;52;82;3;2.96984682
685;2486;19;55;20;3.704818486
686;2487;6;54;20;3.133036966
687;2488;63;46;5;1.843893904
688;2489;75;73;33;6.310035574
689;2490;91;51;51;7.879198384
690;2491;95;23;51;9.551060044
691;2492;48;36;50;3.546078305
692;2493;67;31;47;3.491238092
693;2494;109;66;13;4.355450678
694;2495;105;63;13;3.962967218
695;2496;18;71;20;2.295750466
696;2497;8;52;20;3.171132526
697;2498;72;38;22;3.787663084
698;2499;29;33;41;3.75082008
699;2500;71;18;40;4.360487428
700;2501;56;76;7;4.994393592
701;2502;36;76;53;3.991501542
702;2503;66;39;19;2.603831956
703;2504;64;20;40;0.040636768
704;2505;67;54;36;4.651137748
705;2506;100;63;27;3.410411598
706;2507;88;41;51;5.540693644
707;2508;5;52;20;4.948395826
708;2509;51;78;3;0.0101241
709;2510;98;47;51;2.492703904
710;2511;35;25;48;1.699146318
711;2512;54;63;39;5.870582013
712;2513;138;1;61;9.054532079
713;2514;89;67;0;3.725167019
714;2515;83;30;22;10.5782037
715;2516;109;92;66;0.068332466
716;2517;68;77;52;3.963420492
717;2518;54;80;52;2.956793292
718;2519;67;46;29;4.0152711
719;2520;51;44;50;0.900144785
720;2521;53;74;52;4.175941452
721;2522;68;22;40;2.592658828
722;2523;34;86;6;6.527570524
723;2524;31;22;48;1.265878758
724;2525;53;73;3;2.69872446
725;2526;65;67;35;0.009545093
726;2527;67;30;47;3.078919892
727;2528;77;27;11;7.286541968
728;2529;77;22;21;6.487177962
729;2530;50;11;25;4.600778648
730;2531;77;38;22;5.643913564
731;2532;126;-11;61;3.363097259
732;2533;44;37;50;4.589290145
733;2534;119;29;65;1.493585147
734;2535;40;60;39;3.330321453
735;2536;84;45;29;6.39559164
736;2537;14;43;20;3.853896526
737;2538;13;39;20;3.717475666
738;2539;39;29;46;3.992888573
739;2540;85;38;36;7.892732728
740;2541;16;43;20;4.679107846
741;2542;84;56;36;5.109663628
742;2543;57;64;31;3.95693814
743;2544;39;87;38;6.03380556
744;2545;82;30;22;10.16918856
745;2546;46;34;50;5.821159565
746;2547;61;30;47;0.642333392
747;2548;34;33;41;4.3122846
748;2549;54;78;3;1.27702842
749;2550;25;17;42;4.633548797
750;2551;64;35;11;3.439827848
751;2552;80;52;29;4.6382145
752;2553;24;-20;62;3.055950778
753;2554;82;70;33;7.448188354
754;2555;53;49;9;3.34575378
755;2556;40;74;32;2.953000366
756;2557;120;-13;61;6.775032059
757;2558;31;42;8;2.892492978
758;2559;50;24;25;2.935681328
759;2560;15;47;20;5.096623666
760;2561;89;70;0;4.941459419
761;2562;60;74;35;5.879892173
762;2563;36;14;48;4.755492978
763;2564;95;46;51;4.776357544
764;2565;70;59;55;4.147692946
765;2566;35;24;46;2.974251653
766;2567;148;-8;60;2.183169787
767;2568;63;89;52;6.097789392
768;2569;13;68;6;5.003743564
769;2570;95;19;51;11.03075388
770;2571;12;63;20;2.022400366
771;2572;58;18;40;3.370027528
772;2573;36;54;59;4.421447236
773;2574;42;61;39;1.257555933
774;2575;13;-29;62;5.686547398
775;2576;5;48;20;4.966602706
776;2577;44;29;34;2.565153369
777;2578;103;53;51;5.942819764
778;2579;36;38;58;5.217799229
779;2580;95;51;51;6.795074404
780;2581;8;46;20;5.625322786
781;2582;47;85;38;2.97228378
782;2583;17;-25;62;4.646202178
783;2584;44;41;50;3.168845165
784;2585;67;52;9;4.61796468
785;2586;98;43;51;0.847378504
786;2587;99;44;26;4.221853594
787;2588;55;45;12;3.815824303
788;2589;32;39;8;4.646274738
789;2590;36;72;53;3.103846842
790;2591;72;21;40;4.686284728
791;2592;58;46;9;2.5464171
792;2593;34;18;57;1.634675288
793;2594;53;44;50;2.323265045
794;2595;91;41;51;4.271974024
795;2596;132;49;64;6.442700422
796;2597;106;84;66;3.552841226
797;2598;66;3;30;5.159895931
798;2599;133;33;65;6.535046327
799;2600;107;25;65;8.078536487
800;2601;3;52;20;5.278059286
801;2602;61;86;52;5.087844852
802;2603;79;42;22;5.803534684
803;2604;14;70;20;4.438805866
804;2605;82;29;40;10.11329217
805;2606;28;68;43;2.142682199
806;2607;4;68;20;5.064853966
807;2608;145;-8;60;0.938563987
808;2609;70;54;36;3.405569788
809;2610;151;49;64;12.33950294
810;2611;89;73;0;6.766935419
811;2612;134;49;64;7.275905662
812;2613;40;41;58;2.551548449
813;2614;8;70;20;6.522857206
814;2615;42;58;39;2.502851973
815;2616;90;43;51;5.573958064
816;2617;15;39;20;4.536905506
817;2618;112;63;13;6.847339958
818;2619;15;45;20;5.929734826
819;2620;128;54;64;8.506582462
820;2621;10;46;20;5.314438666
821;2622;72;37;22;3.349822864
822;2623;24;81;6;5.154438484
823;2624;90;52;27;6.923888178
824;2625;40;24;46;0.009545093
825;2626;60;85;52;3.418226532
826;2627;46;64;39;1.751183913
827;2628;28;38;8;2.538598578
828;2629;78;24;40;6.252513088
829;2630;58;41;19;1.720209976
830;2631;34;13;57;1.296256808
831;2632;46;60;39;3.421103913
832;2633;60;49;9;2.09904492
833;2634;67;90;52;8.154799332
834;2635;102;69;13;5.471756318
835;2636;77;47;29;3.77920104
836;2637;8;30;10;3.402606672
837;2638;18;77;6;2.598318544
838;2639;39;74;32;3.359696746
839;2640;47;35;50;4.150610045
840;2641;96;23;51;9.144642724
841;2642;48;41;50;1.485541085
842;2643;57;54;31;5.91255156
843;2644;65;64;35;1.258072313
844;2645;135;33;65;6.707572007
845;2646;36;88;16;5.878035496
846;2647;91;52;51;7.457485804
847;2648;27;-3;45;4.818282581
848;2649;83;14;40;11.65900389
849;2650;20;-1;45;3.500832161
850;2651;70;68;55;2.946564046
851;2652;57;58;31;1.44568536
852;2653;60;70;35;4.232840273
853;2654;25;34;41;3.30718308
854;2655;29;26;41;2.30040156
855;2656;38;80;38;2.84575674
856;2657;112;90;66;1.973415326
857;2658;72;44;22;0.445039144
858;2659;44;24;34;1.293715569
859;2660;48;17;25;1.469557928
860;2661;24;17;17;5.049439433
861;2662;60;75;3;5.80471896
862;2663;56;21;25;4.196372888
863;2664;23;19;17;3.781654493
864;2665;38;67;43;3.384250319
865;2666;33;83;6;4.243729024
866;2667;18;68;20;3.582612886
867;2668;60;71;35;4.653197693
868;2669;76;60;36;3.958791088
869;2670;41;62;39;1.855786833
870;2671;125;2;61;2.551125059
871;2672;54;65;39;5.285726733
872;2673;81;54;36;4.369707328
873;2674;39;93;16;5.513790736
874;2675;19;60;20;4.067807806
875;2676;69;11;40;5.208594208
876;2677;51;74;3;1.70825532
877;2678;38;91;16;5.687406076
878;2679;91;63;27;2.941586838
879;2680;17;54;4;5.994417595
880;2681;105;62;13;3.779174678
881;2682;99;55;51;5.389273384
882;2683;145;1;61;11.96943456
883;2684;13;52;20;5.075303686
884;2685;78;83;38;9.56420148
885;2686;41;86;38;4.1779467
886;2687;47;24;25;1.681216688
887;2688;15;77;6;1.314801904
888;2689;108;68;13;2.501783078
889;2690;135;30;65;5.452410647
890;2691;19;31;17;2.968870193
891;2692;56;90;38;7.1045952
892;2693;47;20;25;0.030559208
893;2694;90;14;40;13.94430081
894;2695;24;15;42;1.720063277
895;2696;79;47;22;4.512680104
896;2697;74;55;36;1.291321048
897;2698;126;32;65;2.606364287
898;2699;121;-19;61;8.722934819
899;2700;78;29;47;7.550837252
900;2701;38;61;39;2.924339313
901;2702;41;88;38;5.0193585
902;2703;76;62;36;3.349008148
903;2704;88;34;51;8.499680104
904;2705;66;70;35;1.653178013
905;2706;14;31;24;3.829074329
906;2707;42;28;34;3.551146269
907;2708;-1;73;20;5.030219566
908;2709;56;78;52;1.309999272
909;2710;78;25;40;6.664185088
910;2711;21;60;20;4.659315466
911;2712;59;47;5;3.117990544
912;2713;36;9;48;6.770153958
913;2714;39;95;16;4.490524636
914;2715;102;73;0;4.051157219
915;2716;40;14;57;4.184498888
916;2717;79;33;22;7.869137104
917;2718;68;59;35;5.994038453
918;2719;74;53;36;3.532640848
919;2720;44;50;1;2.743812724
920;2721;73;14;21;4.217306322
921;2722;13;77;6;2.147342644
922;2723;33;62;37;2.29119882
923;2724;51;34;18;3.918290686
924;2725;69;54;36;2.914580308
925;2726;27;68;43;2.548577579
926;2727;19;45;8;4.346832378
927;2728;109;86;66;2.577736646
928;2729;56;45;12;3.399353323
929;2730;77;16;21;6.230680362
930;2731;42;67;39;2.124272013
931;2732;65;62;35;2.104334153
932;2733;109;68;13;5.175347318
933;2734;70;47;29;1.67349786
934;2735;26;26;17;2.100676193
935;2736;39;97;16;3.854213056
936;2737;99;50;51;4.950661804
937;2738;33;23;48;0.594710598
938;2739;33;28;48;2.724362418
939;2740;91;47;51;5.391544624
940;2741;78;58;36;2.030778508
941;2742;53;70;32;4.233155326
942;2743;33;67;43;1.286483279
943;2744;128;52;64;7.715037502
944;2745;96;47;51;3.307952044
945;2746;42;57;39;2.943436893
946;2747;48;59;31;3.68433204
947;2748;56;82;52;2.961886572
948;2749;41;97;16;4.695491236
949;2750;39;13;57;3.431324528
950;2751;67;36;19;4.198071556
951;2752;59;70;35;3.808138733
952;2753;32;41;8;2.928855078
953;2754;41;45;58;0.447929489
954;2755;74;39;29;4.15446888
955;2756;42;26;34;2.733276909
956;2757;87;57;36;7.260793288
957;2758;33;1;45;5.608961981
958;2759;92;80;0;3.520479119
959;2760;17;22;45;3.639247781
960;2761;39;30;46;4.350654173
961;2762;74;59;36;5.519928148
962;2763;64;38;12;2.972730583
963;2764;91;64;27;3.348789438
964;2765;66;46;5;2.514464404
965;2766;32;96;16;4.453367296
966;2767;61;90;52;5.922624612
967;2768;63;21;40;0.616108168
968;2769;-21;117;20;13.60283867
969;2770;41;90;38;6.72289404
970;2771;17;33;24;2.522102729
971;2772;53;78;52;2.574651072
972;2773;20;22;17;3.751358813
973;2774;35;34;41;5.14549464
974;2775;53;51;9;4.16796726
975;2776;15;56;20;2.936243986
976;2777;67;45;5;3.097092364
977;2778;55;14;25;5.542762568
978;2779;28;36;41;2.9890167
979;2780;38;90;16;5.834359996
980;2781;38;24;46;0.855490373
981;2782;80;62;36;4.522263388
982;2783;93;72;0;0.033746999
983;2784;2;73;20;3.802766146
984;2785;20;21;42;3.948525437
985;2786;50;23;34;2.544970809
986;2787;86;68;0;7.016647979
987;2788;53;13;25;5.019275348
988;2789;98;40;51;1.283943724
989;2790;43;24;34;1.707281349
990;2791;78;20;21;5.494612122
991;2792;31;24;48;2.085393798
992;2793;48;24;25;2.102195708
993;2794;22;59;20;4.081261366
994;2795;13;50;20;5.173130926
995;2796;19;49;8;6.049181238
996;2797;40;8;46;6.635541233
997;2798;79;4;21;6.528879822
998;2799;46;84;38;2.74103574
999;2800;141;-4;60;7.324260607
1000;2801;50;63;31;4.49295366
1001;2802;44;51;1;2.318649724
1002;2803;27;75;53;3.917202342
1003;2804;53;37;18;3.716288566
1004;2805;59;22;40;2.961440068
1005;2806;34;98;16;1.342999456
1006;2807;95;50;51;4.983263764
1007;2808;28;18;57;4.179391028
1008;2809;131;3;61;6.861422999
1009;2810;52;72;3;2.724381
1010;2811;31;33;41;3.0389277
1011;2812;9;54;20;1.900952446
1012;2813;3;50;20;4.944477406
1013;2814;21;59;20;4.509865486
1014;2815;38;12;57;2.555933528
1015;2816;35;60;39;5.199193653
1016;2817;89;35;51;7.587470644
1017;2818;25;29;17;1.863219773
1018;2819;55;68;35;4.380289373
1019;2820;67;24;40;2.995666708
1020;2821;91;56;36;8.021736988
1021;2822;34;100;16;2.182267456
1022;2823;45;90;7;5.383386852
1023;2824;73;-8;14;2.946137052
1024;2825;18;39;8;3.770159598
1025;2826;21;-10;62;0.525763138
1026;2827;36;57;59;3.966544156
1027;2828;60;38;19;1.275042676
1028;2829;42;76;53;6.461419362
1029;2830;100;84;66;6.003377426
1030;2831;37;73;53;2.445326262
1031;2832;101;50;51;5.536949284
1032;2833;44;25;34;0.881468829
1033;2834;71;67;33;3.759214654
1034;2835;69;62;55;2.591652166
1035;2836;53;54;9;5.4201612
1036;2837;75;39;22;3.547417744
1037;2838;70;56;36;3.387489988
1038;2839;128;60;64;11.04360524
1039;2840;8;82;20;6.418498846
1040;2841;153;55;64;14.097362
1041;2842;69;69;35;3.372547013
1042;2843;37;25;46;1.448158973
1043;2844;56;92;38;7.97215326
1044;2845;99;41;51;2.109395284
1045;2846;95;17;51;11.86827696
1046;2847;75;49;29;3.52580136
1047;2848;23;37;8;2.536107558
1048;2849;90;15;40;14.35710639
1049;2850;8;63;20;3.629228266
1050;2851;37;98;16;2.611282996
1051;2852;37;54;59;1.740365056
1052;2853;71;62;55;3.185801986
1053;2854;39;72;32;4.189900906
1054;2855;20;-26;62;3.855429058
1055;2856;8;65;20;4.471612366
1056;2857;59;42;19;1.472906116
1057;2858;-21;115;20;14.43298385
1058;2859;53;57;31;2.10484218
1059;2860;60;68;35;3.381362033
1060;2861;71;61;55;3.604505566
1061;2862;29;37;41;3.59112516
1062;2863;45;35;50;5.810704445
1063;2864;73;47;29;1.87588824
1064;2865;52;71;3;3.145608
1065;2866;77;18;21;4.822785522
1066;2867;12;43;20;4.989274186
1067;2868;82;27;40;9.263518828
1068;2869;21;24;17;1.496019293
1069;2870;42;30;34;4.369339029
1070;2871;13;76;6;1.723944484
1071;2872;126;-4;61;0.473470919
1072;2873;66;91;23;7.857406532
1073;2874;36;37;58;5.625912689
1074;2875;43;37;50;5.016162125
1075;2876;47;70;32;1.696084786
1076;2877;118;-19;63;6.386357936
1077;2878;44;40;50;3.347724185
1078;2879;89;14;21;13.82535106
1079;2880;73;71;55;2.931034006
1080;2881;19;77;6;3.027976804
1081;2882;61;89;52;6.349972872
1082;2883;70;66;55;2.129050426
1083;2884;110;84;66;4.466124926
1084;2885;48;84;7;1.670068392
1085;2886;45;52;1;1.730840764
1086;2887;33;64;37;1.6976211
1087;2888;16;66;20;4.132684666
1088;2889;44;84;38;2.73323118
1089;2890;36;93;16;4.053865456
1090;2891;102;52;51;5.353272064
1091;2892;56;50;9;3.11890092
1092;2893;-4;28;10;2.630926332
1093;2894;75;81;38;7.62336096
1094;2895;60;57;31;3.92939268
1095;2896;45;82;38;0.85343118
1096;2897;70;53;36;2.971574188
1097;2898;8;58;20;4.000472446
1098;2899;73;42;29;2.5159548
1099;2900;79;36;22;7.273767604
1100;2901;60;51;9;2.9041803
1101;2902;58;14;40;5.023548448
1102;2903;80;4;21;6.938135382
1103;2904;49;74;7;3.033164592
1104;2905;91;42;51;4.685021044
1105;2906;89;85;0;6.733626479
1106;2907;58;38;18;2.645150506
1107;2908;50;58;31;3.2644311
1108;2909;76;28;47;6.881832092
1109;2910;49;78;7;1.277617032
1110;2911;72;54;36;1.702871728
1111;2912;82;52;29;5.20497108
1112;2913;83;70;36;7.090776568
1113;2914;35;71;53;0.866956842
1114;2915;46;23;34;2.512444449
1115;2916;56;72;52;3.829578312
1116;2917;96;27;51;7.466520364
1117;2918;53;64;39;4.687138353
1118;2919;55;18;40;4.637651908
1119;2920;69;65;55;1.900041586
1120;2921;51;37;18;4.517409946
1121;2922;77;51;29;3.8426952
1122;2923;25;68;43;3.372575879
1123;2924;20;14;42;1.022597297
1124;2925;8;40;28;4.413952744
1125;2926;16;24;17;3.535711313
1126;2927;61;87;52;4.665672372
1127;2928;19;80;56;3.820739886
1128;2929;77;46;29;3.36419898
1129;2930;78;21;21;5.670381702
1130;2931;35;91;16;4.470310456
1131;2932;47;37;50;4.133406485
1132;2933;37;99;16;2.795441476
1133;2934;23;22;17;2.502735053
1134;2935;65;91;23;7.684725692
1135;2936;80;53;36;4.311428008
1136;2937;38;20;46;2.561926493
1137;2938;77;15;21;3.806414382
1138;2939;37;95;16;4.220111716
1139;2940;50;30;18;5.729232106
1140;2941;27;79;6;4.055394124
1141;2942;85;13;40;12.89640741
1142;2943;34;20;48;3.101189298
1143;2944;36;47;2;2.549448434
1144;2945;55;47;9;3.96478974
1145;2946;100;46;51;4.597837624
1146;2947;18;-34;62;3.998923618
1147;2948;81;70;33;7.031154034
1148;2949;42;42;58;2.768648849
1149;2950;103;44;26;2.574904834
1150;2951;65;49;5;1.428696184
1151;2952;36;19;48;2.698403418
1152;2953;0;73;20;4.616183506
1153;2954;91;44;51;5.523939604
1154;2955;63;26;40;2.730465568
1155;2956;98;38;51;1.847826724
1156;2957;87;36;51;7.483079884
1157;2958;111;-19;63;3.378717056
1158;2959;102;68;13;5.051411498
1159;2960;94;35;51;5.010121984
1160;2961;44;88;38;4.38211998
1161;2962;70;28;40;5.881677568
1162;2963;58;49;9;1.263561
1163;2964;81;53;36;4.776531628
1164;2965;64;32;11;2.223937868
1165;2966;69;28;40;5.463831628
1166;2967;84;30;22;10.99711002
1167;2968;36;30;41;4.64767806
1168;2969;33;35;41;5.49209556
1169;2970;77;52;29;4.24854576
1170;2971;53;16;25;3.952298228
1171;2972;103;93;66;3.465761366
1172;2973;85;68;0;5.831888939
1173;2974;102;57;27;4.216016718
1174;2975;53;38;50;3.975678185
1175;2976;42;36;50;5.612684285
1176;2977;31;68;43;0.878127179
1177;2978;15;40;8;4.404742338
1178;2979;95;27;51;8.543725924
1179;2980;54;75;3;3.35028924
1180;2981;109;87;66;2.156653046
1181;2982;54;71;3;4.0069572
1182;2983;27;42;8;1.250989398
1183;2984;58;61;31;1.66466124
1184;2985;23;28;17;0.596004653
1185;2986;25;67;43;3.789211979
1186;2987;38;92;16;5.275848736
1187;2988;28;41;8;1.295676318
1188;2989;71;44;22;0.013914244
1189;2990;48;57;39;5.307477573
1190;2991;66;54;9;4.1328522
1191;2992;68;15;40;3.810427108
1192;2993;145;-13;60;1.402170127
1193;2994;15;50;20;5.421753106
1194;2995;118;-16;63;7.625814056
1195;2996;43;19;34;2.131350069
1196;2997;80;48;29;2.95929456
1197;2998;77;29;47;7.122267992
1198;2999;37;20;48;2.114491938
1199;3000;4;45;20;6.039242386
1200;3001;32;29;48;3.302345238
1201;3002;75;27;40;7.499405968
1202;3003;62;47;5;1.833003304
1203;3004;83;52;36;6.589154368
1204;3005;49;63;39;3.760737393
1205;3006;68;19;40;2.140690828
1206;3007;22;37;8;2.949224478
1207;3008;68;16;40;2.904296428
1208;3009;53;45;12;4.671245023
1209;3010;76;18;21;3.826102422
1210;3011;138;3;60;8.965016467
1211;3012;31;91;16;2.924467576
1212;3013;70;52;36;4.181317168
1213;3014;24;24;17;2.096794553
1214;3015;22;27;17;0.019677713
1215;3016;60;90;52;6.338911692
1216;3017;107;118;66;9.733748006
1217;3018;33;31;48;6.262593558
1218;3019;49;35;50;4.144003865
1219;3020;14;71;20;3.988045006
1220;3021;70;32;11;4.807093988
1221;3022;47;88;38;3.98799096
1222;3023;35;30;41;4.2201171
1223;3024;35;53;59;4.350446176
1224;3025;78;57;36;1.862523928
1225;3026;19;-34;62;4.403754118
1226;3027;24;14;42;2.134529837
1227;3028;107;107;66;8.997014066
1228;3029;20;15;42;2.286729917
1229;3030;78;31;22;7.632776284
1230;3031;91;39;51;5.928407644
1231;3032;145;-10;60;0.101297227
1232;3033;78;63;36;4.104394288
1233;3034;18;-35;62;4.395887938
1234;3035;85;35;36;9.101610208
1235;3036;36;17;48;3.519282918
1236;3037;73;15;21;3.811352322
1237;3038;13;83;6;4.981541884
1238;3039;141;49;64;10.22226416
1239;3040;33;71;53;0.045900882
1240;3041;19;73;6;1.933478464
1241;3042;55;52;9;5.19774222
1242;3043;90;83;0;5.611911599
1243;3044;56;58;31;1.61843886
1244;3045;44;42;58;3.075878249
1245;3046;91;26;51;10.39294644
1246;3047;46;51;1;1.675105624
1247;3048;81;56;36;3.510302308
1248;3049;32;38;8;4.223377098
1249;3050;85;63;36;5.606762008
1250;3051;89;10;21;12.96168154
1251;3052;18;-20;62;5.579267938
1252;3053;26;31;41;1.6638249
1253;3054;82;36;22;7.696425604
1254;3055;31;98;16;0.081692836
1255;3056;24;9;45;3.699169541
1256;3057;36;39;58;5.653573589
1257;3058;43;23;34;1.038445569
1258;3059;48;78;7;0.865010592
1259;3060;151;54;64;14.42674874
1260;3061;70;49;29;1.44358776
1261;3062;29;31;41;2.93558118
1262;3063;136;48;64;6.684224782
1263;3064;37;97;16;3.015110236
1264;3065;57;90;52;7.558355772
1265;3066;66;96;38;10.47896958
1266;3067;88;79;0;6.194229899
1267;3068;114;-16;63;9.010814696
1268;3069;115;87;66;3.734896106
1269;3070;93;57;36;9.889585408
1270;3071;34;41;8;4.363852818
1271;3072;-10;92;20;7.677116326
1272;3073;83;46;29;5.67790194
1273;3074;92;31;51;9.508025764
1274;3075;82;31;22;9.755755984
1275;3076;68;46;29;5.4802578
1276;3077;40;61;39;2.129396853
1277;3078;44;49;1;3.181208044
1278;3079;97;41;51;1.840492684
1279;3080;31;76;43;4.247252339
1280;3081;63;60;31;3.12881628
1281;3082;39;84;38;4.83028602
1282;3083;65;63;35;1.685313233
1283;3084;42;19;34;2.552286789
1284;3085;21;15;42;0.437759237
1285;3086;63;57;31;3.51706764
1286;3087;59;41;19;1.297147036
1287;3088;75;66;55;4.191360526
1288;3089;48;90;7;4.186636452
1289;3090;65;65;35;0.836878973
1290;3091;30;36;41;2.15334078
1291;3092;83;23;21;8.348502042
1292;3093;73;25;11;4.815152648
1293;3094;53;48;1;3.357140824
1294;3095;61;46;5;2.660128084
1295;3096;78;65;55;5.680845766
1296;3097;72;85;38;8.38904028
1297;3098;30;43;8;2.908980018
1298;3099;24;53;4;3.237809035
1299;3100;15;70;20;3.988414726
1300;3101;61;14;40;4.424808868
1301;3102;78;42;22;5.356391704
1302;3103;58;71;31;4.26263448
1303;3104;73;20;40;5.273194228
1304;3105;14;76;6;1.906602964
1305;3106;74;4;21;4.397866482
1306;3107;74;47;29;2.553372
1307;3108;68;20;40;1.738622968
1308;3109;70;31;47;4.774388552
1309;3110;44;98;49;3.375261443
1310;3111;108;70;13;1.671949718
1311;3112;47;15;25;2.153704628
1312;3113;106;80;66;5.189918366
1313;3114;48;83;7;1.257184032
1314;3115;45;74;32;1.457013466
1315;3116;67;56;36;4.607681968
1316;3117;35;19;48;1.682566998
1317;3118;63;47;5;1.413290884
1318;3119;48;25;25;2.524340168
1319;3120;87;75;0;3.747514679
1320;3121;9;40;28;4.794576964
1321;3122;74;54;36;1.718391148
1322;3123;63;51;9;1.6365219
1323;3124;45;72;32;0.612158026
1324;3125;114;67;13;6.849560078
1325;3126;97;63;27;4.716223518
1326;3127;100;28;51;10.47379878
1327;3128;68;56;36;4.150423228
1328;3129;70;29;47;4.208061932
1329;3130;18;73;6;1.718301664
1330;3131;76;9;21;0.068249082
1331;3132;72;3;21;4.198953102
1332;3133;66;61;31;6.63415662
1333;3134;76;15;21;2.547655962
1334;3135;128;46;64;6.029543242
1335;3136;27;73;53;4.523250282
1336;3137;131;13;61;7.547884499
1337;3138;89;23;51;12.05817876
1338;3139;54;74;3;2.94005082
1339;3140;2;87;20;5.894749246
1340;3141;62;61;31;3.2955759
1341;3142;75;67;33;3.786086974
1342;3143;73;21;40;5.105898748
1343;3144;100;51;51;4.714970344
1344;3145;81;27;40;8.846780248
1345;3146;83;85;0;9.264487979
1346;3147;77;11;21;6.945137382
1347;3148;104;70;13;0.007546058
1348;3149;-18;113;20;14.02408781
1349;3150;108;65;13;3.768723218
1350;3151;29;48;4;2.254881595
1351;3152;20;73;6;2.365856284
1352;3153;128;61;64;11.4601622
1353;3154;19;64;20;4.911402886
1354;3155;21;-7;62;1.779950578
1355;3156;48;63;39;3.352592313
1356;3157;23;23;17;2.069209613
1357;3158;7;40;28;3.949232104
1358;3159;63;64;35;2.081137853
1359;3160;54;38;18;3.496281466
1360;3161;83;58;36;4.104155968
1361;3162;45;14;25;3.411186848
1362;3163;13;-28;62;6.050293978
1363;3164;85;6;40;15.80822511
1364;3165;74;56;36;1.703677888
1365;3166;88;68;27;6.401869698
1366;3167;58;33;18;4.676646166
1367;3168;79;44;22;3.290145004
1368;3169;47;57;39;4.748804253
1369;3170;67;15;40;3.524046628
1370;3171;58;35;19;4.230591016
1371;3172;10;40;28;5.230615684
1372;3173;69;70;35;2.960830133
1373;3174;98;46;51;3.734859664
1374;3175;68;65;33;0.030184234
1375;3176;16;54;4;6.408258655
1376;3177;25;51;4;4.260928435
1377;3178;37;49;59;2.156372896
1378;3179;53;34;18;3.927887146
1379;3180;0;66;20;7.629583726
1380;3181;74;57;36;2.139540688
1381;3182;69;22;40;3.009304948
1382;3183;132;54;64;10.1775152
1383;3184;36;70;53;1.457279142
1384;3185;75;35;22;5.180963764
1385;3186;62;56;9;3.32432664
1386;3187;132;2;61;5.461573499
1387;3188;66;77;52;3.131423232
1388;3189;-1;48;20;7.468179946
1389;3190;71;60;55;3.701368126
1390;3191;71;69;35;4.204089593
1391;3192;32;33;48;4.961662398
1392;3193;54;21;25;3.964849928
1393;3194;40;89;38;5.8744002
1394;3195;34;70;53;1.452143202
1395;3196;64;22;40;0.892318408
1396;3197;55;49;9;3.7208973
1397;3198;41;79;38;7.03920378
1398;3199;101;35;51;5.396291884
1399;3200;88;61;27;3.374831058
1400;3201;33;88;16;7.128759196
1401;3202;59;12;40;5.456354248
1402;3203;18;76;6;0.474478084
1403;3204;39;90;16;6.248655256
1404;3205;23;71;20;4.359086326
1405;3206;18;24;17;4.333894973
1406;3207;36;95;16;3.416341756
1407;3208;31;67;43;0.458321459
1408;3209;7;45;20;4.787940586
1409;3210;43;22;34;0.874630089
1410;3211;20;10;45;1.800708101
1411;3212;62;90;52;6.349823652
1412;3213;38;57;59;3.127781536
1413;3214;45;19;34;3.008656029
1414;3215;10;43;20;4.990106506
1415;3216;82;68;36;6.664326028
1416;3217;93;75;0;1.274625659
1417;3218;95;35;51;4.601395324
1418;3219;16;48;20;6.700966066
1419;3220;75;50;29;3.4151979
1420;3221;36;4;57;6.488582948
1421;3222;62;89;52;5.683827552
1422;3223;87;70;0;5.877773639
1423;3224;83;19;21;6.893755062
1424;3225;10;34;24;5.600185049
1425;3226;79;56;36;4.355545828
1426;3227;53;67;35;4.991947433
1427;3228;67;89;52;7.742560992
1428;3229;115;94;66;3.294066566
1429;3230;73;65;33;2.062864834
1430;3231;12;34;24;4.784281409
1431;3232;72;92;23;7.663493192
1432;3233;70;50;29;3.7794
1433;3234;78;46;22;4.529698264
1434;3235;30;-10;62;4.177232338
1435;3236;25;61;4;5.276990815
1436;3237;58;58;31;0.42914694
1437;3238;77;33;22;6.362977384
1438;3239;73;19;21;5.432476242
1439;3240;30;35;41;1.73724042
1440;3241;42;40;50;4.185281885
1441;3242;76;5;21;1.690472442
1442;3243;39;57;59;3.562522936
1443;3244;16;50;20;5.842876306
1444;3245;-27;115;20;16.91528723
1445;3246;21;78;6;2.806847704
1446;3247;58;55;31;1.70131614
1447;3248;47;21;25;0.454732268
1448;3249;68;51;9;3.81492582
1449;3250;96;39;51;2.504388304
1450;3251;72;8;21;2.120869482
1451;3252;90;64;27;4.362589278
1452;3253;62;57;31;3.09949752
1453;3254;67;12;40;4.179630808
1454;3255;95;32;51;5.617232944
1455;3256;51;33;18;4.932871126
1456;3257;73;58;55;2.514377026
1457;3258;40;97;16;4.282550776
1458;3259;57;12;25;5.537224568
1459;3260;86;45;29;7.32652026
1460;3261;42;46;58;1.319544749
1461;3262;20;52;20;5.136033406
1462;3263;70;37;22;4.189006984
1463;3264;86;80;0;6.023179739
1464;3265;78;27;40;7.504695148
1465;3266;79;51;29;4.68272178
1466;3267;13;55;20;4.211489386
1467;3268;42;56;39;3.359437353
1468;3269;25;56;4;3.450085615
1469;3270;82;44;22;4.547826184
1470;3271;86;46;29;6.90656466
1471;3272;36;90;16;5.052537496
1472;3273;73;63;33;2.872703674
1473;3274;42;69;39;2.085557733
1474;3275;45;86;38;2.5047303
1475;3276;48;37;50;3.977200505
1476;3277;34;12;57;0.874254248
1477;3278;82;49;29;3.97569744
1478;3279;19;62;20;5.726863126
1479;3280;75;18;21;4.239946122
1480;3281;124;-11;61;3.972263939
1481;3282;56;12;25;5.374939928
1482;3283;23;54;4;3.490349815
1483;3284;52;81;3;3.38541138
1484;3285;53;43;50;1.903596725
1485;3286;88;52;27;7.177269438
1486;3287;31;70;43;1.696060619
1487;3288;73;32;11;6.010660808
1488;3289;92;13;40;14.35979613
1489;3290;79;57;36;3.922119028
1490;3291;52;85;7;3.500944752
1491;3292;31;20;48;3.752959218
1492;3293;73;44;22;2.508103444
1493;3294;76;56;36;0.864376528
1494;3295;82;62;36;5.366519728
1495;3296;60;36;19;1.269308776
1496;3297;112;25;65;10.16494133
1497;3298;66;75;35;3.711197273
1498;3299;132;46;64;7.722631162
1499;3300;64;61;35;3.590750033
1500;3301;83;50;36;6.852982708
1501;3302;95;20;51;10.8651384
1502;3303;10;53;20;2.747631706
1503;3304;69;50;5;3.523473904
1504;3305;131;-2;61;7.282168619
1505;3306;76;83;38;9.55778334
1506;3307;54;51;9;2.11678374
1507;3308;28;69;53;4.369606062
1508;3309;84;27;40;10.00474743
1509;3310;73;39;22;2.713373464
1510;3311;53;72;3;3.12617382
1511;3312;71;46;29;2.29243224
1512;3313;55;16;25;4.794158948
1513;3314;35;22;48;0.416404818
1514;3315;33;20;48;1.839796878
1515;3316;35;98;16;1.745179396
1516;3317;28;30;41;1.2506688
1517;3318;88;27;40;11.16291183
1518;3319;24;31;41;2.4968364
1519;3320;26;36;41;3.70922694
1520;3321;73;81;52;7.714613112
1521;3322;16;40;8;3.989245218
1522;3323;72;53;36;2.121268828
1523;3324;50;26;25;3.750754568
1524;3325;43;29;34;2.987334189
1525;3326;26;73;53;4.690333062
1526;3327;85;32;36;10.41571809
1527;3328;40;71;32;1.685089306
1528;3329;16;15;44;1.385701553
1529;3330;39;92;16;5.555703256
1530;3331;100;39;51;4.257360904
1531;3332;42;24;34;2.145175089
1532;3333;43;98;49;2.961742283
1533;3334;83;44;22;4.928347924
1534;3335;72;56;36;2.560170928
1535;3336;40;54;59;3.036121276
1536;3337;48;56;39;5.346245493
1537;3338;51;16;25;3.137211968
1538;3339;53;75;3;3.52318464
1539;3340;50;79;3;0.8446779
1540;3341;44;63;39;3.595688553
1541;3342;20;13;42;1.439325917
1542;3343;33;97;16;1.928525656
1543;3344;27;78;6;4.476626644
1544;3345;13;27;24;1.742819849
1545;3346;8;68;20;5.725172086
1546;3347;104;64;13;2.551539038
1547;3348;56;9;25;6.588908408
1548;3349;33;43;8;4.197860838
1549;3350;96;10;21;15.9584377
1550;3351;6;68;20;5.911066186
1551;3352;79;39;22;5.391492484
1552;3353;89;45;51;6.722892844
1553;3354;10;60;20;5.726377726
1554;3355;54;41;50;3.115363325
1555;3356;73;8;21;2.316447942
1556;3357;109;73;13;4.986515678
1557;3358;81;71;33;7.439862394
1558;3359;135;34;65;7.100421887
1559;3360;36;87;16;6.310350856
1560;3361;29;68;43;3.356119859
1561;3362;28;23;17;3.946199813
1562;3363;35;57;39;5.807231793
1563;3364;30;27;41;1.7147562
1564;3365;70;62;55;2.160401146
1565;3366;20;9;45;2.219357981
1566;3367;24;30;17;2.452963793
1567;3368;68;60;55;4.991446486
1568;3369;128;40;64;4.287280342
1569;3370;24;38;8;2.286376218
1570;3371;43;73;32;3.800743486
1571;3372;48;60;39;4.021487433
1572;3373;56;70;31;4.08464538
1573;3374;-4;32;10;4.321604952
1574;3375;43;31;34;4.425784749
1575;3376;48;16;25;1.879194668
1576;3377;87;25;40;10.16056833
1577;3378;151;56;64;15.27720854
1578;3379;31;35;41;2.16424536
1579;3380;42;23;34;1.467733509
1580;3381;19;63;20;5.308631026
1581;3382;58;68;35;3.374352593
1582;3383;75;57;36;2.571110548
1583;3384;81;29;40;9.700528228
1584;3385;65;55;31;4.99637556
1585;3386;4;53;20;5.197425526
1586;3387;126;35;65;3.862938287
1587;3388;65;32;47;3.123814532
1588;3389;108;75;13;3.748429238
1589;3390;65;54;5;3.461466724
1590;3391;86;42;51;6.730361404
1591;3392;31;56;4;6.029864815
1592;3393;94;49;51;5.570442484
1593;3394;73;62;33;3.325314094
1594;3395;59;54;9;1.22768214
1595;3396;8;76;20;5.676553246
1596;3397;79;41;22;4.572336844
1597;3398;62;58;31;2.10475926
1598;3399;89;78;0;5.620223339
1599;3400;45;69;32;1.285406206
1600;3401;57;37;18;2.059727146
1601;3402;36;31;41;5.06126394
1602;3403;30;31;41;0.0134988
1603;3404;81;42;22;5.558535484
1604;3405;58;69;31;5.08797288
1605;3406;70;77;52;4.801336332
1606;3407;68;42;5;3.983184124
1607;3408;76;58;36;1.758618148
1608;3409;48;26;25;2.949304388
1609;3410;152;-8;60;3.881971387
1610;3411;39;67;39;3.366103533
1611;3412;80;69;33;6.432063634
1612;3413;61;54;9;2.06142702
1613;3414;42;13;57;4.581919208
1614;3415;68;14;40;3.712886788
1615;3416;77;50;36;4.617188488
1616;3417;14;82;6;4.383066244
1617;3418;68;47;29;2.4954561
1618;3419;25;59;4;4.470954115
1619;3420;50;54;31;4.98083166
1620;3421;37;101;16;3.624933976
1621;3422;61;48;5;2.086452844
1622;3423;30;77;43;4.852732559
1623;3424;19;17;42;3.306071897
1624;3425;65;66;35;1.026711713
1625;3426;67;13;40;4.351812388
1626;3427;40;23;34;2.304060309
1627;3428;87;39;51;7.383039364
1628;3429;58;81;52;2.314238952
1629;3430;29;93;16;4.457671996
1630;3431;129;54;64;8.952880762
1631;3432;79;46;22;4.113739144
1632;3433;72;79;55;7.515238426
1633;3434;54;44;50;2.205766505
1634;3435;81;19;21;6.089694102
1635;3436;58;76;3;5.20836402
1636;3437;145;3;60;11.93251393
1637;3438;63;73;52;3.575829192
1638;3439;98;54;51;8.582435584
1639;3440;55;51;9;2.53972134
1640;3441;27;17;42;3.790408397
1641;3442;39;31;46;4.834521893
1642;3443;91;70;0;4.189973699
1643;3444;25;37;8;3.126388398
1644;3445;113;70;13;3.853719158
1645;3446;83;20;21;7.307297322
1646;3447;41;41;58;2.187827609
1647;3448;19;29;17;3.798515813
1648;3449;87;26;40;10.58612025
1649;3450;62;54;31;3.79018224
1650;3451;50;82;3;2.14059732
1651;3452;63;85;52;4.478393172
1652;3453;4;56;20;5.399199106
1653;3454;86;66;55;8.881554766
1654;3455;36;48;2;2.118785414
1655;3456;63;45;12;2.765936263
1656;3457;48;33;50;4.805361725
1657;3458;68;3;21;5.860743522
1658;3459;62;49;9;2.92393122
1659;3460;47;28;25;4.207077668
1660;3461;49;57;31;3.73551414
1661;3462;37;4;57;6.065154128
1662;3463;71;73;55;4.577164786
1663;3464;70;-11;14;2.949722712
1664;3465;89;40;51;6.122892244
1665;3466;49;67;32;3.785797846
1666;3467;70;35;19;5.619571456
1667;3468;73;40;22;3.139856044
1668;3469;36;40;58;4.403082689
1669;3470;26;54;4;2.217318415
1670;3471;124;-18;61;6.983340359
1671;3472;15;51;20;5.011367806
1672;3473;80;42;22;4.499379544
1673;3474;84;46;29;6.09529392
1674;3475;150;54;64;14.8465526
1675;3476;64;29;47;1.745729972
1676;3477;65;59;35;3.419265893
1677;3478;107;116;66;8.962758506
1678;3479;56;57;31;2.02651764
1679;3480;28;64;43;3.536819519
1680;3481;73;64;55;0.024568186
1681;3482;64;67;35;0.434212373
1682;3483;132;6;61;7.141965899
1683;3484;68;100;23;2.634152732
1684;3485;43;28;34;3.182566449
1685;3486;30;42;8;2.507277258
1686;3487;33;63;37;1.87525872
1687;3488;40;31;46;4.369208933
1688;3489;19;52;20;4.950282046
1689;3490;26;32;41;2.0714553
1690;3491;114;-20;61;12.0525858
1691;3492;13;-25;62;6.302524918
1692;3493;75;29;47;6.276341612
1693;3494;73;54;36;1.889871688
1694;3495;32;93;16;3.186022636
1695;3496;60;43;19;1.699434736
1696;3497;126;-10;61;2.958346199
1697;3498;79;31;22;8.050153504
1698;3499;34;56;59;5.211821356
1699;3500;69;56;36;3.763018528
1700;3501;31;1;45;6.434066861
1701;3502;52;35;18;3.329541886
1702;3503;40;10;46;7.477595573
1703;3504;93;48;51;6.387113764
1704;3505;63;77;52;1.900835772
1705;3506;21;9;45;2.416990121
1706;3507;13;-37;62;7.405852198
1707;3508;96;44;51;3.776034604
1708;3509;44;7;57;7.058182808
1709;3510;34;26;48;1.683807618
1710;3511;91;61;27;3.760082658
1711;3512;63;49;5;1.433679544
1712;3513;66;82;52;4.700662632
1713;3514;31;32;41;3.42874848
1714;3515;71;54;36;2.115609988
1715;3516;-21;116;20;14.01609335
1716;3517;71;12;40;5.881541608
1717;3518;45;83;38;1.28327436
1718;3519;112;66;13;5.606568818
1719;3520;109;82;66;4.254605606
1720;3521;19;84;56;2.188923726
1721;3522;82;57;36;5.200832968
1722;3523;82;42;22;5.367747064
1723;3524;70;2;21;6.062649162
1724;3525;76;66;55;4.627491946
1725;3526;87;33;51;9.910414264
1726;3527;18;82;6;3.820751224
1727;3528;14;30;24;3.404210549
1728;3529;9;58;20;3.582710146
1729;3530;72;57;36;2.961234328
1730;3531;25;41;8;0.010671738
1731;3532;96;20;51;10.44810312
1732;3533;74;20;40;5.711649868
1733;3534;71;3;21;4.634644422
1734;3535;4;46;20;6.262762546
1735;3536;44;43;50;4.013363345
1736;3537;77;86;38;10.3806039
1737;3538;79;67;33;5.447821294
1738;3539;86;30;40;9.610827268
1739;3540;68;38;12;4.674281683
1740;3541;76;61;36;2.964540508
1741;3542;75;46;29;2.5506051
1742;3543;42;70;32;1.280332486
1743;3544;79;59;36;3.442039828
1744;3545;70;58;55;3.741433666
1745;3546;14;24;17;4.347436373
1746;3547;10;24;17;6.030483833
1747;3548;27;74;53;4.102942842
1748;3549;35;83;6;5.110099624
1749;3550;49;76;7;2.128274952
1750;3551;44;39;50;3.766827425
1751;3552;159;55;64;16.5419276
1752;3553;70;7;21;4.592990982
1753;3554;70;16;40;3.749890168
1754;3555;67;18;40;2.717536108
1755;3556;46;71;32;1.212406426
1756;3557;23;-25;62;4.711171198
1757;3558;59;17;40;3.352404508
1758;3559;35;90;16;4.901718376
1759;3560;27;72;43;4.255639379
1760;3561;82;43;22;4.972516264
1761;3562;81;38;22;6.486731104
1762;3563;79;20;21;5.665495842
1763;3564;73;48;36;4.987825108
1764;3565;73;-15;14;0.023862732
1765;3566;90;9;40;15.16390317
1766;3567;17;20;45;4.478159621
1767;3568;18;74;6;1.333566244
1768;3569;93;74;0;0.861891599
1769;3570;96;54;51;8.533030084
1770;3571;37;70;53;2.673341622
1771;3572;134;54;64;11.00823032
1772;3573;99;84;66;6.426889886
1773;3574;13;-26;62;6.927286078
1774;3575;7;58;20;4.426373746
1775;3576;25;58;4;4.042111435
1776;3577;103;46;51;4.251889384
1777;3578;93;36;51;4.175842204
1778;3579;81;24;40;7.527178408
1779;3580;70;81;52;6.464369532
1780;3581;84;57;36;4.689635908
1781;3582;31;17;48;3.130906818
1782;3583;43;38;58;4.263809009
1783;3584;61;31;47;1.065526952
1784;3585;79;21;21;6.071403522
1785;3586;116;-19;63;6.725719616
1786;3587;32;57;59;5.622341596
1787;3588;93;23;51;10.40959428
1788;3589;73;69;33;3.549731014
1789;3590;38;21;46;2.122821353
1790;3591;89;41;51;5.120305204
1791;3592;9;73;20;5.063753626
1792;3593;42;17;34;3.413751069
1793;3594;95;24;51;9.793025464
1794;3595;61;32;47;1.483509272
1795;3596;9;50;20;3.635115166
1796;3597;52;69;3;3.9829971
1797;3598;50;20;34;3.823544229
1798;3599;78;35;22;6.402378604
1799;3600;69;21;40;5.082411148
1800;3601;69;33;47;5.175766532
1801;3602;54;73;3;3.11979996
1802;3603;78;60;36;4.278618688
1803;3604;57;73;3;4.38801066
1804;3605;95;83;0;6.035684699
1805;3606;70;57;36;3.811360408
1806;3607;83;38;22;8.079504544
1807;3608;83;29;40;10.54115373
1808;3609;134;6;61;7.981299479
1809;3610;88;36;51;7.899722044
1810;3611;8;42;20;5.614325326
1811;3612;52;37;18;4.135749466
1812;3613;5;76;20;4.411415626
1813;3614;48;-2;25;9.666708848
1814;3615;85;65;0;7.026540059
1815;3616;19;89;56;0.116121066
1816;3617;128;41;64;3.875473762
1817;3618;47;66;39;2.766152193
1818;3619;88;35;51;7.476890584
1819;3620;85;52;29;6.4587882
1820;3621;27;15;42;3.014804117
1821;3622;16;82;6;4.632425524
1822;3623;47;-2;25;10.09183495
1823;3624;76;54;36;0.040636768
1824;3625;37;22;48;1.288367958
1825;3626;56;52;9;3.99375258
1826;3627;37;82;38;3.8625882
1827;3628;57;80;52;2.561685612
1828;3629;31;21;48;1.415425098
1829;3630;34;97;16;1.764521776
1830;3631;51;28;25;5.872263248
1831;3632;31;96;16;0.930240856
1832;3633;130;33;65;6.084140927
1833;3634;44;19;25;2.271148148
1834;3635;12;40;20;4.286862526
1835;3636;35;95;16;2.780016556
1836;3637;19;67;20;6.135526126
1837;3638;36;56;59;4.396940836
1838;3639;70;26;47;5.491362272
1839;3640;108;62;13;4.986828038
1840;3641;28;37;41;3.41961312
1841;3642;79;18;21;5.084487282
1842;3643;129;49;64;6.883571242
1843;3644;116;84;66;5.967409226
1844;3645;73;-21;14;2.505174912
1845;3646;75;51;29;3.8776362
1846;3647;21;-3;45;2.779657061
1847;3648;13;71;6;3.766827424
1848;3649;72;40;22;2.119240024
1849;3650;55;23;25;4.637764808
1850;3651;59;76;52;4.544606892
1851;3652;73;3;21;4.995087402
1852;3653;23;15;42;1.281245777
1853;3654;46;65;39;2.177578953
1854;3655;102;17;51;14.8895943
1855;3656;66;13;40;3.285009628
1856;3657;89;42;51;5.496796624
1857;3658;68;93;23;5.578842152
1858;3659;21;65;43;4.632413159
1859;3660;13;58;20;4.601759866
1860;3661;83;56;36;4.350896368
1861;3662;56;98;49;2.592695903
1862;3663;25;33;17;3.521227673
1863;3664;95;60;27;0.063044598
1864;3665;29;18;57;3.764974508
1865;3666;62;12;40;4.217659228
1866;3667;52;34;18;4.350314386
1867;3668;71;53;36;2.285222488
1868;3669;80;44;22;3.686580484
1869;3670;21;41;8;1.697499918
1870;3671;107;46;51;5.914544344
1871;3672;64;44;5;2.437279564
1872;3673;80;54;36;3.917188168
1873;3674;109;44;26;0.111313954
1874;3675;22;15;42;0.015092117
1875;3676;34;51;59;6.262519456
1876;3677;76;27;47;7.299189932
1877;3678;49;17;25;2.487877328
1878;3679;69;37;22;4.580234344
1879;3680;63;58;31;2.51601216
1880;3681;76;42;29;3.7602705
1881;3682;75;22;21;5.950017102
1882;3683;4;69;20;4.658907706
1883;3684;25;52;4;3.821971855
1884;3685;90;63;27;3.943197978
1885;3686;106;50;26;6.938973754
1886;3687;143;1;61;11.19621318
1887;3688;52;75;7;3.780898212
1888;3689;41;56;39;3.771322653
1889;3690;51;60;31;4.27268616
1890;3691;27;63;43;2.945747939
1891;3692;23;-3;45;3.615637601
1892;3693;108;76;13;4.174928918
1893;3694;126;41;64;4.699170982
1894;3695;51;84;7;3.017165532
1895;3696;99;73;0;2.758472639
1896;3697;31;16;48;3.547367778
1897;3698;-21;112;20;15.65199605
1898;3699;52;43;50;1.489361645
1899;3700;59;78;52;0.037730292
1900;3701;19;79;56;4.249946826
1901;3702;24;32;41;3.4812813
1902;3703;93;52;51;7.253051764
1903;3704;21;82;6;5.101133404
1904;3705;52;52;9;6.4161774
1905;3706;52;44;50;1.289311565
1906;3707;125;-10;61;3.375657239
1907;3708;95;28;51;8.368113604
1908;3709;141;3;60;10.18545367
1909;3710;37;92;16;5.194074136
1910;3711;41;29;46;2.517055793
1911;3712;64;50;5;1.677995224
1912;3713;73;41;29;3.53532402
1913;3714;23;39;8;1.698061818
1914;3715;37;19;48;2.530571298
1915;3716;73;31;47;6.014297012
1916;3717;77;14;21;3.378162402
1917;3718;64;18;40;0.859813648
1918;3719;73;73;55;3.758500426
1919;3720;137;41;64;0.090678382
1920;3721;141;1;60;11.01414775
1921;3722;66;16;40;2.053561528
1922;3723;79;25;40;6.851181568
1923;3724;31;31;41;3.76213458
1924;3725;35;84;6;5.535741124
1925;3726;24;52;4;3.666685015
1926;3727;76;49;29;3.2021508
1927;3728;93;53;51;7.680017884
1928;3729;17;27;24;0.028833449
1929;3730;56;101;49;3.881624183
1930;3731;64;76;52;2.503024992
1931;3732;27;33;41;3.83821254
1932;3733;63;37;19;2.752398616
1933;3734;83;61;36;5.322786808
1934;3735;125;33;65;3.190080467
1935;3736;66;32;11;3.068139788
1936;3737;96;25;51;8.303547844
1937;3738;26;47;4;0.833272495
1938;3739;58;74;3;5.49175524
1939;3740;79;64;55;5.100392326
1940;3741;73;50;29;3.1579458
1941;3742;47;60;39;3.596222733
1942;3743;36;21;48;2.688092238
1943;3744;54;69;3;4.8106848
1944;3745;25;21;17;4.621268813
1945;3746;142;34;65;10.06219811
1946;3747;89;77;0;5.410651499
1947;3748;89;52;27;6.752075058
1948;3749;68;101;23;2.207360852
1949;3750;20;-33;62;4.978269058
1950;3751;103;48;26;4.238827354
1951;3752;5;58;20;5.230843486
1952;3753;22;33;17;4.775648153
1953;3754;71;47;29;1.04517828
1954;3755;38;45;58;1.694699009
1955;3756;109;83;66;3.850619846
1956;3757;69;8;21;3.994806882
1957;3758;45;17;25;2.152093448
1958;3759;69;27;40;5.075479228
1959;3760;69;46;22;1.681471744
1960;3761;45;80;38;0.0033747
1961;3762;95;26;51;8.964221824
1962;3763;77;17;21;4.427818542
1963;3764;30;20;48;2.024574318
1964;3765;39;81;38;3.43130934
1965;3766;76;50;36;4.249465648
1966;3767;84;43;51;10.88812068
1967;3768;99;35;51;4.570911184
1968;3769;42;11;57;4.736693048
1969;3770;41;24;46;0.417597953
1970;3771;49;37;50;4.125404405
1971;3772;88;19;21;8.981359962
1972;3773;83;57;36;4.525701028
1973;3774;40;21;34;3.133126869
1974;3775;64;30;47;1.896339452
1975;3776;139;1;60;11.88432421
1976;3777;66;5;30;6.002041711
1977;3778;9;43;20;6.008920426
1978;3779;33;74;53;1.263758382
1979;3780;34;14;57;0.030559208
1980;3781;33;37;41;4.4552592
1981;3782;58;44;12;2.145557803
1982;3783;32;31;48;4.154070198
1983;3784;60;82;52;2.150672712
1984;3785;110;64;13;5.917782638
1985;3786;25;1;45;3.932545241
1986;3787;49;19;25;2.122008968
1987;3788;87;77;0;4.572861719
1988;3789;69;52;36;3.764988328
1989;3790;90;67;0;3.322768079
1990;3791;21;34;8;4.503914838
1991;3792;49;58;31;3.66773334
1992;3793;68;37;19;4.781975416
1993;3794;5;57;20;5.428696006
1994;3795;40;25;46;2.683464173
1995;3796;57;75;3;4.61760318
1996;3797;103;43;51;2.999766244
1997;3798;68;49;29;2.32439376
1998;3799;51;69;32;3.749657506
1999;3800;38;41;58;3.417617909
2000;3801;116;77;66;8.963846606
2001;3802;36;98;16;2.194618696
2002;3803;95;47;51;3.729964144
2003;3804;107;115;66;9.386191766
2004;3805;38;81;38;3.2642385
2005;3806;85;57;36;6.433093648
2006;3807;117;-18;63;6.125133896
2007;3808;44;87;38;3.96231942
2008;3809;67;63;35;2.541391793
2009;3810;54;42;50;3.006651365
2010;3811;4;55;20;4.979350546
2011;3812;81;49;29;3.54106722
2012;3813;46;48;1;0.435487264
2013;3814;117;87;66;4.584117386
2014;3815;133;52;64;9.802290562
2015;3816;6;-26;62;9.904637158
2016;3817;129;46;64;6.993330082
2017;3818;69;18;40;4.674523588
2018;3819;71;81;52;6.877030332
2019;3820;33;60;37;3.10771488
2020;3821;48;19;25;0.628797068
2021;3822;37;41;58;3.829437329
2022;3823;86;35;36;9.511785448
2023;3824;61;47;5;2.257883524
2024;3825;72;58;55;2.938177066
2025;3826;47;56;39;5.179219593
2026;3827;13;82;6;5.413872964
2027;3828;105;48;26;5.097314374
2028;3829;7;57;20;4.592018566
2029;3830;14;36;20;6.817033606
2030;3831;69;31;47;4.316271332
2031;3832;87;29;51;10.49222424
2032;3833;14;44;20;4.784099446
2033;3834;73;29;47;5.490801632
2034;3835;62;60;31;3.55794072
2035;3836;46;86;38;2.70208074
2036;3837;17;21;45;4.061794001
2037;3838;104;56;27;5.221784778
2038;3839;65;42;5;2.697997384
2039;3840;26;80;6;3.440515924
2040;3841;5;30;10;3.864458652
2041;3842;45;43;50;3.597256865
2042;3843;110;62;13;5.815186898
2043;3844;67;22;40;2.154403408
2044;3845;64;39;19;1.774284436
2045;3846;26;97;16;4.879025416
2046;3847;44;23;34;0.025700949
2047;3848;75;56;36;1.293067048
2048;3849;118;-10;61;6.357316559
2049;3850;32;102;16;7.020466876
2050;3851;62;59;31;2.53505922
2051;3852;58;65;31;4.54245882
2052;3853;60;59;31;2.2867704
2053;3854;126;-3;61;0.067493999
2054;3855;77;49;29;2.99947212
2055;3856;46;83;38;1.45094136
2056;3857;16;-28;62;7.306985818
2057;3858;31;15;48;3.963150138
2058;3859;24;34;41;3.71482392
2059;3860;123;35;65;3.492105647
2060;3861;77;19;21;4.407621642
2061;3862;62;78;52;1.301790372
2062;3863;82;46;29;5.26069686
2063;3864;20;37;8;3.795916758
2064;3865;106;66;13;5.633010518
2065;3866;86;52;29;6.90765954
2066;3867;59;13;40;5.005584688
2067;3868;15;34;24;3.536053109
2068;3869;44;14;25;3.837604028
2069;3870;81;55;36;3.929957188
2070;3871;15;38;20;4.964367826
2071;3872;57;92;38;8.22389028
2072;3873;18;46;8;5.782394898
2073;3874;50;33;18;4.503053686
2074;3875;75;21;21;5.472251142
2075;3876;13;89;56;2.549821446
2076;3877;11;68;6;5.860263004
2077;3878;12;50;20;4.759805446
2078;3879;90;32;51;9.057017524
2079;3880;61;81;52;2.733707952
2080;3881;113;75;13;6.011596658
2081;3882;63;101;23;0.105104432
2082;3883;30;33;41;3.40996386
2083;3884;81;57;36;3.087685468
2084;3885;119;35;65;2.328303887
2085;3886;36;44;2;3.776894534
2086;3887;79;27;21;8.601993402
2087;3888;14;-7;62;4.707550438
2088;3889;105;51;26;6.347251894
2089;3890;103;87;66;4.745323226
2090;3891;37;50;59;1.747494376
2091;3892;36;82;6;5.694915664
2092;3893;26;44;4;2.144994535
2093;3894;54;20;25;3.549302348
2094;3895;40;73;53;3.695384682
2095;3896;91;45;51;5.331438664
2096;3897;11;42;20;4.373859886
2097;3898;59;56;9;2.089164
2098;3899;110;-16;63;10.75724094
2099;3900;65;87;52;6.304628232
2100;3901;51;63;39;4.566772593
2101;3902;91;75;0;2.112195539
2102;3903;36;15;48;6.027652218
2103;3904;35;94;16;3.201253276
2104;3905;28;73;53;4.368639702
2105;3906;76;34;22;5.767794304
2106;3907;68;8;21;3.815878182
2107;3908;126;4;61;6.727024259
2108;3909;77;45;29;3.78124554
2109;3910;21;26;17;0.625653893
2110;3911;54;70;3;4.36736412
2111;3912;82;21;21;7.328482422
2112;3913;64;89;52;6.532313472
2113;3914;14;18;45;6.596724941
2114;3915;49;90;7;4.610595912
2115;3916;124;-10;61;4.383996779
2116;3917;23;18;42;3.949791917
2117;3918;16;73;6;3.173038144
2118;3919;80;36;22;6.832606444
2119;3920;54;1;25;10.84633591
2120;3921;71;57;36;3.984082108
2121;3922;7;87;20;8.039786686
2122;3923;71;20;40;5.218235848
2123;3924;91;35;51;7.609260364
2124;3925;58;51;9;0.44008854
2125;3926;52;78;7;2.553946272
2126;3927;72;65;33;1.687826854
2127;3928;19;72;6;2.355690544
2128;3929;5;68;20;5.492889046
2129;3930;21;21;17;2.736983093
2130;3931;75;7;21;3.341734482
2131;3932;72;22;40;4.267210828
2132;3933;108;73;13;4.574237198
2133;3934;71;24;40;4.695420088
2134;3935;75;23;21;6.363600702
2135;3936;93;26;51;9.807255724
2136;3937;77;3;21;6.051517962
2137;3938;51;40;50;2.561681225
2138;3939;58;75;3;5.06510952
2139;3940;14;27;24;2.156433749
2140;3941;80;68;33;6.039081454
2141;3942;25;45;8;1.781457798
2142;3943;120;32;65;0.066559487
2143;3944;39;96;16;4.067021896
2144;3945;29;14;57;2.139009188
2145;3946;21;77;6;3.217793284
2146;3947;47;84;7;2.082106932
2147;3948;23;27;17;0.439807313
2148;3949;75;48;29;1.71137982
2149;3950;68;92;23;5.989065572
2150;3951;59;20;40;2.128604188
2151;3952;89;61;27;3.792974718
2152;3953;103;81;66;6.100170746
2153;3954;66;-8;30;0.539248531
2154;3955;39;23;46;1.453888493
2155;3956;77;48;29;2.5622967
2156;3957;60;41;19;0.877937356
2157;3958;14;50;20;5.603578846
2158;3959;105;55;27;5.827050198
2159;3960;33;45;4;4.610219815
2160;3961;85;36;36;8.732510728
2161;3962;50;13;25;3.744967088
2162;3963;80;73;55;6.721873606
2163;3964;6;27;24;4.659444029
2164;3965;67;8;21;4.812018522
2165;3966;99;42;51;0.013914244
2166;3967;2;81;20;4.308549466
2167;3968;54;24;25;4.364409068
2168;3969;75;64;55;4.275960286
2169;3970;78;84;38;9.98227716
2170;3971;52;20;25;4.401915128
2171;3972;73;38;22;3.947251384
2172;3973;99;30;51;7.656563404
2173;3974;42;31;34;4.789298109
2174;3975;97;45;51;2.912952304
2175;3976;48;43;50;2.331049145
2176;3977;96;36;51;3.760910404
2177;3978;4;48;20;5.387645446
2178;3979;33;70;43;2.532933479
2179;3980;15;76;6;0.891756844
2180;3981;70;51;29;3.36196992
2181;3982;59;67;35;2.545747373
2182;3983;88;67;0;4.158944159
2183;3984;64;66;35;1.452117533
2184;3985;62;75;52;2.553064692
2185;3986;93;43;51;4.322240224
2186;3987;66;8;21;5.261861442
2187;3988;54;54;9;5.82893472
2188;3989;121;-25;61;11.24733726
2189;3990;56;80;52;2.143832532
2190;3991;76;68;33;5.217340954
2191;3992;68;7;21;4.243396542
2192;3993;72;20;40;5.098569028
2193;3994;90;34;51;8.221491424
2194;3995;42;68;39;1.706125053
2195;3996;18;70;20;2.723806486
2196;3997;141;34;65;10.48556663
2197;3998;114;-11;61;9.972894119
2198;3999;34;85;6;6.111777244
2199;4000;75;8;21;3.130749822
2200;4001;89;11;21;12.5462815
2201;4002;27;65;43;3.807635519
2202;4003;63;62;35;2.910039533
2203;4004;70;-9;14;3.799175352
2204;4005;73;67;33;2.912658394
2205;4006;39;37;58;4.649119589
2206;4007;42;47;58;1.435752689
2207;4008;91;62;27;3.346924038
2208;4009;49;44;50;0.033407825
2209;4010;31;30;48;3.891631338
2210;4011;115;83;66;5.391465026
2211;4012;112;44;26;1.384459714
2212;4013;78;15;21;3.386387562
2213;4014;54;66;35;5.536545053
2214;4015;49;70;32;2.557412326
2215;4016;48;80;7;0.037730292
2216;4017;16;32;24;3.120850589
2217;4018;24;45;8;2.201287398
2218;4019;37;31;46;5.649277853
2219;4020;59;69;35;3.361730873
2220;4021;75;61;33;4.071054094
2221;4022;96;46;51;2.927177104
2222;4023;84;24;40;8.743391548
2223;4024;28;48;4;1.859602675
2224;4025;43;66;39;3.355781373
2225;4026;58;9;40;7.085670208
2226;4027;24;27;17;0.864991013
2227;4028;43;42;58;2.653821029
2228;4029;27;66;43;1.702425899
2229;4030;87;34;51;10.3403808
2230;4031;49;42;50;0.868296605
2231;4032;99;57;51;6.226370284
2232;4033;36;60;39;4.777837173
2233;4034;5;66;20;6.328612966
2234;4035;83;32;22;9.750891604
2235;4036;52;77;3;3.97626318
2236;4037;63;16;40;6.762867208
2237;4038;85;60;36;6.861143188
2238;4039;44;65;39;2.767208313
2239;4040;81;23;21;7.713551322
2240;4041;36;69;53;1.882984182
2241;4042;41;69;39;2.289357213
2242;4043;79;22;21;6.482194662
2243;4044;115;61;13;8.304600938
2244;4045;17;76;6;0.045401944
2245;4046;74;37;22;4.190803024
2246;4047;35;28;48;3.560303238
2247;4048;45;70;32;0.863748226
2248;4049;87;38;51;7.813793104
2249;4050;74;8;21;2.745614922
2250;4051;47;33;50;5.233743785
2251;4052;1;50;20;5.797230526
2252;4053;93;31;51;6.199701784
2253;4054;24;21;17;3.386289713
2254;4055;5;50;20;4.135204786
2255;4056;39;42;58;3.146536529
2256;4057;52;84;7;3.331160112
2257;4058;97;87;66;7.221783026
2258;4059;29;42;8;2.096182698
2259;4060;48;82;38;2.13518376
2260;4061;51;79;3;1.27489614
2261;4062;35;96;16;2.363136976
2262;4063;57;45;12;2.985861943
2263;4064;126;52;64;12.6995219
2264;4065;153;-8;60;4.318982707
2265;4066;24;50;4;4.509237295
2266;4067;33;14;57;0.441137648
2267;4068;36;46;59;3.643115716
2268;4069;-21;114;20;14.80753655
2269;4070;13;85;56;4.190865426
2270;4071;103;57;27;4.634948298
2271;4072;31;50;59;4.592509096
2272;4073;33;3;45;6.462387941
2273;4074;4;58;20;5.662727146
2274;4075;112;-18;63;3.950968496
2275;4076;35;39;58;4.986110609
2276;4077;11;45;20;3.093891946
2277;4078;30;71;43;2.301752459
2278;4079;14;21;45;5.349695861
2279;4080;27;35;41;3.00059922
2280;4081;109;71;13;5.799081158
2281;4082;74;35;22;5.024692924
2282;4083;36;91;16;4.824289876
2283;4084;73;43;29;2.08814262
2284;4085;60;29;47;0.035873552
2285;4086;51;35;18;3.753502006
2286;4087;88;57;27;4.224184218
2287;4088;18;75;6;0.905991244
2288;4089;91;31;51;7.015370164
2289;4090;34;29;48;3.323944998
2290;4091;67;64;35;2.090950433
2291;4092;61;88;52;5.089349172
2292;4093;102;62;27;3.805989858
2293;4094;33;21;48;0.587236218
2294;4095;45;91;38;5.23179582
2295;4096;12;-25;62;6.718636918
2296;4097;13;31;24;3.431104049
2297;4098;65;18;40;1.859076808
2298;4099;37;87;38;5.93389344
2299;4100;54;84;7;4.265685312
2300;4101;103;95;66;4.299008366
2301;4102;41;27;46;3.346640393
2302;4103;42;12;57;4.325256968
2303;4104;46;25;34;3.356373309
2304;4105;45;48;1;0.013914244
2305;4106;45;77;38;3.78601848
2306;4107;7;50;20;4.137564766
2307;4108;88;62;27;3.788790558
2308;4109;90;16;40;14.78084955
2309;4110;60;14;40;4.841643508
2310;4111;39;41;58;2.974598189
2311;4112;23;66;43;3.393233219
2312;4113;-4;73;20;6.261734686
2313;4114;45;41;50;2.748642065
2314;4115;78;22;21;5.835262662
2315;4116;48;65;39;3.362709453
2316;4117;48;62;39;3.173407173
2317;4118;105;107;66;9.847462406
2318;4119;14;45;20;4.363788706
2319;4120;56;33;18;4.982448946
2320;4121;80;57;36;2.674070368
2321;4122;47;32;50;5.402779205
2322;4123;42;35;46;5.211742553
2323;4124;95;33;51;5.419494664
2324;4125;69;58;55;4.338310726
2325;4126;37;55;59;2.168691316
2326;4127;34;94;16;3.002485876
2327;4128;37;11;57;3.137784308
2328;4129;-16;113;20;13.19559131
2329;4130;76;55;36;0.468903028
2330;4131;-1;27;10;1.783358412
2331;4132;70;15;40;4.176599248
2332;4133;68;48;29;2.07479874
2333;4134;76;45;29;3.15198474
2334;4135;29;9;48;9.657738378
2335;4136;46;35;18;5.808343786
2336;4137;27;28;17;2.316054473
2337;4138;49;85;7;2.261117052
2338;4139;30;17;48;3.319277118
2339;4140;69;24;40;3.828393808
2340;4141;20;59;20;4.938239446
2341;4142;28;53;4;4.780203115
2342;4143;-4;33;10;4.745874432
2343;4144;123;-25;61;12.09915174
2344;4145;83;33;22;9.578230324
2345;4146;132;12;61;8.135544359
2346;4147;80;7;21;8.221382622
2347;4148;31;51;59;5.001333676
2348;4149;105;52;51;6.631553344
2349;4150;45;18;25;1.729051208
2350;4151;19;87;56;0.958358406
2351;4152;9;51;20;3.159892006
2352;4153;24;73;6;4.045145764
2353;4154;41;32;46;3.771659213
2354;4155;120;31;65;0.495369887
2355;4156;63;56;31;3.67930872
2356;4157;41;39;50;5.012114525
2357;4158;32;30;48;3.712521018
2358;4159;35;103;16;3.787008316
2359;4160;48;3;25;11.69622883
2360;4161;145;-6;60;1.791763447
2361;4162;41;101;16;5.330931556
2362;4163;130;31;65;6.908980307
2363;4164;48;31;25;5.014372388
2364;4165;66;29;47;2.513911112
2365;4166;44;80;32;3.783105226
2366;4167;120;-10;61;5.527889879
2367;4168;42;64;39;0.049136373
2368;4169;95;42;51;1.706525764
2369;4170;120;83;66;7.475615906
2370;4171;119;31;65;0.659066327
2371;4172;68;39;19;3.448380736
2372;4173;84;20;21;7.482087642
2373;4174;81;21;21;6.895902462
2374;4175;35;33;41;4.72763976
2375;4176;67;58;55;5.003869606
2376;4177;94;73;0;0.640581119
2377;4178;29;59;4;6.792657955
2378;4179;21;48;20;7.440947266
2379;4180;73;-13;14;0.871015152
2380;4181;41;95;16;5.093898016
2381;4182;86;76;0;4.345407539
2382;4183;44;71;32;0.024568186
2383;4184;40;83;38;3.94998114
2384;4185;42;59;39;2.089386513
2385;4186;53;41;50;2.714543105
2386;4187;25;54;4;2.647437955
2387;4188;40;27;46;3.323548493
2388;4189;106;83;66;5.074649366
2389;4190;69;47;29;2.10006852
2390;4191;31;92;16;2.606382256
2391;4192;31;29;48;3.731176998
2392;4193;68;24;40;3.416680048
2393;4194;70;18;40;3.928156408
2394;4195;6;58;20;4.816242946
2395;4196;75;28;47;6.465772532
2396;4197;85;25;40;9.324704728
2397;4198;17;77;6;1.062749224
2398;4199;46;63;39;2.166311013
2399;4200;45;16;25;2.588446808
2400;4201;73;53;36;2.297132128
2401;4202;138;-2;61;10.32286758
2402;4203;137;1;60;12.70876105
2403;4204;9;32;24;6.072445529
2404;4205;117;-15;63;7.347179636
2405;4206;96;32;51;5.477932144
2406;4207;24;71;20;4.762194766
2407;4208;43;18;34;2.558273169
2408;4209;128;67;64;13.91449022
2409;4210;89;38;51;6.975047044
2410;4211;69;15;40;3.505240588
2411;4212;29;-3;45;5.652584861
2412;4213;74;3;21;4.823573202
2413;4214;15;48;20;6.276416386
2414;4215;63;79;52;1.904431272
2415;4216;98;31;51;7.053086164
2416;4217;153;46;64;12.8077097
2417;4218;99;43;51;1.259184964
2418;4219;44;74;32;1.257183106
2419;4220;38;56;59;4.149596896
2420;4221;66;74;35;3.299244173
2421;4222;54;85;7;4.675407132
2422;4223;61;41;19;2.131662796
2423;4224;93;9;40;16.39592781
2424;4225;91;46;51;5.790944884
2425;4226;61;101;23;0.934102172
2426;4227;69;73;35;4.208754833
2427;4228;45;66;39;2.760866313
2428;4229;88;75;0;7.169744579
2429;4230;54;49;9;2.937525
2430;4231;59;-3;30;5.622985291
2431;4232;70;48;29;1.2619212
2432;4233;83;37;22;7.889038924
2433;4234;123;33;65;4.003987787
2434;4235;66;44;5;1.695199024
2435;4236;65;58;31;3.72512838
2436;4237;17;41;8;3.381275778
2437;4238;26;35;41;3.39628662
2438;4239;50;16;25;2.950076048
2439;4240;93;68;0;1.712999339
2440;4241;31;27;48;3.325119678
2441;4242;77;57;36;1.445598868
2442;4243;89;63;27;4.359114378
2443;4244;37;64;37;0.0033747
2444;4245;75;44;22;1.625617744
2445;4246;30;52;4;4.938451675
2446;4247;59;1;30;7.341355111
2447;4248;34;65;37;1.6965777
2448;4249;41;75;53;7.068819942
2449;4250;27;83;6;5.707383784
2450;4251;45;13;25;3.838082648
2451;4252;27;41;8;0.829945158
2452;4253;3;40;28;2.276980384
2453;4254;58;45;12;2.570201383
2454;4255;41;26;46;3.580626053
2455;4256;21;66;43;4.218368939
2456;4257;62;94;52;8.049458592
2457;4258;50;14;25;3.808539428
2458;4259;73;-22;14;2.923119672
2459;4260;48;2;25;11.38180669
2460;4261;98;61;51;11.45919426
2461;4262;74;40;22;2.957358244
2462;4263;56;67;35;3.789526313
2463;4264;48;39;50;2.327963225
2464;4265;147;-8;60;1.782221767
2465;4266;46;66;39;2.589513633
2466;4267;94;46;51;4.550555044
2467;4268;65;-8;30;0.124498531
2468;4269;64;75;52;3.389972232
2469;4270;39;35;58;5.487572429
2470;4271;20;18;42;2.721483197
2471;4272;100;33;51;7.515020104
2472;4273;73;-3;14;5.091712932
2473;4274;49;24;25;2.539282148
2474;4275;102;74;0;4.480143119
2475;4276;40;90;38;6.30886434
2476;4277;31;55;4;6.450526495
2477;4278;32;84;6;4.829457184
2478;4279;87;32;51;10.33995204
2479;4280;-1;28;10;1.372496472
2480;4281;64;12;40;3.398477548
2481;4282;1;46;20;7.482470806
2482;4283;71;13;40;6.297636388
2483;4284;19;30;17;3.400797473
2484;4285;37;100;16;3.219244036
2485;4286;18;-39;62;6.046824298
2486;4287;52;27;25;6.465346388
2487;4288;12;-26;62;7.139885938
2488;4289;62;9;40;5.459531728
2489;4290;27;71;43;4.668277379
2490;4291;79;68;33;5.858351734
2491;4292;63;84;52;4.052386752
2492;4293;86;56;29;8.54451414
2493;4294;53;14;25;5.048933588
2494;4295;101;10;21;17.96672116
2495;4296;6;-32;62;12.46893276
2496;4297;133;30;65;6.293675447
2497;4298;151;59;64;16.52278526
2498;4299;36;35;58;6.488760509
2499;4300;35;32;41;4.9179702
2500;4301;48;75;7;2.115444792
2501;4302;79;66;33;5.876692114
2502;4303;47;97;49;4.880665463
2503;4304;52;9;25;6.158124488
2504;4305;69;59;55;3.857586226
2505;4306;73;26;40;5.874226228
2506;4307;36;92;16;4.462912396
2507;4308;5;71;20;4.863470446
2508;4309;45;68;32;2.271997606
2509;4310;99;45;51;2.094137584
2510;4311;15;85;56;5.044554546
2511;4312;138;6;61;9.632126699
2512;4313;20;71;20;3.141917146
2513;4314;79;10;21;8.202264282
2514;4315;26;60;4;4.717247455
2515;4316;32;34;41;3.63129714
2516;4317;100;52;51;4.532401084
2517;4318;34;64;37;1.26916176
2518;4319;61;82;52;2.579352792
2519;4320;78;53;29;4.83751014
2520;4321;65;14;40;2.722609948
2521;4322;33;42;8;3.769755858
2522;4323;5;74;20;3.563692246
2523;4324;45;63;39;2.366335353
2524;4325;22;31;17;1.706764133
2525;4326;77;35;22;6.026764324
2526;4327;26;56;4;3.027735415
2527;4328;21;64;43;5.037242819
2528;4329;64;36;19;2.917544956
2529;4330;25;26;17;2.527922753
2530;4331;51;59;31;3.86344344
2531;4332;78;33;22;6.797923864
2532;4333;33;73;53;0.846272982
2533;4334;90;58;27;6.821613738
2534;4335;19;48;20;6.603311566
2535;4336;89;47;51;6.228274084
2536;4337;101;107;66;11.53362693
2537;4338;34;73;53;1.259431662
2538;4339;100;60;27;2.121109098
2539;4340;9;87;20;8.842720426
2540;4341;90;53;27;6.748255818
2541;4342;23;41;8;0.850551018
2542;4343;109;-19;63;4.181787116
2543;4344;72;59;55;3.111660766
2544;4345;65;92;23;7.261748252
2545;4346;101;51;51;5.118645424
2546;4347;93;79;0;2.938966319
2547;4348;20;40;8;3.121363338
2548;4349;80;13;21;7.387929042
2549;4350;61;85;52;3.842910972
2550;4351;111;-22;63;2.110917296
2551;4352;117;-19;63;7.164161696
2552;4353;120;36;65;1.730607467
2553;4354;43;57;39;3.101150073
2554;4355;41;54;59;3.413149276
2555;4356;55;48;9;3.53440284
2556;4357;16;44;20;5.102663146
2557;4358;99;46;51;4.154362684
2558;4359;31;66;43;0.043871099
2559;4360;88;26;40;10.74900567
2560;4361;11;85;56;6.777960966
2561;4362;57;66;35;4.294679693
2562;4363;9;46;20;5.218548526
2563;4364;100;90;66;3.550369226
2564;4365;34;36;41;3.8464386
2565;4366;22;26;17;0.436302893
2566;4367;90;46;51;5.975274424
2567;4368;15;67;20;4.736656906
2568;4369;92;64;27;5.183249658
2569;4370;84;19;21;7.318518942
2570;4371;61;44;12;1.729047643
2571;4372;15;52;20;4.590401206
2572;4373;53;21;25;2.950498148
2573;4374;97;88;66;7.639436006
2574;4375;82;32;22;9.324169684
2575;4376;29;44;8;2.943272478
2576;4377;96;33;51;5.028284524
2577;4378;49;21;25;1.293086228
2578;4379;36;1;45;6.862090001
2579;4380;71;84;38;11.12532858
2580;4381;32;49;59;3.995696656
2581;4382;52;86;7;4.519484412
2582;4383;96;64;27;5.319979158
2583;4384;98;42;51;0.440706064
2584;4385;117;-16;63;7.772455376
2585;4386;34;63;37;2.30331786
2586;4387;52;73;3;2.2974786
2587;4388;19;37;8;4.224013878
2588;4389;43;44;58;1.721200169
2589;4390;80;26;40;13.59763923
2590;4391;107;84;66;5.724346466
2591;4392;97;32;51;6.451579744
2592;4393;43;9;57;6.098834348
2593;4394;29;74;53;2.926991442
2594;4395;42;53;59;3.994189216
2595;4396;89;18;21;9.579668322
2596;4397;61;91;52;6.336805212
2597;4398;62;50;5;2.526879184
2598;4399;137;0;60;13.13206825
2599;4400;71;75;55;5.409387346
2600;4401;41;13;57;4.259773328
2601;4402;69;89;52;8.578281132
2602;4403;81;48;29;3.37612932
2603;4404;42;25;34;2.305637109
2604;4405;26;45;4;1.650120235
2605;4406;127;67;64;14.33138444
2606;4407;44;97;49;3.549075443
2607;4408;26;21;17;4.154368313
2608;4409;53;46;9;4.5848805
2609;4410;5;31;10;4.289715312
2610;4411;107;79;66;5.780535626
2611;4412;82;23;21;8.175579522
2612;4413;15;68;20;4.810825186
2613;4414;24;43;8;3.042710538
2614;4415;27;32;41;2.2617777
2615;4416;25;19;42;4.399874777
2616;4417;59;25;40;4.182720448
2617;4418;115;86;66;4.135755206
2618;4419;73;-11;14;1.676878392
2619;4420;63;32;47;3.957654092
2620;4421;49;13;25;3.329141588
2621;4422;78;30;22;8.052945304
2622;4423;23;82;6;5.747478244
2623;4424;56;17;40;4.620941128
2624;4425;61;51;9;1.64615328
2625;4426;51;88;7;4.723183872
2626;4427;102;60;27;2.967732678
2627;4428;23;69;43;4.598385899
2628;4429;38;19;48;2.705563458
2629;4430;77;25;40;6.852459088
2630;4431;60;65;35;3.791958533
2631;4432;13;60;20;5.461925326
2632;4433;66;43;5;2.089809364
2633;4434;27;44;8;2.108481138
2634;4435;74;29;47;5.859705812
2635;4436;51;92;7;6.358284492
2636;4437;39;15;48;5.086311258
2637;4438;55;33;18;4.556637586
2638;4439;41;100;16;5.765536096
2639;4440;129;40;64;4.477580662
2640;4441;0;27;10;2.205727212
2641;4442;23;24;17;2.252646233
2642;4443;78;43;22;3.901806664
2643;4444;77;88;38;11.2262031
2644;4445;56;91;38;7.6240305
2645;4446;97;67;0;6.256578179
2646;4447;16;34;24;3.120998669
2647;4448;28;76;53;3.920427762
2648;4449;82;37;22;7.467237784
2649;4450;28;31;41;0.83009106
2650;4451;32;28;48;3.148909158
2651;4452;40;91;38;6.69788436
2652;4453;59;51;9;0.0101241
2653;4454;105;57;27;5.810089638
2654;4455;129;2;61;4.245786059
2655;4456;98;23;51;12.46931892
2656;4457;85;37;36;8.321286628
2657;4458;13;15;44;0.145151333
2658;4459;63;83;52;3.624921012
2659;4460;40;93;16;5.688742876
2660;4461;123;38;65;4.150009727
2661;4462;102;55;27;5.053113378
2662;4463;40;28;46;3.947532353
2663;4464;27;86;6;6.985577044
2664;4465;71;65;55;1.918405786
2665;4466;82;22;21;7.748254122
2666;4467;126;-14;61;4.665483539
2667;4468;40;96;16;4.495444936
2668;4469;26;23;17;3.286157753
2669;4470;129;-25;61;14.52845616
2670;4471;99;39;51;1.245670624
2671;4472;37;52;59;0.885300376
2672;4473;149;-10;60;1.755228787
2673;4474;33;68;43;1.704611759
2674;4475;107;70;13;1.279432358
2675;4476;27;24;17;3.348805493
2676;4477;47;87;38;3.55876062
2677;4478;29;65;43;4.113730979
2678;4479;56;56;31;2.4605487
2679;4480;106;97;66;4.391881286
2680;4481;62;62;35;3.337086893
2681;4482;38;55;59;2.316033436
2682;4483;117;-13;61;8.037264959
2683;4484;59;82;52;1.722718092
2684;4485;15;42;20;5.277005806
2685;4486;60;58;31;2.70139008
2686;4487;59;9;40;6.648531508
2687;4488;123;-13;61;8.018683799
2688;4489;36;75;38;5.77346718
2689;4490;5;36;10;6.321718452
2690;4491;125;29;65;3.268471247
2691;4492;71;2;21;6.484311162
2692;4493;53;40;50;3.135451685
2693;4494;62;66;35;1.702121273
2694;4495;70;44;22;0.438789604
2695;4496;17;78;6;1.482657064
2696;4497;92;24;51;11.00174754
2697;4498;133;29;65;6.708922307
2698;4499;77;13;21;6.121858182
2699;4500;59;65;35;3.378573113
2700;4501;80;70;33;7.452073774
2701;4502;89;91;0;9.190191359
2702;4503;19;39;8;3.359918538
2703;4504;23;-7;62;2.641276918
2704;4505;32;44;8;4.806984018
2705;4506;41;21;34;3.545945709
2706;4507;3;35;28;0.163246204
2707;4508;10;78;6;4.439748184
2708;4509;40;26;46;3.155425913
2709;4510;73;68;33;3.133280914
2710;4511;25;12;42;6.696280097
2711;4512;75;42;29;3.34850394
2712;4513;65;11;40;3.975897748
2713;4514;88;91;0;9.611662379
2714;4515;46;91;38;4.8117516
2715;4516;61;33;47;1.903618112
2716;4517;68;35;19;4.795360996
2717;4518;90;91;0;9.617310179
2718;4519;67;25;40;3.393248368
2719;4520;78;82;38;9.99389742
2720;4521;58;26;40;4.780933348
2721;4522;76;14;21;2.964464862
2722;4523;89;39;51;6.535617964
2723;4524;62;67;35;1.279960793
2724;4525;103;17;51;15.30573684
2725;4526;-16;117;20;11.50677089
2726;4527;97;85;66;8.059139906
